
shc.elf:     file format elf32-littlearm


Disassembly of section .text:

08000000 <vector_table>:
 8000000:	20002000 	andcs	r2, r0, r0
 8000004:	08000151 	stmdaeq	r0, {r0, r4, r6, r8}
 8000008:	080001c5 	stmdaeq	r0, {r0, r2, r6, r7, r8}
 800000c:	080001cb 	stmdaeq	r0, {r0, r1, r3, r6, r7, r8}
 8000010:	080001c5 	stmdaeq	r0, {r0, r2, r6, r7, r8}
 8000014:	080001c5 	stmdaeq	r0, {r0, r2, r6, r7, r8}
 8000018:	080001c5 	stmdaeq	r0, {r0, r2, r6, r7, r8}
	...
 800002c:	08000255 	stmdaeq	r0, {r0, r2, r4, r6, r9}
 8000030:	080001c5 	stmdaeq	r0, {r0, r2, r6, r7, r8}
 8000034:	00000000 	andeq	r0, r0, r0
 8000038:	08000221 	stmdaeq	r0, {r0, r5, r9}
 800003c:	08000209 	stmdaeq	r0, {r0, r3, r9}

08000040 <test_st>:
extern void start_routines();
extern void PendSv_handler(void);
extern uint32_t *get_stack_pointer(char *name);
extern thread_t *head;

void test_st(int i) { int x = i; }
 8000040:	b480      	push	{r7}
 8000042:	b085      	sub	sp, #20
 8000044:	af00      	add	r7, sp, #0
 8000046:	6078      	str	r0, [r7, #4]
 8000048:	687b      	ldr	r3, [r7, #4]
 800004a:	60fb      	str	r3, [r7, #12]
 800004c:	bf00      	nop
 800004e:	3714      	adds	r7, #20
 8000050:	46bd      	mov	sp, r7
 8000052:	bc80      	pop	{r7}
 8000054:	4770      	bx	lr

08000056 <task1>:

void task1(void *param) {
 8000056:	e92d 0ff0 	stmdb	sp!, {r4, r5, r6, r7, r8, r9, sl, fp}
 800005a:	b084      	sub	sp, #16
 800005c:	af00      	add	r7, sp, #0
 800005e:	6078      	str	r0, [r7, #4]
  int i = 0;
 8000060:	2300      	movs	r3, #0
 8000062:	60fb      	str	r3, [r7, #12]
  while (1) {
    __asm__ volatile("mov r4,  #0x41\n\t"
 8000064:	f04f 0441 	mov.w	r4, #65	@ 0x41
 8000068:	f04f 0551 	mov.w	r5, #81	@ 0x51
 800006c:	f04f 0661 	mov.w	r6, #97	@ 0x61
 8000070:	f04f 0881 	mov.w	r8, #129	@ 0x81
 8000074:	f04f 0991 	mov.w	r9, #145	@ 0x91
 8000078:	f04f 0aa1 	mov.w	sl, #161	@ 0xa1
 800007c:	f04f 0bb1 	mov.w	fp, #177	@ 0xb1
 8000080:	e7f0      	b.n	8000064 <task1+0xe>

08000082 <task2>:
                     "mov r11, #0xB1\n\t" ::
                         : "r4", "r5", "r6",  "r8", "r9", "r10", "r11");
  }
}

void task2(void *param) {
 8000082:	e92d 0ff0 	stmdb	sp!, {r4, r5, r6, r7, r8, r9, sl, fp}
 8000086:	b084      	sub	sp, #16
 8000088:	af00      	add	r7, sp, #0
 800008a:	6078      	str	r0, [r7, #4]
  int i = 0;
 800008c:	2300      	movs	r3, #0
 800008e:	60fb      	str	r3, [r7, #12]
  while (1) {
    __asm__ volatile("mov r4,  #0x42\n\t"
 8000090:	f04f 0442 	mov.w	r4, #66	@ 0x42
 8000094:	f04f 0552 	mov.w	r5, #82	@ 0x52
 8000098:	f04f 0662 	mov.w	r6, #98	@ 0x62
 800009c:	f04f 0882 	mov.w	r8, #130	@ 0x82
 80000a0:	f04f 0992 	mov.w	r9, #146	@ 0x92
 80000a4:	f04f 0aa2 	mov.w	sl, #162	@ 0xa2
 80000a8:	f04f 0bb2 	mov.w	fp, #178	@ 0xb2
 80000ac:	e7f0      	b.n	8000090 <task2+0xe>

080000ae <task3>:
                     "mov r11, #0xB2\n\t" ::
                         : "r4", "r5", "r6", "r8", "r9", "r10", "r11");
  }
}

void task3(void *param) {
 80000ae:	e92d 0ff0 	stmdb	sp!, {r4, r5, r6, r7, r8, r9, sl, fp}
 80000b2:	b084      	sub	sp, #16
 80000b4:	af00      	add	r7, sp, #0
 80000b6:	6078      	str	r0, [r7, #4]
  int i = 0;
 80000b8:	2300      	movs	r3, #0
 80000ba:	60fb      	str	r3, [r7, #12]
  while (1) {
      __asm__ volatile (
 80000bc:	f04f 0466 	mov.w	r4, #102	@ 0x66
 80000c0:	f04f 0566 	mov.w	r5, #102	@ 0x66
 80000c4:	f04f 0666 	mov.w	r6, #102	@ 0x66
 80000c8:	f04f 0766 	mov.w	r7, #102	@ 0x66
 80000cc:	f04f 0866 	mov.w	r8, #102	@ 0x66
 80000d0:	f04f 0992 	mov.w	r9, #146	@ 0x92
 80000d4:	f24a 1a22 	movw	sl, #41250	@ 0xa122
 80000d8:	f240 1b23 	movw	fp, #291	@ 0x123
 80000dc:	e7ee      	b.n	80000bc <task3+0xe>

080000de <setup>:
                  ::: "r4", "r5", "r6", "r8", "r9", "r10", "r11"
              );
  }
}

void setup() {
 80000de:	b580      	push	{r7, lr}
 80000e0:	af00      	add	r7, sp, #0
  __asm__ volatile("cpsid i                 \n\t" : : : "memory");
 80000e2:	b672      	cpsid	i

  create_thread("task1", task1, 128, (void *)NULL);
 80000e4:	2300      	movs	r3, #0
 80000e6:	2280      	movs	r2, #128	@ 0x80
 80000e8:	490a      	ldr	r1, [pc, #40]	@ (8000114 <setup+0x36>)
 80000ea:	480b      	ldr	r0, [pc, #44]	@ (8000118 <setup+0x3a>)
 80000ec:	f000 f8c2 	bl	8000274 <create_thread>
  __asm__ volatile("cpsid i                 \n\t" : : : "memory");
 80000f0:	b672      	cpsid	i

  create_thread("task2", task2, 128, (void *)NULL);
 80000f2:	2300      	movs	r3, #0
 80000f4:	2280      	movs	r2, #128	@ 0x80
 80000f6:	4909      	ldr	r1, [pc, #36]	@ (800011c <setup+0x3e>)
 80000f8:	4809      	ldr	r0, [pc, #36]	@ (8000120 <setup+0x42>)
 80000fa:	f000 f8bb 	bl	8000274 <create_thread>
  __asm__ volatile("cpsid i                 \n\t" : : : "memory");
 80000fe:	b672      	cpsid	i

  create_thread("task3", task3, 128, (void *)NULL);
 8000100:	2300      	movs	r3, #0
 8000102:	2280      	movs	r2, #128	@ 0x80
 8000104:	4907      	ldr	r1, [pc, #28]	@ (8000124 <setup+0x46>)
 8000106:	4808      	ldr	r0, [pc, #32]	@ (8000128 <setup+0x4a>)
 8000108:	f000 f8b4 	bl	8000274 <create_thread>

  __asm__ volatile("cpsie i                 \n\t" : : : "memory");
 800010c:	b662      	cpsie	i
}
 800010e:	bf00      	nop
 8000110:	bd80      	pop	{r7, pc}
 8000112:	bf00      	nop
 8000114:	08000057 	stmdaeq	r0, {r0, r1, r2, r4, r6}
 8000118:	08000538 	stmdaeq	r0, {r3, r4, r5, r8, sl}
 800011c:	08000083 	stmdaeq	r0, {r0, r1, r7}
 8000120:	08000540 	stmdaeq	r0, {r6, r8, sl}
 8000124:	080000af 	stmdaeq	r0, {r0, r1, r2, r3, r5, r7}
 8000128:	08000548 	stmdaeq	r0, {r3, r6, r8, sl}

0800012c <app_main>:

int app_main() {
 800012c:	b580      	push	{r7, lr}
 800012e:	af00      	add	r7, sp, #0

  setup();
 8000130:	f7ff ffd5 	bl	80000de <setup>
  start_routines();
 8000134:	f000 f994 	bl	8000460 <start_routines>

  __asm__ volatile(
 8000138:	f04f 0000 	mov.w	r0, #0
 800013c:	f380 8809 	msr	PSP, r0

      :
      :
      :);

  SCB_ICSR = ICSR_PENDSVSET_BIT;
 8000140:	4b02      	ldr	r3, [pc, #8]	@ (800014c <app_main+0x20>)
 8000142:	f04f 5280 	mov.w	r2, #268435456	@ 0x10000000
 8000146:	601a      	str	r2, [r3, #0]

  while (1)
 8000148:	e7fe      	b.n	8000148 <app_main+0x1c>
 800014a:	bf00      	nop
 800014c:	e000ed04 	and	lr, r0, r4, lsl #26

08000150 <reset_handler>:
    (uint32_t)PendSv_handler,
    (uint32_t)Systick_Handler,

};

void reset_handler(void) {
 8000150:	b580      	push	{r7, lr}
 8000152:	b082      	sub	sp, #8
 8000154:	af00      	add	r7, sp, #0
  uint32_t *s_ptr = &_sidata;
 8000156:	4b15      	ldr	r3, [pc, #84]	@ (80001ac <reset_handler+0x5c>)
 8000158:	607b      	str	r3, [r7, #4]
  uint32_t *d_ptr = &_sdata;
 800015a:	4b15      	ldr	r3, [pc, #84]	@ (80001b0 <reset_handler+0x60>)
 800015c:	603b      	str	r3, [r7, #0]

  while (d_ptr < &_edata) {
 800015e:	e007      	b.n	8000170 <reset_handler+0x20>
    *(d_ptr++) = *(s_ptr++);
 8000160:	687a      	ldr	r2, [r7, #4]
 8000162:	1d13      	adds	r3, r2, #4
 8000164:	607b      	str	r3, [r7, #4]
 8000166:	683b      	ldr	r3, [r7, #0]
 8000168:	1d19      	adds	r1, r3, #4
 800016a:	6039      	str	r1, [r7, #0]
 800016c:	6812      	ldr	r2, [r2, #0]
 800016e:	601a      	str	r2, [r3, #0]
  while (d_ptr < &_edata) {
 8000170:	683b      	ldr	r3, [r7, #0]
 8000172:	4a10      	ldr	r2, [pc, #64]	@ (80001b4 <reset_handler+0x64>)
 8000174:	4293      	cmp	r3, r2
 8000176:	d3f3      	bcc.n	8000160 <reset_handler+0x10>
  }

  d_ptr = &_sbss;
 8000178:	4b0f      	ldr	r3, [pc, #60]	@ (80001b8 <reset_handler+0x68>)
 800017a:	603b      	str	r3, [r7, #0]
  while (d_ptr < &_ebss) {
 800017c:	e004      	b.n	8000188 <reset_handler+0x38>
    *(d_ptr++) = 0;
 800017e:	683b      	ldr	r3, [r7, #0]
 8000180:	1d1a      	adds	r2, r3, #4
 8000182:	603a      	str	r2, [r7, #0]
 8000184:	2200      	movs	r2, #0
 8000186:	601a      	str	r2, [r3, #0]
  while (d_ptr < &_ebss) {
 8000188:	683b      	ldr	r3, [r7, #0]
 800018a:	4a0c      	ldr	r2, [pc, #48]	@ (80001bc <reset_handler+0x6c>)
 800018c:	4293      	cmp	r3, r2
 800018e:	d3f6      	bcc.n	800017e <reset_handler+0x2e>
  }
  SCB_SHPR3 |= (PENDSV_PRIO_LOWEST << 16);
 8000190:	4b0b      	ldr	r3, [pc, #44]	@ (80001c0 <reset_handler+0x70>)
 8000192:	681b      	ldr	r3, [r3, #0]
 8000194:	4a0a      	ldr	r2, [pc, #40]	@ (80001c0 <reset_handler+0x70>)
 8000196:	f443 037f 	orr.w	r3, r3, #16711680	@ 0xff0000
 800019a:	6013      	str	r3, [r2, #0]
  Systick_Init();
 800019c:	f000 f81b 	bl	80001d6 <Systick_Init>

  app_main();
 80001a0:	f7ff ffc4 	bl	800012c <app_main>
}
 80001a4:	bf00      	nop
 80001a6:	3708      	adds	r7, #8
 80001a8:	46bd      	mov	sp, r7
 80001aa:	bd80      	pop	{r7, pc}
 80001ac:	08000550 	stmdaeq	r0, {r4, r6, r8, sl}
 80001b0:	20000000 	andcs	r0, r0, r0
 80001b4:	20000010 	andcs	r0, r0, r0, lsl r0
 80001b8:	20000010 	andcs	r0, r0, r0, lsl r0
 80001bc:	2000081c 	andcs	r0, r0, ip, lsl r8
 80001c0:	e000ed20 	and	lr, r0, r0, lsr #26

080001c4 <Default_Handler>:

void Default_Handler(void) {
 80001c4:	b480      	push	{r7}
 80001c6:	af00      	add	r7, sp, #0
  while (1) {
 80001c8:	e7fe      	b.n	80001c8 <Default_Handler+0x4>

080001ca <Hard_fault>:
  }
}

void Hard_fault(){
 80001ca:	b580      	push	{r7, lr}
 80001cc:	af00      	add	r7, sp, #0
    reset_handler();
 80001ce:	f7ff ffbf 	bl	8000150 <reset_handler>
}
 80001d2:	bf00      	nop
 80001d4:	bd80      	pop	{r7, pc}

080001d6 <Systick_Init>:

void Systick_Init(void) {
 80001d6:	b480      	push	{r7}
 80001d8:	b083      	sub	sp, #12
 80001da:	af00      	add	r7, sp, #0
  systemt_t *SysTick = (systemt_t *)SysTick_BASE;
 80001dc:	4b09      	ldr	r3, [pc, #36]	@ (8000204 <Systick_Init+0x2e>)
 80001de:	607b      	str	r3, [r7, #4]
  uint32_t reload = 15999;
 80001e0:	f643 637f 	movw	r3, #15999	@ 0x3e7f
 80001e4:	603b      	str	r3, [r7, #0]

  SysTick->VAL = 0;
 80001e6:	687b      	ldr	r3, [r7, #4]
 80001e8:	2200      	movs	r2, #0
 80001ea:	609a      	str	r2, [r3, #8]
  SysTick->LOAD = reload;
 80001ec:	687b      	ldr	r3, [r7, #4]
 80001ee:	683a      	ldr	r2, [r7, #0]
 80001f0:	605a      	str	r2, [r3, #4]

  SysTick->CTRL =
 80001f2:	687b      	ldr	r3, [r7, #4]
 80001f4:	2207      	movs	r2, #7
 80001f6:	601a      	str	r2, [r3, #0]
      SysTick_CTRL_TICKINT | SysTick_CTRL_ENABLE | SysTick_CTRL_CLK_SOURCE;
}
 80001f8:	bf00      	nop
 80001fa:	370c      	adds	r7, #12
 80001fc:	46bd      	mov	sp, r7
 80001fe:	bc80      	pop	{r7}
 8000200:	4770      	bx	lr
 8000202:	bf00      	nop
 8000204:	e000e010 	and	lr, r0, r0, lsl r0

08000208 <Systick_Handler>:

void Systick_Handler(void) { 
 8000208:	b480      	push	{r7}
 800020a:	af00      	add	r7, sp, #0
    SCB_ICSR = ICSR_PENDSVSET_BIT; 
 800020c:	4b03      	ldr	r3, [pc, #12]	@ (800021c <Systick_Handler+0x14>)
 800020e:	f04f 5280 	mov.w	r2, #268435456	@ 0x10000000
 8000212:	601a      	str	r2, [r3, #0]
    return;
 8000214:	bf00      	nop
}
 8000216:	46bd      	mov	sp, r7
 8000218:	bc80      	pop	{r7}
 800021a:	4770      	bx	lr
 800021c:	e000ed04 	and	lr, r0, r4, lsl #26

08000220 <PendSv_handler>:

__attribute__((naked)) void PendSv_handler(void) {
  __asm__ volatile("cpsid i                 \n\t"
 8000220:	b672      	cpsid	i
 8000222:	f3ef 8009 	mrs	r0, PSP
 8000226:	b120      	cbz	r0, 8000232 <PendSv_handler+0x12>
 8000228:	e920 0ff0 	stmdb	r0!, {r4, r5, r6, r7, r8, r9, sl, fp}
 800022c:	490e      	ldr	r1, [pc, #56]	@ (8000268 <SVC_Handler+0x14>)
 800022e:	6809      	ldr	r1, [r1, #0]
 8000230:	6088      	str	r0, [r1, #8]
 8000232:	b500      	push	{lr}
 8000234:	f000 f922 	bl	800047c <next_task>
 8000238:	f85d eb04 	ldr.w	lr, [sp], #4
 800023c:	490a      	ldr	r1, [pc, #40]	@ (8000268 <SVC_Handler+0x14>)
 800023e:	6809      	ldr	r1, [r1, #0]
 8000240:	6888      	ldr	r0, [r1, #8]
 8000242:	e8b0 0ff0 	ldmia.w	r0!, {r4, r5, r6, r7, r8, r9, sl, fp}
 8000246:	f380 8809 	msr	PSP, r0
 800024a:	b662      	cpsie	i
 800024c:	f06f 0e02 	mvn.w	lr, #2
 8000250:	4770      	bx	lr

                   "ldr lr, =0xFFFFFFFD     \n\t"   
                   "bx lr                   \n\t"                 
                   : : :"memory"
                   );
}
 8000252:	bf00      	nop

08000254 <SVC_Handler>:


__attribute__((naked)) void SVC_Handler(void){
    __asm__ volatile(
 8000254:	b672      	cpsid	i
 8000256:	f04f 0302 	mov.w	r3, #2
 800025a:	f383 8814 	msr	CONTROL, r3
 800025e:	f3bf 8f6f 	isb	sy
 8000262:	b662      	cpsie	i
 8000264:	4770      	bx	lr
            "isb             \n\t" // CRITICAL: Forces the CPU to map the register change instantly
            "cpsie i         \n\t"
            "bx lr           \n\t" // CRITICAL: You must explicitly exit!
            : : : "r3", "memory"
    );
 8000266:	bf00      	nop
 8000268:	20000818 	andcs	r0, r0, r8, lsl r8

0800026c <thread_exit>:
    .start = &my_dump_heap[0],
    .end = &my_dump_heap[0] + sizeof(my_dump_heap),
    .pos = &my_dump_heap[0],
};

void thread_exit(void) {
 800026c:	b480      	push	{r7}
 800026e:	af00      	add	r7, sp, #0
  while (1) {
    __asm__ volatile("wfi");
 8000270:	bf30      	wfi
 8000272:	e7fd      	b.n	8000270 <thread_exit+0x4>

08000274 <create_thread>:

thread_t *head = (thread_t *)0;
thread_t *current_task = (thread_t *)0;

int create_thread(char *name, void (*thread_function)(void *),
                  uint32_t stack_size, void *params) {
 8000274:	b580      	push	{r7, lr}
 8000276:	b088      	sub	sp, #32
 8000278:	af00      	add	r7, sp, #0
 800027a:	60f8      	str	r0, [r7, #12]
 800027c:	60b9      	str	r1, [r7, #8]
 800027e:	607a      	str	r2, [r7, #4]
 8000280:	603b      	str	r3, [r7, #0]

  if (stack_size > 8192 || stack_size <= 0) {
 8000282:	687b      	ldr	r3, [r7, #4]
 8000284:	f5b3 5f00 	cmp.w	r3, #8192	@ 0x2000
 8000288:	d802      	bhi.n	8000290 <create_thread+0x1c>
 800028a:	687b      	ldr	r3, [r7, #4]
 800028c:	2b00      	cmp	r3, #0
 800028e:	d102      	bne.n	8000296 <create_thread+0x22>
    return -1;
 8000290:	f04f 33ff 	mov.w	r3, #4294967295	@ 0xffffffff
 8000294:	e0d4      	b.n	8000440 <create_thread+0x1cc>
  }

  stack_size = (stack_size + ALIGN - 1) & ~(ALIGN - 1);
 8000296:	687b      	ldr	r3, [r7, #4]
 8000298:	3303      	adds	r3, #3
 800029a:	f023 0303 	bic.w	r3, r3, #3
 800029e:	607b      	str	r3, [r7, #4]

  if (head == 0) {
 80002a0:	4b69      	ldr	r3, [pc, #420]	@ (8000448 <create_thread+0x1d4>)
 80002a2:	681b      	ldr	r3, [r3, #0]
 80002a4:	2b00      	cmp	r3, #0
 80002a6:	d13e      	bne.n	8000326 <create_thread+0xb2>
    // define the head
    head = (thread_t *)allocate_dumb(&my_heap, sizeof(thread_t));
 80002a8:	2120      	movs	r1, #32
 80002aa:	4868      	ldr	r0, [pc, #416]	@ (800044c <create_thread+0x1d8>)
 80002ac:	f000 f913 	bl	80004d6 <allocate_dumb>
 80002b0:	4603      	mov	r3, r0
 80002b2:	4a65      	ldr	r2, [pc, #404]	@ (8000448 <create_thread+0x1d4>)
 80002b4:	6013      	str	r3, [r2, #0]
    if (head == NULL) {
 80002b6:	4b64      	ldr	r3, [pc, #400]	@ (8000448 <create_thread+0x1d4>)
 80002b8:	681b      	ldr	r3, [r3, #0]
 80002ba:	2b00      	cmp	r3, #0
 80002bc:	d102      	bne.n	80002c4 <create_thread+0x50>
      return -1;
 80002be:	f04f 33ff 	mov.w	r3, #4294967295	@ 0xffffffff
 80002c2:	e0bd      	b.n	8000440 <create_thread+0x1cc>
    }
    head->name = name;
 80002c4:	4b60      	ldr	r3, [pc, #384]	@ (8000448 <create_thread+0x1d4>)
 80002c6:	681b      	ldr	r3, [r3, #0]
 80002c8:	68fa      	ldr	r2, [r7, #12]
 80002ca:	601a      	str	r2, [r3, #0]
    head->thread_function = thread_function;
 80002cc:	4b5e      	ldr	r3, [pc, #376]	@ (8000448 <create_thread+0x1d4>)
 80002ce:	681b      	ldr	r3, [r3, #0]
 80002d0:	68ba      	ldr	r2, [r7, #8]
 80002d2:	619a      	str	r2, [r3, #24]
    head->id = 0;
 80002d4:	4b5c      	ldr	r3, [pc, #368]	@ (8000448 <create_thread+0x1d4>)
 80002d6:	681b      	ldr	r3, [r3, #0]
 80002d8:	2200      	movs	r2, #0
 80002da:	605a      	str	r2, [r3, #4]
    head->stack_top = &_estack - (stack_size / 4);
 80002dc:	687b      	ldr	r3, [r7, #4]
 80002de:	f023 0303 	bic.w	r3, r3, #3
 80002e2:	425a      	negs	r2, r3
 80002e4:	4b58      	ldr	r3, [pc, #352]	@ (8000448 <create_thread+0x1d4>)
 80002e6:	681b      	ldr	r3, [r3, #0]
 80002e8:	4959      	ldr	r1, [pc, #356]	@ (8000450 <create_thread+0x1dc>)
 80002ea:	440a      	add	r2, r1
 80002ec:	609a      	str	r2, [r3, #8]
    head->stack_end = head->stack_top - (stack_size / 4);
 80002ee:	4b56      	ldr	r3, [pc, #344]	@ (8000448 <create_thread+0x1d4>)
 80002f0:	681b      	ldr	r3, [r3, #0]
 80002f2:	6899      	ldr	r1, [r3, #8]
 80002f4:	687b      	ldr	r3, [r7, #4]
 80002f6:	f023 0303 	bic.w	r3, r3, #3
 80002fa:	425a      	negs	r2, r3
 80002fc:	4b52      	ldr	r3, [pc, #328]	@ (8000448 <create_thread+0x1d4>)
 80002fe:	681b      	ldr	r3, [r3, #0]
 8000300:	440a      	add	r2, r1
 8000302:	60da      	str	r2, [r3, #12]
    head->stack_size = stack_size;
 8000304:	4b50      	ldr	r3, [pc, #320]	@ (8000448 <create_thread+0x1d4>)
 8000306:	681b      	ldr	r3, [r3, #0]
 8000308:	687a      	ldr	r2, [r7, #4]
 800030a:	611a      	str	r2, [r3, #16]
    head->params = params;
 800030c:	4b4e      	ldr	r3, [pc, #312]	@ (8000448 <create_thread+0x1d4>)
 800030e:	681b      	ldr	r3, [r3, #0]
 8000310:	683a      	ldr	r2, [r7, #0]
 8000312:	615a      	str	r2, [r3, #20]

    head->next_task = NULL;
 8000314:	4b4c      	ldr	r3, [pc, #304]	@ (8000448 <create_thread+0x1d4>)
 8000316:	681b      	ldr	r3, [r3, #0]
 8000318:	2200      	movs	r2, #0
 800031a:	61da      	str	r2, [r3, #28]

    current_task = head;
 800031c:	4b4a      	ldr	r3, [pc, #296]	@ (8000448 <create_thread+0x1d4>)
 800031e:	681b      	ldr	r3, [r3, #0]
 8000320:	4a4c      	ldr	r2, [pc, #304]	@ (8000454 <create_thread+0x1e0>)
 8000322:	6013      	str	r3, [r2, #0]
 8000324:	e03f      	b.n	80003a6 <create_thread+0x132>
  } else {

    thread_t *new_task = (thread_t *)allocate_dumb(&my_heap, sizeof(thread_t));
 8000326:	2120      	movs	r1, #32
 8000328:	4848      	ldr	r0, [pc, #288]	@ (800044c <create_thread+0x1d8>)
 800032a:	f000 f8d4 	bl	80004d6 <allocate_dumb>
 800032e:	6178      	str	r0, [r7, #20]
    if (new_task == NULL) {
 8000330:	697b      	ldr	r3, [r7, #20]
 8000332:	2b00      	cmp	r3, #0
 8000334:	d102      	bne.n	800033c <create_thread+0xc8>
      return -1;
 8000336:	f04f 33ff 	mov.w	r3, #4294967295	@ 0xffffffff
 800033a:	e081      	b.n	8000440 <create_thread+0x1cc>
    }
    new_task->name = name;
 800033c:	697b      	ldr	r3, [r7, #20]
 800033e:	68fa      	ldr	r2, [r7, #12]
 8000340:	601a      	str	r2, [r3, #0]
    new_task->thread_function = thread_function;
 8000342:	697b      	ldr	r3, [r7, #20]
 8000344:	68ba      	ldr	r2, [r7, #8]
 8000346:	619a      	str	r2, [r3, #24]
    new_task->id = current_task->id + 1;
 8000348:	4b42      	ldr	r3, [pc, #264]	@ (8000454 <create_thread+0x1e0>)
 800034a:	681b      	ldr	r3, [r3, #0]
 800034c:	685b      	ldr	r3, [r3, #4]
 800034e:	1c5a      	adds	r2, r3, #1
 8000350:	697b      	ldr	r3, [r7, #20]
 8000352:	605a      	str	r2, [r3, #4]
    new_task->stack_top = current_task->stack_top - current_task->stack_size;
 8000354:	4b3f      	ldr	r3, [pc, #252]	@ (8000454 <create_thread+0x1e0>)
 8000356:	681b      	ldr	r3, [r3, #0]
 8000358:	689a      	ldr	r2, [r3, #8]
 800035a:	4b3e      	ldr	r3, [pc, #248]	@ (8000454 <create_thread+0x1e0>)
 800035c:	681b      	ldr	r3, [r3, #0]
 800035e:	691b      	ldr	r3, [r3, #16]
 8000360:	009b      	lsls	r3, r3, #2
 8000362:	425b      	negs	r3, r3
 8000364:	441a      	add	r2, r3
 8000366:	697b      	ldr	r3, [r7, #20]
 8000368:	609a      	str	r2, [r3, #8]
    new_task->stack_end = new_task->stack_top - (stack_size / 4);
 800036a:	697b      	ldr	r3, [r7, #20]
 800036c:	689a      	ldr	r2, [r3, #8]
 800036e:	687b      	ldr	r3, [r7, #4]
 8000370:	f023 0303 	bic.w	r3, r3, #3
 8000374:	425b      	negs	r3, r3
 8000376:	441a      	add	r2, r3
 8000378:	697b      	ldr	r3, [r7, #20]
 800037a:	60da      	str	r2, [r3, #12]
    new_task->stack_size = stack_size;
 800037c:	697b      	ldr	r3, [r7, #20]
 800037e:	687a      	ldr	r2, [r7, #4]
 8000380:	611a      	str	r2, [r3, #16]
    new_task->params = params;
 8000382:	697b      	ldr	r3, [r7, #20]
 8000384:	683a      	ldr	r2, [r7, #0]
 8000386:	615a      	str	r2, [r3, #20]

    new_task->next_task = NULL;
 8000388:	697b      	ldr	r3, [r7, #20]
 800038a:	2200      	movs	r2, #0
 800038c:	61da      	str	r2, [r3, #28]

    current_task->next_task = new_task;
 800038e:	4b31      	ldr	r3, [pc, #196]	@ (8000454 <create_thread+0x1e0>)
 8000390:	681b      	ldr	r3, [r3, #0]
 8000392:	697a      	ldr	r2, [r7, #20]
 8000394:	61da      	str	r2, [r3, #28]

    current_task = new_task;
 8000396:	4a2f      	ldr	r2, [pc, #188]	@ (8000454 <create_thread+0x1e0>)
 8000398:	697b      	ldr	r3, [r7, #20]
 800039a:	6013      	str	r3, [r2, #0]
    
    last_id = new_task->id;
 800039c:	697b      	ldr	r3, [r7, #20]
 800039e:	685b      	ldr	r3, [r3, #4]
 80003a0:	461a      	mov	r2, r3
 80003a2:	4b2d      	ldr	r3, [pc, #180]	@ (8000458 <create_thread+0x1e4>)
 80003a4:	601a      	str	r2, [r3, #0]
  }

  // prepare stack
  uint32_t sp_addr = (uint32_t)current_task->stack_top;
 80003a6:	4b2b      	ldr	r3, [pc, #172]	@ (8000454 <create_thread+0x1e0>)
 80003a8:	681b      	ldr	r3, [r3, #0]
 80003aa:	689b      	ldr	r3, [r3, #8]
 80003ac:	613b      	str	r3, [r7, #16]

  uint32_t *sp = (uint32_t *)sp_addr;
 80003ae:	693b      	ldr	r3, [r7, #16]
 80003b0:	61fb      	str	r3, [r7, #28]

  *(--sp) = (1U << 24);
 80003b2:	69fb      	ldr	r3, [r7, #28]
 80003b4:	3b04      	subs	r3, #4
 80003b6:	61fb      	str	r3, [r7, #28]
 80003b8:	69fb      	ldr	r3, [r7, #28]
 80003ba:	f04f 7280 	mov.w	r2, #16777216	@ 0x1000000
 80003be:	601a      	str	r2, [r3, #0]
  *(--sp) = (uint32_t)current_task->thread_function;
 80003c0:	4b24      	ldr	r3, [pc, #144]	@ (8000454 <create_thread+0x1e0>)
 80003c2:	681b      	ldr	r3, [r3, #0]
 80003c4:	699a      	ldr	r2, [r3, #24]
 80003c6:	69fb      	ldr	r3, [r7, #28]
 80003c8:	3b04      	subs	r3, #4
 80003ca:	61fb      	str	r3, [r7, #28]
 80003cc:	69fb      	ldr	r3, [r7, #28]
 80003ce:	601a      	str	r2, [r3, #0]
  *(--sp) = (uint32_t)thread_exit; // LR
 80003d0:	69fb      	ldr	r3, [r7, #28]
 80003d2:	3b04      	subs	r3, #4
 80003d4:	61fb      	str	r3, [r7, #28]
 80003d6:	4a21      	ldr	r2, [pc, #132]	@ (800045c <create_thread+0x1e8>)
 80003d8:	69fb      	ldr	r3, [r7, #28]
 80003da:	601a      	str	r2, [r3, #0]
  *(--sp) = 0;                     // R12
 80003dc:	69fb      	ldr	r3, [r7, #28]
 80003de:	3b04      	subs	r3, #4
 80003e0:	61fb      	str	r3, [r7, #28]
 80003e2:	69fb      	ldr	r3, [r7, #28]
 80003e4:	2200      	movs	r2, #0
 80003e6:	601a      	str	r2, [r3, #0]
  *(--sp) = 0;                     // R3
 80003e8:	69fb      	ldr	r3, [r7, #28]
 80003ea:	3b04      	subs	r3, #4
 80003ec:	61fb      	str	r3, [r7, #28]
 80003ee:	69fb      	ldr	r3, [r7, #28]
 80003f0:	2200      	movs	r2, #0
 80003f2:	601a      	str	r2, [r3, #0]
  *(--sp) = 0;                     // R2
 80003f4:	69fb      	ldr	r3, [r7, #28]
 80003f6:	3b04      	subs	r3, #4
 80003f8:	61fb      	str	r3, [r7, #28]
 80003fa:	69fb      	ldr	r3, [r7, #28]
 80003fc:	2200      	movs	r2, #0
 80003fe:	601a      	str	r2, [r3, #0]
  *(--sp) = 0;                     // R1
 8000400:	69fb      	ldr	r3, [r7, #28]
 8000402:	3b04      	subs	r3, #4
 8000404:	61fb      	str	r3, [r7, #28]
 8000406:	69fb      	ldr	r3, [r7, #28]
 8000408:	2200      	movs	r2, #0
 800040a:	601a      	str	r2, [r3, #0]
  *(--sp) = (uint32_t)params;      // R0: Passes 'params' into function
 800040c:	69fb      	ldr	r3, [r7, #28]
 800040e:	3b04      	subs	r3, #4
 8000410:	61fb      	str	r3, [r7, #28]
 8000412:	683a      	ldr	r2, [r7, #0]
 8000414:	69fb      	ldr	r3, [r7, #28]
 8000416:	601a      	str	r2, [r3, #0]

  for (int i = 0; i < 8; i++) {
 8000418:	2300      	movs	r3, #0
 800041a:	61bb      	str	r3, [r7, #24]
 800041c:	e008      	b.n	8000430 <create_thread+0x1bc>
    *(--sp) = 0;
 800041e:	69fb      	ldr	r3, [r7, #28]
 8000420:	3b04      	subs	r3, #4
 8000422:	61fb      	str	r3, [r7, #28]
 8000424:	69fb      	ldr	r3, [r7, #28]
 8000426:	2200      	movs	r2, #0
 8000428:	601a      	str	r2, [r3, #0]
  for (int i = 0; i < 8; i++) {
 800042a:	69bb      	ldr	r3, [r7, #24]
 800042c:	3301      	adds	r3, #1
 800042e:	61bb      	str	r3, [r7, #24]
 8000430:	69bb      	ldr	r3, [r7, #24]
 8000432:	2b07      	cmp	r3, #7
 8000434:	ddf3      	ble.n	800041e <create_thread+0x1aa>
  }

  current_task->stack_top = sp;
 8000436:	4b07      	ldr	r3, [pc, #28]	@ (8000454 <create_thread+0x1e0>)
 8000438:	681b      	ldr	r3, [r3, #0]
 800043a:	69fa      	ldr	r2, [r7, #28]
 800043c:	609a      	str	r2, [r3, #8]

  return 0;
 800043e:	2300      	movs	r3, #0
}
 8000440:	4618      	mov	r0, r3
 8000442:	3720      	adds	r7, #32
 8000444:	46bd      	mov	sp, r7
 8000446:	bd80      	pop	{r7, pc}
 8000448:	20000814 	andcs	r0, r0, r4, lsl r8
 800044c:	20000000 	andcs	r0, r0, r0
 8000450:	20002000 	andcs	r2, r0, r0
 8000454:	20000818 	andcs	r0, r0, r8, lsl r8
 8000458:	20000810 	andcs	r0, r0, r0, lsl r8
 800045c:	0800026d 	stmdaeq	r0, {r0, r2, r3, r5, r6, r9}

08000460 <start_routines>:

void start_routines() { current_task = head; }
 8000460:	b480      	push	{r7}
 8000462:	af00      	add	r7, sp, #0
 8000464:	4b03      	ldr	r3, [pc, #12]	@ (8000474 <start_routines+0x14>)
 8000466:	681b      	ldr	r3, [r3, #0]
 8000468:	4a03      	ldr	r2, [pc, #12]	@ (8000478 <start_routines+0x18>)
 800046a:	6013      	str	r3, [r2, #0]
 800046c:	bf00      	nop
 800046e:	46bd      	mov	sp, r7
 8000470:	bc80      	pop	{r7}
 8000472:	4770      	bx	lr
 8000474:	20000814 	andcs	r0, r0, r4, lsl r8
 8000478:	20000818 	andcs	r0, r0, r8, lsl r8

0800047c <next_task>:

void next_task() {
 800047c:	b580      	push	{r7, lr}
 800047e:	af00      	add	r7, sp, #0
  if (current_task->id != last_id) {
 8000480:	4b08      	ldr	r3, [pc, #32]	@ (80004a4 <next_task+0x28>)
 8000482:	681b      	ldr	r3, [r3, #0]
 8000484:	685b      	ldr	r3, [r3, #4]
 8000486:	4a08      	ldr	r2, [pc, #32]	@ (80004a8 <next_task+0x2c>)
 8000488:	6812      	ldr	r2, [r2, #0]
 800048a:	4293      	cmp	r3, r2
 800048c:	d005      	beq.n	800049a <next_task+0x1e>
    current_task = current_task->next_task;
 800048e:	4b05      	ldr	r3, [pc, #20]	@ (80004a4 <next_task+0x28>)
 8000490:	681b      	ldr	r3, [r3, #0]
 8000492:	69db      	ldr	r3, [r3, #28]
 8000494:	4a03      	ldr	r2, [pc, #12]	@ (80004a4 <next_task+0x28>)
 8000496:	6013      	str	r3, [r2, #0]
  } else {
    start_routines();
  }
  return;
 8000498:	e002      	b.n	80004a0 <next_task+0x24>
    start_routines();
 800049a:	f7ff ffe1 	bl	8000460 <start_routines>
  return;
 800049e:	bf00      	nop
}
 80004a0:	bd80      	pop	{r7, pc}
 80004a2:	bf00      	nop
 80004a4:	20000818 	andcs	r0, r0, r8, lsl r8
 80004a8:	20000810 	andcs	r0, r0, r0, lsl r8

080004ac <destroy_dumb>:
#include "my_heap.h"

uint16_t destroy_dumb(my_heap_t *heap) {
 80004ac:	b480      	push	{r7}
 80004ae:	b083      	sub	sp, #12
 80004b0:	af00      	add	r7, sp, #0
 80004b2:	6078      	str	r0, [r7, #4]
  if (heap == NULL) {
 80004b4:	687b      	ldr	r3, [r7, #4]
 80004b6:	2b00      	cmp	r3, #0
 80004b8:	d101      	bne.n	80004be <destroy_dumb+0x12>
    return 0;
 80004ba:	2300      	movs	r3, #0
 80004bc:	e006      	b.n	80004cc <destroy_dumb+0x20>
  }
  __asm__ volatile("cpsid i" : : : "memory");
 80004be:	b672      	cpsid	i
  heap->pos = heap->start;
 80004c0:	687b      	ldr	r3, [r7, #4]
 80004c2:	681a      	ldr	r2, [r3, #0]
 80004c4:	687b      	ldr	r3, [r7, #4]
 80004c6:	609a      	str	r2, [r3, #8]
  __asm__ volatile("cpsie i" : : : "memory");
 80004c8:	b662      	cpsie	i
  return 1;
 80004ca:	2301      	movs	r3, #1
}
 80004cc:	4618      	mov	r0, r3
 80004ce:	370c      	adds	r7, #12
 80004d0:	46bd      	mov	sp, r7
 80004d2:	bc80      	pop	{r7}
 80004d4:	4770      	bx	lr

080004d6 <allocate_dumb>:

void *allocate_dumb(my_heap_t *heap, size_t size) {
 80004d6:	b480      	push	{r7}
 80004d8:	b085      	sub	sp, #20
 80004da:	af00      	add	r7, sp, #0
 80004dc:	6078      	str	r0, [r7, #4]
 80004de:	6039      	str	r1, [r7, #0]
  if (heap == NULL) {
 80004e0:	687b      	ldr	r3, [r7, #4]
 80004e2:	2b00      	cmp	r3, #0
 80004e4:	d101      	bne.n	80004ea <allocate_dumb+0x14>
    return NULL;
 80004e6:	2300      	movs	r3, #0
 80004e8:	e020      	b.n	800052c <allocate_dumb+0x56>
  }

  __asm__ volatile("cpsid i" : : : "memory");
 80004ea:	b672      	cpsid	i

  size = (size + ALIGN - 1) & ~(ALIGN - 1);
 80004ec:	683b      	ldr	r3, [r7, #0]
 80004ee:	3303      	adds	r3, #3
 80004f0:	f023 0303 	bic.w	r3, r3, #3
 80004f4:	603b      	str	r3, [r7, #0]

  uint8_t *entry = heap->pos;
 80004f6:	687b      	ldr	r3, [r7, #4]
 80004f8:	689b      	ldr	r3, [r3, #8]
 80004fa:	60fb      	str	r3, [r7, #12]

  if ((entry + size) > heap->end || (entry + size) < heap->start) {
 80004fc:	68fa      	ldr	r2, [r7, #12]
 80004fe:	683b      	ldr	r3, [r7, #0]
 8000500:	441a      	add	r2, r3
 8000502:	687b      	ldr	r3, [r7, #4]
 8000504:	685b      	ldr	r3, [r3, #4]
 8000506:	429a      	cmp	r2, r3
 8000508:	d806      	bhi.n	8000518 <allocate_dumb+0x42>
 800050a:	68fa      	ldr	r2, [r7, #12]
 800050c:	683b      	ldr	r3, [r7, #0]
 800050e:	441a      	add	r2, r3
 8000510:	687b      	ldr	r3, [r7, #4]
 8000512:	681b      	ldr	r3, [r3, #0]
 8000514:	429a      	cmp	r2, r3
 8000516:	d202      	bcs.n	800051e <allocate_dumb+0x48>
    __asm__ volatile("cpsie i" : : : "memory");
 8000518:	b662      	cpsie	i

    return NULL;
 800051a:	2300      	movs	r3, #0
 800051c:	e006      	b.n	800052c <allocate_dumb+0x56>
  }

  heap->pos += size;
 800051e:	687b      	ldr	r3, [r7, #4]
 8000520:	689a      	ldr	r2, [r3, #8]
 8000522:	683b      	ldr	r3, [r7, #0]
 8000524:	441a      	add	r2, r3
 8000526:	687b      	ldr	r3, [r7, #4]
 8000528:	609a      	str	r2, [r3, #8]
  // __asm__ volatile("cpsie i" : : : "memory");
  return (void *)entry;
 800052a:	68fb      	ldr	r3, [r7, #12]
}
 800052c:	4618      	mov	r0, r3
 800052e:	3714      	adds	r7, #20
 8000530:	46bd      	mov	sp, r7
 8000532:	bc80      	pop	{r7}
 8000534:	4770      	bx	lr
 8000536:	0000      	movs	r0, r0
 8000538:	6b736174 	blvs	9cd8b10 <_etext+0x1cd85c0>
 800053c:	00000031 	andeq	r0, r0, r1, lsr r0
 8000540:	6b736174 	blvs	9cd8b18 <_etext+0x1cd85c8>
 8000544:	00000032 	andeq	r0, r0, r2, lsr r0
 8000548:	6b736174 	blvs	9cd8b20 <_etext+0x1cd85d0>
 800054c:	00000033 	andeq	r0, r0, r3, lsr r0

Disassembly of section .data:

20000000 <my_heap>:
20000000:	20000010 	andcs	r0, r0, r0, lsl r0
20000004:	20000810 	andcs	r0, r0, r0, lsl r8
20000008:	20000010 	andcs	r0, r0, r0, lsl r0
2000000c:	00000000 	andeq	r0, r0, r0

Disassembly of section .debug_info:

00000000 <.debug_info>:
   0:	000001af 	andeq	r0, r0, pc, lsr #3
   4:	04010005 	streq	r0, [r1], #-5
   8:	00000000 	andeq	r0, r0, r0
   c:	0038dd07 	eorseq	sp, r8, r7, lsl #26
  10:	01241d00 			@ <UNDEFINED> instruction: 0x01241d00
  14:	22d20000 	sbcscs	r0, r2, #0
  18:	00400000 	subeq	r0, r0, r0
  1c:	01100800 	tsteq	r0, r0, lsl #16
	...
  28:	01010000 	mrseq	r0, (UNDEF: 1)
  2c:	00294f06 	eoreq	r4, r9, r6, lsl #30
  30:	05020100 	streq	r0, [r2, #-256]	@ 0xffffff00
  34:	00000638 	andeq	r0, r0, r8, lsr r6
  38:	b1050401 	tstlt	r5, r1, lsl #8
  3c:	01000027 	tsteq	r0, r7, lsr #32
  40:	16400508 	strbne	r0, [r0], -r8, lsl #10
  44:	01010000 	mrseq	r0, (UNDEF: 1)
  48:	002ae308 	eoreq	lr, sl, r8, lsl #6
  4c:	07020100 	streq	r0, [r2, -r0, lsl #2]
  50:	0000048a 	andeq	r0, r0, sl, lsl #9
  54:	000b4208 	andeq	r4, fp, r8, lsl #4
  58:	19340200 	ldmdbne	r4!, {r9}
  5c:	00000060 	andeq	r0, r0, r0, rrx
  60:	a9070401 	stmdbge	r7, {r0, sl}
  64:	01000024 	tsteq	r0, r4, lsr #32
  68:	35340708 	ldrcc	r0, [r4, #-1800]!	@ 0xfffff8f8
  6c:	04090000 	streq	r0, [r9], #-0
  70:	746e6905 	strbtvc	r6, [lr], #-2309	@ 0xfffff6fb
  74:	07040100 	streq	r0, [r4, -r0, lsl #2]
  78:	0000317c 	andeq	r3, r0, ip, ror r1
  7c:	63040801 	movwvs	r0, #18433	@ 0x4801
  80:	0600003d 			@ <UNDEFINED> instruction: 0x0600003d
  84:	00000088 	andeq	r0, r0, r8, lsl #1
  88:	56080101 	strpl	r0, [r8], -r1, lsl #2
  8c:	0a000029 	beq	138 <vector_table-0x7fffec8>
  90:	009c0b04 	addseq	r0, ip, r4, lsl #22
  94:	8f020000 	svchi	0x00020000
  98:	00000000 	andeq	r0, r0, r0
  9c:	00009106 	andeq	r9, r0, r6, lsl #2
  a0:	0fb60c00 	svceq	0x00b60c00
  a4:	0c010000 	stceq	0, cr0, [r1], {-0}
  a8:	0000af0d 	andeq	sl, r0, sp, lsl #30
  ac:	0e000d00 	cdpeq	13, 0, cr0, cr0, cr0, {0}
  b0:	00000212 	andeq	r0, r0, r2, lsl r2
  b4:	6e0c0a01 	vmlavs.f32	s0, s24, s2
  b8:	d4000000 	strle	r0, [r0], #-0
  bc:	02000000 	andeq	r0, r0, #0
  c0:	00000083 	andeq	r0, r0, r3, lsl #1
  c4:	00009c02 	andeq	r9, r0, r2, lsl #24
  c8:	00540200 	subseq	r0, r4, r0, lsl #4
  cc:	8f020000 	svchi	0x00020000
  d0:	00000000 	andeq	r0, r0, r0
  d4:	000bd30f 	andeq	sp, fp, pc, lsl #6
  d8:	054e0100 	strbeq	r0, [lr, #-256]	@ 0xffffff00
  dc:	0000006e 	andeq	r0, r0, lr, rrx
  e0:	0800012c 	stmdaeq	r0, {r2, r3, r5, r8}
  e4:	00000024 	andeq	r0, r0, r4, lsr #32
  e8:	05109c01 	ldreq	r9, [r0, #-3073]	@ 0xfffff3ff
  ec:	01000030 	tsteq	r0, r0, lsr r0
  f0:	00de0640 	sbcseq	r0, lr, r0, asr #12
  f4:	004e0800 	subeq	r0, lr, r0, lsl #16
  f8:	9c010000 	stcls	0, cr0, [r1], {-0}
  fc:	00035304 	andeq	r5, r3, r4, lsl #6
 100:	00ae2f00 	adceq	r2, lr, r0, lsl #30
 104:	00300800 	eorseq	r0, r0, r0, lsl #16
 108:	9c010000 	stcls	0, cr0, [r1], {-0}
 10c:	0000012a 	andeq	r0, r0, sl, lsr #2
 110:	0020f505 	eoreq	pc, r0, r5, lsl #10
 114:	008f2f00 	addeq	r2, pc, r0, lsl #30
 118:	91020000 	mrsls	r0, (UNDEF: 2)
 11c:	00690354 	rsbeq	r0, r9, r4, asr r3
 120:	006e0730 	rsbeq	r0, lr, r0, lsr r7
 124:	91020000 	mrsls	r0, (UNDEF: 2)
 128:	4d04005c 	stcmi	0, cr0, [r4, #-368]	@ 0xfffffe90
 12c:	21000003 	tstcs	r0, r3
 130:	08000082 	stmdaeq	r0, {r1, r7}
 134:	0000002c 	andeq	r0, r0, ip, lsr #32
 138:	01589c01 	cmpeq	r8, r1, lsl #24
 13c:	f5050000 			@ <UNDEFINED> instruction: 0xf5050000
 140:	21000020 	tstcs	r0, r0, lsr #32
 144:	0000008f 	andeq	r0, r0, pc, lsl #1
 148:	03549102 	cmpeq	r4, #-2147483648	@ 0x80000000
 14c:	07220069 	streq	r0, [r2, -r9, rrx]!
 150:	0000006e 	andeq	r0, r0, lr, rrx
 154:	005c9102 	subseq	r9, ip, r2, lsl #2
 158:	00034704 	andeq	r4, r3, r4, lsl #14
 15c:	00561300 	subseq	r1, r6, r0, lsl #6
 160:	002c0800 	eoreq	r0, ip, r0, lsl #16
 164:	9c010000 	stcls	0, cr0, [r1], {-0}
 168:	00000186 	andeq	r0, r0, r6, lsl #3
 16c:	0020f505 	eoreq	pc, r0, r5, lsl #10
 170:	008f1300 	addeq	r1, pc, r0, lsl #6
 174:	91020000 	mrsls	r0, (UNDEF: 2)
 178:	00690354 	rsbeq	r0, r9, r4, asr r3
 17c:	006e0714 	rsbeq	r0, lr, r4, lsl r7
 180:	91020000 	mrsls	r0, (UNDEF: 2)
 184:	2411005c 	ldrcs	r0, [r1], #-92	@ 0xffffffa4
 188:	0100001c 	tsteq	r0, ip, lsl r0
 18c:	00400611 	subeq	r0, r0, r1, lsl r6
 190:	00160800 	andseq	r0, r6, r0, lsl #16
 194:	9c010000 	stcls	0, cr0, [r1], {-0}
 198:	01006912 	tsteq	r0, r2, lsl r9
 19c:	006e1211 	rsbeq	r1, lr, r1, lsl r2
 1a0:	91020000 	mrsls	r0, (UNDEF: 2)
 1a4:	0078036c 	rsbseq	r0, r8, ip, ror #6
 1a8:	006e1b11 	rsbeq	r1, lr, r1, lsl fp
 1ac:	91020000 	mrsls	r0, (UNDEF: 2)
 1b0:	07000074 	smlsdxeq	r0, r4, r0, r0
 1b4:	05000002 	streq	r0, [r0, #-2]
 1b8:	27040100 	strcs	r0, [r4, -r0, lsl #2]
 1bc:	09000001 	stmdbeq	r0, {r0}
 1c0:	000038dd 	ldrdeq	r3, [r0], -sp
 1c4:	003b9f1d 	eorseq	r9, fp, sp, lsl pc
 1c8:	0022d200 	eoreq	sp, r2, r0, lsl #4
 1cc:	00015000 	andeq	r5, r1, r0
 1d0:	00011808 	andeq	r1, r1, r8, lsl #16
 1d4:	0000fc00 	andeq	pc, r0, r0, lsl #24
 1d8:	000fe700 	andeq	lr, pc, r0, lsl #14
 1dc:	06010100 	streq	r0, [r1], -r0, lsl #2
 1e0:	0000294f 	andeq	r2, r0, pc, asr #18
 1e4:	38050201 	stmdacc	r5, {r0, r9}
 1e8:	01000006 	tsteq	r0, r6
 1ec:	27b10504 	ldrcs	r0, [r1, r4, lsl #10]!
 1f0:	08010000 	stmdaeq	r1, {}	@ <UNPREDICTABLE>
 1f4:	00164005 	andseq	r4, r6, r5
 1f8:	08010100 	stmdaeq	r1, {r8}
 1fc:	00002ae3 	andeq	r2, r0, r3, ror #21
 200:	8a070201 	bhi	1c0a0c <vector_table-0x7e3f5f4>
 204:	06000004 	streq	r0, [r0], -r4
 208:	00000b42 	andeq	r0, r0, r2, asr #22
 20c:	65193402 	ldrvs	r3, [r9, #-1026]	@ 0xfffffbfe
 210:	07000000 	streq	r0, [r0, -r0]
 214:	00000054 	andeq	r0, r0, r4, asr r0
 218:	a9070401 	stmdbge	r7, {r0, sl}
 21c:	01000024 	tsteq	r0, r4, lsr #32
 220:	35340708 	ldrcc	r0, [r4, #-1800]!	@ 0xfffff8f8
 224:	040a0000 	streq	r0, [sl], #-0
 228:	746e6905 	strbtvc	r6, [lr], #-2309	@ 0xfffff6fb
 22c:	07040100 	streq	r0, [r4, -r0, lsl #2]
 230:	0000317c 	andeq	r3, r0, ip, ror r1
 234:	56080101 	strpl	r0, [r8], -r1, lsl #2
 238:	08000029 	stmdaeq	r0, {r0, r3, r5}
 23c:	00000054 	andeq	r0, r0, r4, asr r0
 240:	63040801 	movwvs	r0, #18433	@ 0x4801
 244:	0200003d 	andeq	r0, r0, #61	@ 0x3d
 248:	00003b54 	andeq	r3, r0, r4, asr fp
 24c:	0000540b 	andeq	r5, r0, fp, lsl #8
 250:	3b890200 	blcc	fe240a58 <_estack+0xde23ea58>
 254:	540c0000 	strpl	r0, [ip], #-0
 258:	02000000 	andeq	r0, r0, #0
 25c:	00003c20 	andeq	r3, r0, r0, lsr #24
 260:	0000540d 	andeq	r5, r0, sp, lsl #8
 264:	3bc20200 	blcc	ff080a6c <_estack+0xdf07ea6c>
 268:	540e0000 	strpl	r0, [lr], #-0
 26c:	02000000 	andeq	r0, r0, #0
 270:	00003bf8 	strdeq	r3, [r0], -r8
 274:	0000540f 	andeq	r5, r0, pc, lsl #8
 278:	3baf0200 	blcc	febc0a80 <_estack+0xdebbea80>
 27c:	54100000 	ldrpl	r0, [r0], #-0
 280:	0b000000 	bleq	288 <vector_table-0x7fffd78>
 284:	09120110 	ldmdbeq	r2, {r4, r8}
 288:	00000108 	andeq	r0, r0, r8, lsl #2
 28c:	003ae005 	eorseq	lr, sl, r5
 290:	00541300 	subseq	r1, r4, r0, lsl #6
 294:	05000000 	streq	r0, [r0, #-0]
 298:	00003aeb 	andeq	r3, r0, fp, ror #21
 29c:	00005414 	andeq	r5, r0, r4, lsl r4
 2a0:	560c0400 	strpl	r0, [ip], -r0, lsl #8
 2a4:	01004c41 	tsteq	r0, r1, asr #24
 2a8:	00540c15 	subseq	r0, r4, r5, lsl ip
 2ac:	05080000 	streq	r0, [r8, #-0]
 2b0:	00003b23 	andeq	r3, r0, r3, lsr #22
 2b4:	00005416 	andeq	r5, r0, r6, lsl r4
 2b8:	06000c00 	streq	r0, [r0], -r0, lsl #24
 2bc:	00003b5c 	andeq	r3, r0, ip, asr fp
 2c0:	d0031701 	andle	r1, r3, r1, lsl #14
 2c4:	0d000000 	stceq	0, cr0, [r0, #-0]
 2c8:	00000060 	andeq	r0, r0, r0, rrx
 2cc:	00000124 	andeq	r0, r0, r4, lsr #2
 2d0:	00007a0e 	andeq	r7, r0, lr, lsl #20
 2d4:	07000f00 	streq	r0, [r0, -r0, lsl #30]
 2d8:	00000114 	andeq	r0, r0, r4, lsl r1
 2dc:	003c410f 	eorseq	r4, ip, pc, lsl #2
 2e0:	3a330100 	bcc	cc06e8 <vector_table-0x733f918>
 2e4:	00000124 	andeq	r0, r0, r4, lsr #2
 2e8:	00000305 	andeq	r0, r0, r5, lsl #6
 2ec:	d3100800 	tstle	r0, #0, 16
 2f0:	0100000b 	tsteq	r0, fp
 2f4:	00730c06 	rsbseq	r0, r3, r6, lsl #24
 2f8:	014d0000 	mrseq	r0, (UNDEF: 77)
 2fc:	00110000 	andseq	r0, r1, r0
 300:	003af703 	eorseq	pc, sl, r3, lsl #14
 304:	541d9200 	ldrpl	r9, [sp], #-512	@ 0xfffffe00
 308:	14080002 	strne	r0, [r8], #-2
 30c:	01000000 	mrseq	r0, (UNDEF: 0)
 310:	3c27039c 	stccc	3, cr0, [r7], #-624	@ 0xfffffd90
 314:	1d720000 	ldclne	0, cr0, [r2, #-0]
 318:	08000220 	stmdaeq	r0, {r5, r9}
 31c:	00000034 	andeq	r0, r0, r4, lsr r0
 320:	c9039c01 	stmdbgt	r3, {r0, sl, fp, ip, pc}
 324:	6d00003b 	stcvs	0, cr0, [r0, #-236]	@ 0xffffff14
 328:	00020806 	andeq	r0, r2, r6, lsl #16
 32c:	00001808 	andeq	r1, r0, r8, lsl #16
 330:	129c0100 	addsne	r0, ip, #0, 2
 334:	00003bb5 			@ <UNDEFINED> instruction: 0x00003bb5
 338:	d6066201 	strle	r6, [r6], -r1, lsl #4
 33c:	32080001 	andcc	r0, r8, #1
 340:	01000000 	mrseq	r0, (UNDEF: 0)
 344:	0001b39c 	muleq	r1, ip, r3
 348:	3b4c0400 	blcc	1301350 <vector_table-0x6cfecb0>
 34c:	0e630000 	cdpeq	0, 6, cr0, cr3, cr0, {0}
 350:	000001b3 			@ <UNDEFINED> instruction: 0x000001b3
 354:	04749102 	ldrbteq	r9, [r4], #-258	@ 0xfffffefe
 358:	00003af0 	strdeq	r3, [r0], -r0
 35c:	00540c64 	subseq	r0, r4, r4, ror #24
 360:	91020000 	mrsls	r0, (UNDEF: 2)
 364:	08080070 	stmdaeq	r8, {r4, r5, r6}
 368:	13000001 	movwne	r0, #1
 36c:	00003c36 	andeq	r3, r0, r6, lsr ip
 370:	ca065e01 	bgt	197b7c <vector_table-0x7e68484>
 374:	0c080001 	stceq	0, cr0, [r8], {1}
 378:	01000000 	mrseq	r0, (UNDEF: 0)
 37c:	3b66039c 	blcc	19811f4 <vector_table-0x667ee0c>
 380:	06590000 	ldrbeq	r0, [r9], -r0
 384:	080001c4 	stmdaeq	r0, {r2, r6, r7, r8}
 388:	00000006 	andeq	r0, r0, r6
 38c:	91149c01 	tstls	r4, r1, lsl #24
 390:	0100003b 	tsteq	r0, fp, lsr r0
 394:	01500647 	cmpeq	r0, r7, asr #12
 398:	00740800 	rsbseq	r0, r4, r0, lsl #16
 39c:	9c010000 	stcls	0, cr0, [r1], {-0}
 3a0:	003bfe04 	eorseq	pc, fp, r4, lsl #28
 3a4:	880d4800 	stmdahi	sp, {fp, lr}
 3a8:	02000000 	andeq	r0, r0, #0
 3ac:	e5047491 	str	r7, [r4, #-1169]	@ 0xfffffb6f
 3b0:	4900003a 	stmdbmi	r0, {r1, r3, r4, r5}
 3b4:	0000880d 	andeq	r8, r0, sp, lsl #16
 3b8:	70910200 	addsvc	r0, r1, r0, lsl #4
 3bc:	030d0000 	movweq	r0, #53248	@ 0xd000
 3c0:	00050000 	andeq	r0, r5, r0
 3c4:	02730401 	rsbseq	r0, r3, #16777216	@ 0x1000000
 3c8:	dd0b0000 	stcle	0, cr0, [fp, #-0]
 3cc:	1d000038 	stcne	0, cr0, [r0, #-224]	@ 0xffffff20
 3d0:	00004dfd 	strdeq	r4, [r0], -sp
 3d4:	000022d2 	ldrdeq	r2, [r0], -r2	@ <UNPREDICTABLE>
 3d8:	0800026c 	stmdaeq	r0, {r2, r3, r5, r6, r9}
 3dc:	00000240 	andeq	r0, r0, r0, asr #4
 3e0:	0000021c 	andeq	r0, r0, ip, lsl r2
 3e4:	0000105a 	andeq	r1, r0, sl, asr r0
 3e8:	4f060101 	svcmi	0x00060101
 3ec:	01000029 	tsteq	r0, r9, lsr #32
 3f0:	06380502 	ldrteq	r0, [r8], -r2, lsl #10
 3f4:	04010000 	streq	r0, [r1], #-0
 3f8:	0027b105 	eoreq	fp, r7, r5, lsl #2
 3fc:	05080100 	streq	r0, [r8, #-256]	@ 0xffffff00
 400:	00001640 	andeq	r1, r0, r0, asr #12
 404:	0045c704 	subeq	ip, r5, r4, lsl #14
 408:	182e0200 	stmdane	lr!, {r9}
 40c:	00000052 	andeq	r0, r0, r2, asr r0
 410:	e3080101 	movw	r0, #33025	@ 0x8101
 414:	0400002a 	streq	r0, [r0], #-42	@ 0xffffffd6
 418:	000060b1 	strheq	r6, [r0], -r1
 41c:	65193102 	ldrvs	r3, [r9, #-258]	@ 0xfffffefe
 420:	01000000 	mrseq	r0, (UNDEF: 0)
 424:	048a0702 	streq	r0, [sl], #1794	@ 0x702
 428:	42040000 	andmi	r0, r4, #0
 42c:	0200000b 	andeq	r0, r0, #11
 430:	00781934 	rsbseq	r1, r8, r4, lsr r9
 434:	04010000 	streq	r0, [r1], #-0
 438:	0024a907 	eoreq	sl, r4, r7, lsl #18
 43c:	07080100 	streq	r0, [r8, -r0, lsl #2]
 440:	00003534 	andeq	r3, r0, r4, lsr r5
 444:	6905040c 	stmdbvs	r5, {r2, r3, sl}
 448:	0100746e 	tsteq	r0, lr, ror #8
 44c:	317c0704 	cmncc	ip, r4, lsl #14
 450:	190d0000 	stmdbne	sp, {}	@ <UNPREDICTABLE>
 454:	20000002 	andcs	r0, r0, r2
 458:	09100403 	ldmdbeq	r0, {r0, r1, sl}
 45c:	02000001 	andeq	r0, r0, #1
 460:	00004005 	andeq	r4, r0, r5
 464:	09090503 	stmdbeq	r9, {r0, r1, r8, sl}
 468:	00000001 	andeq	r0, r0, r1
 46c:	00646906 	rsbeq	r6, r4, r6, lsl #18
 470:	6c0c0603 	stcvs	6, cr0, [ip], {3}
 474:	04000000 	streq	r0, [r0], #-0
 478:	004caa02 	subeq	sl, ip, r2, lsl #20
 47c:	0d070300 	stceq	3, cr0, [r7, #-0]
 480:	00000115 	andeq	r0, r0, r5, lsl r1
 484:	4a590208 	bmi	1640cac <vector_table-0x69bf354>
 488:	08030000 	stmdaeq	r3, {}	@ <UNPREDICTABLE>
 48c:	0001150d 	andeq	r1, r1, sp, lsl #10
 490:	4b020c00 	blmi	83498 <vector_table-0x7f7cb68>
 494:	0300003d 	movweq	r0, #61	@ 0x3d
 498:	006c0c09 	rsbeq	r0, ip, r9, lsl #24
 49c:	02100000 	andseq	r0, r0, #0
 4a0:	00005c0d 	andeq	r5, r0, sp, lsl #24
 4a4:	1a090a03 	bne	242cb8 <vector_table-0x7dbd348>
 4a8:	14000001 	strne	r0, [r0], #-1
 4ac:	0056f102 	subseq	pc, r6, r2, lsl #2
 4b0:	0a0b0300 	beq	2c10b8 <vector_table-0x7d3ef48>
 4b4:	00000127 	andeq	r0, r0, r7, lsr #2
 4b8:	5d120218 	lfmpl	f0, 4, [r2, #-96]	@ 0xffffffa0
 4bc:	0c030000 	stceq	0, cr0, [r3], {-0}
 4c0:	00012c12 	andeq	r2, r1, r2, lsl ip
 4c4:	03001c00 	movweq	r1, #3072	@ 0xc00
 4c8:	0000010e 	andeq	r0, r0, lr, lsl #2
 4cc:	56080101 	strpl	r0, [r8], -r1, lsl #2
 4d0:	03000029 	movweq	r0, #41	@ 0x29
 4d4:	0000006c 	andeq	r0, r0, ip, rrx
 4d8:	270f040e 	strcs	r0, [pc, -lr, lsl #8]
 4dc:	07000001 	streq	r0, [r0, -r1]
 4e0:	0000011a 	andeq	r0, r0, sl, lsl r1
 4e4:	011c0300 	tsteq	ip, r0, lsl #6
 4e8:	94030000 	strls	r0, [r3], #-0
 4ec:	04000000 	streq	r0, [r0], #-0
 4f0:	00005a07 	andeq	r5, r0, r7, lsl #20
 4f4:	94030d03 	strls	r0, [r3], #-3331	@ 0xfffff2fd
 4f8:	04000000 	streq	r0, [r0], #-0
 4fc:	00005bca 	andeq	r5, r0, sl, asr #23
 500:	8d17d604 	ldchi	6, cr13, [r7, #-16]
 504:	01000000 	mrseq	r0, (UNDEF: 0)
 508:	3d630408 	cfstrdcc	mvd0, [r3, #-32]!	@ 0xffffffe0
 50c:	10100000 	andsne	r0, r0, r0
 510:	8e090905 	vmlahi.f16	s0, s18, s10	@ <UNPREDICTABLE>
 514:	02000001 	andeq	r0, r0, #1
 518:	00003cf4 	strdeq	r3, [r0], -r4
 51c:	93140a05 	tstls	r4, #20480	@ 0x5000
 520:	00000001 	andeq	r0, r0, r1
 524:	646e6506 	strbtvs	r6, [lr], #-1286	@ 0xfffffafa
 528:	140b0500 	strne	r0, [fp], #-1280	@ 0xfffffb00
 52c:	00000193 	muleq	r0, r3, r1
 530:	6f700604 	svcvs	0x00700604
 534:	0c050073 	stceq	0, cr0, [r5], {115}	@ 0x73
 538:	00018e0e 	andeq	r8, r1, lr, lsl #28
 53c:	23020800 	movwcs	r0, #10240	@ 0x2800
 540:	0500006a 	streq	r0, [r0, #-106]	@ 0xffffff96
 544:	00590e0d 	subseq	r0, r9, sp, lsl #28
 548:	000c0000 	andeq	r0, ip, r0
 54c:	00004603 	andeq	r4, r0, r3, lsl #12
 550:	018e1100 	orreq	r1, lr, r0, lsl #2
 554:	5e040000 	cdppl	0, 0, cr0, cr4, cr0, {0}
 558:	05000050 	streq	r0, [r0, #-80]	@ 0xffffffb0
 55c:	0150030e 	cmpeq	r0, lr, lsl #6
 560:	89120000 	ldmdbhi	r2, {}	@ <UNPREDICTABLE>
 564:	0100003b 	tsteq	r0, fp, lsr r0
 568:	006c1109 	rsbeq	r1, ip, r9, lsl #2
 56c:	46130000 	ldrmi	r0, [r3], -r0
 570:	c1000000 	mrsgt	r0, (UNDEF: 0)
 574:	14000001 	strne	r0, [r0], #-1
 578:	0000008d 	andeq	r0, r0, sp, lsl #1
 57c:	150007ff 	strne	r0, [r0, #-2047]	@ 0xfffff801
 580:	000060ba 	strheq	r6, [r0], -sl
 584:	b0090b01 	andlt	r0, r9, r1, lsl #22
 588:	08000001 	stmdaeq	r0, {r0}
 58c:	00100305 	andseq	r0, r0, r5, lsl #6
 590:	fa082000 	blx	208598 <vector_table-0x7df7a68>
 594:	0c000047 	stceq	0, cr0, [r0], {71}	@ 0x47
 598:	0000860c 	andeq	r8, r0, ip, lsl #12
 59c:	10030500 	andne	r0, r3, r0, lsl #10
 5a0:	09200008 	stmdbeq	r0!, {r3}
 5a4:	00005b7a 	andeq	r5, r0, sl, ror fp
 5a8:	0001980e 	andeq	r9, r1, lr, lsl #16
 5ac:	00030500 	andeq	r0, r3, r0, lsl #10
 5b0:	09200000 	stmdbeq	r0!, {}	@ <UNPREDICTABLE>
 5b4:	000042e1 	andeq	r4, r0, r1, ror #5
 5b8:	0002051a 	andeq	r0, r2, sl, lsl r5
 5bc:	14030500 	strne	r0, [r3], #-1280	@ 0xfffffb00
 5c0:	03200008 			@ <UNDEFINED> instruction: 0x03200008
 5c4:	00000131 	andeq	r0, r0, r1, lsr r1
 5c8:	00400a09 	subeq	r0, r0, r9, lsl #20
 5cc:	02051b00 	andeq	r1, r5, #0, 22
 5d0:	03050000 	movweq	r0, #20480	@ 0x5000
 5d4:	20000818 	andcs	r0, r0, r8, lsl r8
 5d8:	003fab16 	eorseq	sl, pc, r6, lsl fp	@ <UNPREDICTABLE>
 5dc:	07110500 	ldreq	r0, [r1, -r0, lsl #10]
 5e0:	0000011a 	andeq	r0, r0, sl, lsl r1
 5e4:	00000235 	andeq	r0, r0, r5, lsr r2
 5e8:	00023507 	andeq	r3, r2, r7, lsl #10
 5ec:	013d0700 	teqeq	sp, r0, lsl #14
 5f0:	03000000 	movweq	r0, #0
 5f4:	00000198 	muleq	r0, r8, r1
 5f8:	005d1217 	subseq	r1, sp, r7, lsl r2
 5fc:	06670100 	strbteq	r0, [r7], -r0, lsl #2
 600:	0800047c 	stmdaeq	r0, {r2, r3, r4, r5, r6, sl}
 604:	00000030 	andeq	r0, r0, r0, lsr r0
 608:	b6189c01 	ldrlt	r9, [r8], -r1, lsl #24
 60c:	0100000f 	tsteq	r0, pc
 610:	04600665 	strbteq	r0, [r0], #-1637	@ 0xfffff99b
 614:	001c0800 	andseq	r0, ip, r0, lsl #16
 618:	9c010000 	stcls	0, cr0, [r1], {-0}
 61c:	00021219 	andeq	r1, r2, r9, lsl r2
 620:	051d0100 	ldreq	r0, [sp, #-256]	@ 0xffffff00
 624:	00000086 	andeq	r0, r0, r6, lsl #1
 628:	08000274 	stmdaeq	r0, {r2, r4, r5, r6, r9}
 62c:	000001ec 	andeq	r0, r0, ip, ror #3
 630:	02fe9c01 	rscseq	r9, lr, #256	@ 0x100
 634:	05050000 	streq	r0, [r5, #-0]
 638:	1d000040 	stcne	0, cr0, [r0, #-256]	@ 0xffffff00
 63c:	00010919 	andeq	r0, r1, r9, lsl r9
 640:	64910200 	ldrvs	r0, [r1], #512	@ 0x200
 644:	0056f105 	subseq	pc, r6, r5, lsl #2
 648:	27261d00 	strcs	r1, [r6, -r0, lsl #26]!
 64c:	02000001 	andeq	r0, r0, #1
 650:	4b056091 	blmi	15889c <vector_table-0x7ea7764>
 654:	1e00003d 	mcrne	0, 0, r0, cr0, cr13, {1}
 658:	00006c1c 	andeq	r6, r0, ip, lsl ip
 65c:	5c910200 	lfmpl	f0, 4, [r1], {0}
 660:	005c0d05 	subseq	r0, ip, r5, lsl #26
 664:	1a2e1e00 	bne	b87e6c <vector_table-0x7478194>
 668:	02000001 	andeq	r0, r0, #1
 66c:	38085891 	stmdacc	r8, {r0, r4, r7, fp, ip, lr}
 670:	4f000062 	svcmi	0x00000062
 674:	00006c0c 	andeq	r6, r0, ip, lsl #24
 678:	68910200 	ldmvs	r1, {r9}
 67c:	0070730a 	rsbseq	r7, r0, sl, lsl #6
 680:	01150d51 	tsteq	r5, r1, asr sp
 684:	91020000 	mrsls	r0, (UNDEF: 2)
 688:	03261a74 			@ <UNDEFINED> instruction: 0x03261a74
 68c:	00800800 	addeq	r0, r0, r0, lsl #16
 690:	02e70000 	rsceq	r0, r7, #0
 694:	9d080000 	stcls	0, cr0, [r8, #-0]
 698:	3900004b 	stmdbcc	r0, {r0, r1, r3, r6}
 69c:	0002050f 	andeq	r0, r2, pc, lsl #10
 6a0:	6c910200 	lfmvs	f0, 4, [r1], {0}
 6a4:	04181b00 	ldreq	r1, [r8], #-2816	@ 0xfffff500
 6a8:	001e0800 	andseq	r0, lr, r0, lsl #16
 6ac:	690a0000 	stmdbvs	sl, {}	@ <UNPREDICTABLE>
 6b0:	860c5c00 	strhi	r5, [ip], -r0, lsl #24
 6b4:	02000000 	andeq	r0, r0, #0
 6b8:	00007091 	muleq	r0, r1, r0
 6bc:	0058421c 	subseq	r4, r8, ip, lsl r2
 6c0:	06140100 	ldreq	r0, [r4], -r0, lsl #2
 6c4:	0800026c 	stmdaeq	r0, {r2, r3, r5, r6, r9}
 6c8:	00000008 	andeq	r0, r0, r8
 6cc:	5a009c01 	bpl	276d8 <vector_table-0x7fd8928>
 6d0:	05000001 	streq	r0, [r0, #-1]
 6d4:	2d040100 	stfcss	f0, [r4, #-0]
 6d8:	07000004 	streq	r0, [r0, -r4]
 6dc:	000038dd 	ldrdeq	r3, [r0], -sp
 6e0:	006b131d 	rsbeq	r1, fp, sp, lsl r3
 6e4:	0022d200 	eoreq	sp, r2, r0, lsl #4
 6e8:	0004ac00 	andeq	sl, r4, r0, lsl #24
 6ec:	00008a08 	andeq	r8, r0, r8, lsl #20
 6f0:	00050000 	andeq	r0, r5, r0
 6f4:	001a4b00 	andseq	r4, sl, r0, lsl #22
 6f8:	06010100 	streq	r0, [r1], -r0, lsl #2
 6fc:	0000294f 	andeq	r2, r0, pc, asr #18
 700:	38050201 	stmdacc	r5, {r0, r9}
 704:	01000006 	tsteq	r0, r6
 708:	27b10504 	ldrcs	r0, [r1, r4, lsl #10]!
 70c:	08010000 	stmdaeq	r1, {}	@ <UNPREDICTABLE>
 710:	00164005 	andseq	r4, r6, r5
 714:	45c70200 	strbmi	r0, [r7, #512]	@ 0x200
 718:	2e020000 	cdpcs	0, 0, cr0, cr2, cr0, {0}
 71c:	00005218 	andeq	r5, r0, r8, lsl r2
 720:	08010100 	stmdaeq	r1, {r8}
 724:	00002ae3 	andeq	r2, r0, r3, ror #21
 728:	0060b102 	rsbeq	fp, r0, r2, lsl #2
 72c:	19310200 	ldmdbne	r1!, {r9}
 730:	00000065 	andeq	r0, r0, r5, rrx
 734:	8a070201 	bhi	1c0f40 <vector_table-0x7e3f0c0>
 738:	01000004 	tsteq	r0, r4
 73c:	24a90704 	strtcs	r0, [r9], #1796	@ 0x704
 740:	08010000 	stmdaeq	r1, {}	@ <UNPREDICTABLE>
 744:	00353407 	eorseq	r3, r5, r7, lsl #8
 748:	05040800 	streq	r0, [r4, #-2048]	@ 0xfffff800
 74c:	00746e69 	rsbseq	r6, r4, r9, ror #28
 750:	7c070401 	cfstrsvc	mvf0, [r7], {1}
 754:	02000031 	andeq	r0, r0, #49	@ 0x31
 758:	00005bca 	andeq	r5, r0, sl, asr #23
 75c:	8117d603 	tsthi	r7, r3, lsl #12
 760:	01000000 	mrseq	r0, (UNDEF: 0)
 764:	3d630408 	cfstrdcc	mvd0, [r3, #-32]!	@ 0xffffffe0
 768:	10090000 	andne	r0, r9, r0
 76c:	d5090904 	strle	r0, [r9, #-2308]	@ 0xfffff6fc
 770:	04000000 	streq	r0, [r0], #-0
 774:	00003cf4 	strdeq	r3, [r0], -r4
 778:	00da140a 	sbcseq	r1, sl, sl, lsl #8
 77c:	05000000 	streq	r0, [r0, #-0]
 780:	00646e65 	rsbeq	r6, r4, r5, ror #28
 784:	00da140b 	sbcseq	r1, sl, fp, lsl #8
 788:	05040000 	streq	r0, [r4, #-0]
 78c:	00736f70 	rsbseq	r6, r3, r0, ror pc
 790:	00d50e0c 	sbcseq	r0, r5, ip, lsl #28
 794:	04080000 	streq	r0, [r8], #-0
 798:	00006a23 	andeq	r6, r0, r3, lsr #20
 79c:	00590e0d 	subseq	r0, r9, sp, lsl #28
 7a0:	000c0000 	andeq	r0, ip, r0
 7a4:	00004606 	andeq	r4, r0, r6, lsl #12
 7a8:	00d50a00 	sbcseq	r0, r5, r0, lsl #20
 7ac:	5e020000 	cdppl	0, 0, cr0, cr2, cr0, {0}
 7b0:	04000050 	streq	r0, [r0], #-80	@ 0xffffffb0
 7b4:	009b030e 	addseq	r0, fp, lr, lsl #6
 7b8:	ab0b0000 	blge	2c07c0 <vector_table-0x7d3f840>
 7bc:	0100003f 	tsteq	r0, pc, lsr r0
 7c0:	0131070d 	teqeq	r1, sp, lsl #14
 7c4:	04d60000 	ldrbeq	r0, [r6], #0
 7c8:	00600800 	rsbeq	r0, r0, r0, lsl #16
 7cc:	9c010000 	stcls	0, cr0, [r1], {-0}
 7d0:	00000131 	andeq	r0, r0, r1, lsr r1
 7d4:	0060c203 	rsbeq	ip, r0, r3, lsl #4
 7d8:	33200d00 	nopcc	{0}	@ <UNPREDICTABLE>
 7dc:	02000001 	andeq	r0, r0, #1
 7e0:	51036c91 			@ <UNDEFINED> instruction: 0x51036c91
 7e4:	0d00003d 	stceq	0, cr0, [r0, #-244]	@ 0xffffff0c
 7e8:	0000882d 	andeq	r8, r0, sp, lsr #16
 7ec:	68910200 	ldmvs	r1, {r9}
 7f0:	006b270c 	rsbeq	r2, fp, ip, lsl #14
 7f4:	0c160100 	ldfeqs	f0, [r6], {-0}
 7f8:	000000d5 	ldrdeq	r0, [r0], -r5
 7fc:	00749102 	rsbseq	r9, r4, r2, lsl #2
 800:	df06040d 	svcle	0x0006040d
 804:	0e000000 	cdpeq	0, 0, cr0, cr0, cr0, {0}
 808:	00006b06 	andeq	r6, r0, r6, lsl #22
 80c:	590a0301 	stmdbpl	sl, {r0, r8, r9}
 810:	ac000000 	stcge	0, cr0, [r0], {-0}
 814:	2a080004 	bcs	20082c <vector_table-0x7dff7d4>
 818:	01000000 	mrseq	r0, (UNDEF: 0)
 81c:	60c2039c 	smullvs	r0, r2, ip, r3
 820:	22030000 	andcs	r0, r3, #0
 824:	00000133 	andeq	r0, r0, r3, lsr r1
 828:	00749102 	rsbseq	r9, r4, r2, lsl #2
	...

Disassembly of section .debug_abbrev:

00000000 <.debug_abbrev>:
   0:	0b002401 	bleq	900c <vector_table-0x7ff6ff4>
   4:	030b3e0b 	movweq	r3, #48651	@ 0xbe0b
   8:	0200000e 	andeq	r0, r0, #14
   c:	13490005 	movtne	r0, #36869	@ 0x9005
  10:	34030000 	strcc	r0, [r3], #-0
  14:	3a080300 	bcc	200c1c <vector_table-0x7dff3e4>
  18:	0b3b0121 	bleq	ec04a4 <vector_table-0x713fb5c>
  1c:	13490b39 	movtne	r0, #39737	@ 0x9b39
  20:	00001802 	andeq	r1, r0, r2, lsl #16
  24:	3f012e04 	svccc	0x00012e04
  28:	3a0e0319 	bcc	380c94 <vector_table-0x7c7f36c>
  2c:	0b3b0121 	bleq	ec04b8 <vector_table-0x713fb48>
  30:	27062139 	smladxcs	r6, r9, r1, r2
  34:	12011119 	andne	r1, r1, #1073741830	@ 0x40000006
  38:	7a184006 	bvc	610058 <vector_table-0x79effa8>
  3c:	00130119 	andseq	r0, r3, r9, lsl r1
  40:	00050500 	andeq	r0, r5, r0, lsl #10
  44:	213a0e03 	teqcs	sl, r3, lsl #28
  48:	390b3b01 	stmdbcc	fp, {r0, r8, r9, fp, ip, sp}
  4c:	13491221 	movtne	r1, #37409	@ 0x9221
  50:	00001802 	andeq	r1, r0, r2, lsl #16
  54:	0b000f06 	bleq	3c74 <vector_table-0x7ffc38c>
  58:	13490421 	movtne	r0, #37921	@ 0x9421
  5c:	11070000 	mrsne	r0, (UNDEF: 7)
  60:	130e2501 	movwne	r2, #58625	@ 0xe501
  64:	1b0e030b 	blne	380c98 <vector_table-0x7c7f368>
  68:	1201110e 	andne	r1, r1, #-2147483645	@ 0x80000003
  6c:	79171006 	ldmdbvc	r7, {r1, r2, ip}
  70:	08000017 	stmdaeq	r0, {r0, r1, r2, r4}
  74:	0e030016 	mcreq	0, 0, r0, cr3, cr6, {0}
  78:	0b3b0b3a 	bleq	ec2d68 <vector_table-0x713d298>
  7c:	13490b39 	movtne	r0, #39737	@ 0x9b39
  80:	24090000 	strcs	r0, [r9], #-0
  84:	3e0b0b00 	vmlacc.f64	d0, d11, d0
  88:	0008030b 	andeq	r0, r8, fp, lsl #6
  8c:	000f0a00 	andeq	r0, pc, r0, lsl #20
  90:	00000b0b 	andeq	r0, r0, fp, lsl #22
  94:	2701150b 	strcs	r1, [r1, -fp, lsl #10]
  98:	00130119 	andseq	r0, r3, r9, lsl r1
  9c:	012e0c00 			@ <UNDEFINED> instruction: 0x012e0c00
  a0:	0e03193f 			@ <UNDEFINED> instruction: 0x0e03193f
  a4:	0b3b0b3a 	bleq	ec2d94 <vector_table-0x713d26c>
  a8:	193c0b39 	ldmdbne	ip!, {r0, r3, r4, r5, r8, r9, fp}
  ac:	00001301 	andeq	r1, r0, r1, lsl #6
  b0:	0000180d 	andeq	r1, r0, sp, lsl #16
  b4:	012e0e00 			@ <UNDEFINED> instruction: 0x012e0e00
  b8:	0e03193f 			@ <UNDEFINED> instruction: 0x0e03193f
  bc:	0b3b0b3a 	bleq	ec2dac <vector_table-0x713d254>
  c0:	19270b39 	stmdbne	r7!, {r0, r3, r4, r5, r8, r9, fp}
  c4:	193c1349 	ldmdbne	ip!, {r0, r3, r6, r8, r9, ip}
  c8:	00001301 	andeq	r1, r0, r1, lsl #6
  cc:	3f002e0f 	svccc	0x00002e0f
  d0:	3a0e0319 	bcc	380d3c <vector_table-0x7c7f2c4>
  d4:	390b3b0b 	stmdbcc	fp, {r0, r1, r3, r8, r9, fp, ip, sp}
  d8:	1113490b 	tstne	r3, fp, lsl #18
  dc:	40061201 	andmi	r1, r6, r1, lsl #4
  e0:	00197c18 	andseq	r7, r9, r8, lsl ip
  e4:	002e1000 	eoreq	r1, lr, r0
  e8:	0e03193f 			@ <UNDEFINED> instruction: 0x0e03193f
  ec:	0b3b0b3a 	bleq	ec2ddc <vector_table-0x713d224>
  f0:	01110b39 	tsteq	r1, r9, lsr fp
  f4:	18400612 	stmdane	r0, {r1, r4, r9, sl}^
  f8:	0000197c 	andeq	r1, r0, ip, ror r9
  fc:	3f012e11 	svccc	0x00012e11
 100:	3a0e0319 	bcc	380d6c <vector_table-0x7c7f294>
 104:	390b3b0b 	stmdbcc	fp, {r0, r1, r3, r8, r9, fp, ip, sp}
 108:	1119270b 	tstne	r9, fp, lsl #14
 10c:	40061201 	andmi	r1, r6, r1, lsl #4
 110:	00197a18 	andseq	r7, r9, r8, lsl sl
 114:	00051200 	andeq	r1, r5, r0, lsl #4
 118:	0b3a0803 	bleq	e8212c <vector_table-0x717ded4>
 11c:	0b390b3b 	bleq	e42e10 <vector_table-0x71bd1f0>
 120:	18021349 	stmdane	r2, {r0, r3, r6, r8, r9, ip}
 124:	01000000 	mrseq	r0, (UNDEF: 0)
 128:	0b0b0024 	bleq	2c01c0 <vector_table-0x7d3fe40>
 12c:	0e030b3e 	vmoveq.16	d3[0], r0
 130:	34020000 	strcc	r0, [r2], #-0
 134:	3a0e0300 	bcc	380d3c <vector_table-0x7c7f2c4>
 138:	0b3b0121 	bleq	ec05c4 <vector_table-0x713fa3c>
 13c:	49112139 	ldmdbmi	r1, {r0, r3, r4, r5, r8, sp}
 140:	3c193f13 	ldccc	15, cr3, [r9], {19}
 144:	03000019 	movweq	r0, #25
 148:	193f002e 	ldmdbne	pc!, {r1, r2, r3, r5}	@ <UNPREDICTABLE>
 14c:	213a0e03 	teqcs	sl, r3, lsl #28
 150:	390b3b01 	stmdbcc	fp, {r0, r8, r9, fp, ip, sp}
 154:	1119270b 	tstne	r9, fp, lsl #14
 158:	40061201 	andmi	r1, r6, r1, lsl #4
 15c:	00197a18 	andseq	r7, r9, r8, lsl sl
 160:	00340400 	eorseq	r0, r4, r0, lsl #8
 164:	213a0e03 	teqcs	sl, r3, lsl #28
 168:	390b3b01 	stmdbcc	fp, {r0, r8, r9, fp, ip, sp}
 16c:	0213490b 	andseq	r4, r3, #180224	@ 0x2c000
 170:	05000018 	streq	r0, [r0, #-24]	@ 0xffffffe8
 174:	0e03000d 	cdpeq	0, 0, cr0, cr3, cr13, {0}
 178:	3b01213a 	blcc	48668 <vector_table-0x7fb7998>
 17c:	0c21390b 			@ <UNDEFINED> instruction: 0x0c21390b
 180:	0b381349 	bleq	e04eac <vector_table-0x71fb154>
 184:	16060000 	strne	r0, [r6], -r0
 188:	3a0e0300 	bcc	380d90 <vector_table-0x7c7f270>
 18c:	390b3b0b 	stmdbcc	fp, {r0, r1, r3, r8, r9, fp, ip, sp}
 190:	0013490b 	andseq	r4, r3, fp, lsl #18
 194:	00260700 	eoreq	r0, r6, r0, lsl #14
 198:	00001349 	andeq	r1, r0, r9, asr #6
 19c:	0b000f08 	bleq	3dc4 <vector_table-0x7ffc23c>
 1a0:	13490421 	movtne	r0, #37921	@ 0x9421
 1a4:	11090000 	mrsne	r0, (UNDEF: 9)
 1a8:	130e2501 	movwne	r2, #58625	@ 0xe501
 1ac:	1b0e030b 	blne	380de0 <vector_table-0x7c7f220>
 1b0:	1201110e 	andne	r1, r1, #-2147483645	@ 0x80000003
 1b4:	79171006 	ldmdbvc	r7, {r1, r2, ip}
 1b8:	0a000017 	beq	21c <vector_table-0x7fffde4>
 1bc:	0b0b0024 	bleq	2c0254 <vector_table-0x7d3fdac>
 1c0:	08030b3e 	stmdaeq	r3, {r1, r2, r3, r4, r5, r8, r9, fp}
 1c4:	130b0000 	movwne	r0, #45056	@ 0xb000
 1c8:	3a0b0b01 	bcc	2c2dd4 <vector_table-0x7d3d22c>
 1cc:	390b3b0b 	stmdbcc	fp, {r0, r1, r3, r8, r9, fp, ip, sp}
 1d0:	0013010b 	andseq	r0, r3, fp, lsl #2
 1d4:	000d0c00 	andeq	r0, sp, r0, lsl #24
 1d8:	0b3a0803 	bleq	e821ec <vector_table-0x717de14>
 1dc:	0b390b3b 	bleq	e42ed0 <vector_table-0x71bd130>
 1e0:	0b381349 	bleq	e04f0c <vector_table-0x71fb0f4>
 1e4:	010d0000 	mrseq	r0, (UNDEF: 13)
 1e8:	01134901 	tsteq	r3, r1, lsl #18
 1ec:	0e000013 	mcreq	0, 0, r0, cr0, cr3, {0}
 1f0:	13490021 	movtne	r0, #36897	@ 0x9021
 1f4:	00000b2f 	andeq	r0, r0, pc, lsr #22
 1f8:	0300340f 	movweq	r3, #1039	@ 0x40f
 1fc:	3b0b3a0e 	blcc	2cea3c <vector_table-0x7d315c4>
 200:	490b390b 	stmdbmi	fp, {r0, r1, r3, r8, fp, ip, sp}
 204:	02193f13 	andseq	r3, r9, #19, 30	@ 0x4c
 208:	10000018 	andne	r0, r0, r8, lsl r0
 20c:	193f012e 	ldmdbne	pc!, {r1, r2, r3, r5, r8}	@ <UNPREDICTABLE>
 210:	0b3a0e03 	bleq	e83a24 <vector_table-0x717c5dc>
 214:	0b390b3b 	bleq	e42f08 <vector_table-0x71bd0f8>
 218:	193c1349 	ldmdbne	ip!, {r0, r3, r6, r8, r9, ip}
 21c:	00001301 	andeq	r1, r0, r1, lsl #6
 220:	00001811 	andeq	r1, r0, r1, lsl r8
 224:	012e1200 			@ <UNDEFINED> instruction: 0x012e1200
 228:	0e03193f 			@ <UNDEFINED> instruction: 0x0e03193f
 22c:	0b3b0b3a 	bleq	ec2f1c <vector_table-0x713d0e4>
 230:	19270b39 	stmdbne	r7!, {r0, r3, r4, r5, r8, r9, fp}
 234:	06120111 			@ <UNDEFINED> instruction: 0x06120111
 238:	197a1840 	ldmdbne	sl!, {r6, fp, ip}^
 23c:	00001301 	andeq	r1, r0, r1, lsl #6
 240:	3f002e13 	svccc	0x00002e13
 244:	3a0e0319 	bcc	380eb0 <vector_table-0x7c7f150>
 248:	390b3b0b 	stmdbcc	fp, {r0, r1, r3, r8, r9, fp, ip, sp}
 24c:	1119270b 	tstne	r9, fp, lsl #14
 250:	40061201 	andmi	r1, r6, r1, lsl #4
 254:	00197c18 	andseq	r7, r9, r8, lsl ip
 258:	012e1400 			@ <UNDEFINED> instruction: 0x012e1400
 25c:	0e03193f 			@ <UNDEFINED> instruction: 0x0e03193f
 260:	0b3b0b3a 	bleq	ec2f50 <vector_table-0x713d0b0>
 264:	19270b39 	stmdbne	r7!, {r0, r3, r4, r5, r8, r9, fp}
 268:	06120111 			@ <UNDEFINED> instruction: 0x06120111
 26c:	197c1840 	ldmdbne	ip!, {r6, fp, ip}^
 270:	01000000 	mrseq	r0, (UNDEF: 0)
 274:	0b0b0024 	bleq	2c030c <vector_table-0x7d3fcf4>
 278:	0e030b3e 	vmoveq.16	d3[0], r0
 27c:	0d020000 	stceq	0, cr0, [r2, #-0]
 280:	3a0e0300 	bcc	380e88 <vector_table-0x7c7f178>
 284:	390b3b0b 	stmdbcc	fp, {r0, r1, r3, r8, r9, fp, ip, sp}
 288:	3813490b 	ldmdacc	r3, {r0, r1, r3, r8, fp, lr}
 28c:	0300000b 	movweq	r0, #11
 290:	210b000f 	tstcs	fp, pc
 294:	00134904 	andseq	r4, r3, r4, lsl #18
 298:	00160400 	andseq	r0, r6, r0, lsl #8
 29c:	0b3a0e03 	bleq	e83ab0 <vector_table-0x717c550>
 2a0:	0b390b3b 	bleq	e42f94 <vector_table-0x71bd06c>
 2a4:	00001349 	andeq	r1, r0, r9, asr #6
 2a8:	03000505 	movweq	r0, #1285	@ 0x505
 2ac:	01213a0e 			@ <UNDEFINED> instruction: 0x01213a0e
 2b0:	0b390b3b 	bleq	e42fa4 <vector_table-0x71bd05c>
 2b4:	18021349 	stmdane	r2, {r0, r3, r6, r8, r9, ip}
 2b8:	0d060000 	stceq	0, cr0, [r6, #-0]
 2bc:	3a080300 	bcc	200ec4 <vector_table-0x7dff13c>
 2c0:	390b3b0b 	stmdbcc	fp, {r0, r1, r3, r8, r9, fp, ip, sp}
 2c4:	3813490b 	ldmdacc	r3, {r0, r1, r3, r8, fp, lr}
 2c8:	0700000b 	streq	r0, [r0, -fp]
 2cc:	13490005 	movtne	r0, #36869	@ 0x9005
 2d0:	34080000 	strcc	r0, [r8], #-0
 2d4:	3a0e0300 	bcc	380edc <vector_table-0x7c7f124>
 2d8:	0b3b0121 	bleq	ec0764 <vector_table-0x713f89c>
 2dc:	13490b39 	movtne	r0, #39737	@ 0x9b39
 2e0:	00001802 	andeq	r1, r0, r2, lsl #16
 2e4:	03003409 	movweq	r3, #1033	@ 0x409
 2e8:	01213a0e 			@ <UNDEFINED> instruction: 0x01213a0e
 2ec:	21390b3b 	teqcs	r9, fp, lsr fp
 2f0:	3f13490b 	svccc	0x0013490b
 2f4:	00180219 	andseq	r0, r8, r9, lsl r2
 2f8:	00340a00 	eorseq	r0, r4, r0, lsl #20
 2fc:	213a0803 	teqcs	sl, r3, lsl #16
 300:	390b3b01 	stmdbcc	fp, {r0, r8, r9, fp, ip, sp}
 304:	0213490b 	andseq	r4, r3, #180224	@ 0x2c000
 308:	0b000018 	bleq	370 <vector_table-0x7fffc90>
 30c:	0e250111 	mcreq	1, 1, r0, cr5, cr1, {0}
 310:	0e030b13 	vmoveq.32	d3[0], r0
 314:	01110e1b 	tsteq	r1, fp, lsl lr
 318:	17100612 			@ <UNDEFINED> instruction: 0x17100612
 31c:	00001779 	andeq	r1, r0, r9, ror r7
 320:	0b00240c 	bleq	9358 <vector_table-0x7ff6ca8>
 324:	030b3e0b 	movweq	r3, #48651	@ 0xbe0b
 328:	0d000008 	stceq	0, cr0, [r0, #-32]	@ 0xffffffe0
 32c:	0e030113 	mcreq	1, 0, r0, cr3, cr3, {0}
 330:	0b3a0b0b 	bleq	e82f64 <vector_table-0x717d09c>
 334:	0b390b3b 	bleq	e43028 <vector_table-0x71bcfd8>
 338:	00001301 	andeq	r1, r0, r1, lsl #6
 33c:	0b000f0e 	bleq	3f7c <vector_table-0x7ffc084>
 340:	0f00000b 	svceq	0x0000000b
 344:	19270115 	stmdbne	r7!, {r0, r2, r4, r8}
 348:	00001301 	andeq	r1, r0, r1, lsl #6
 34c:	0b011310 	bleq	44f94 <vector_table-0x7fbb06c>
 350:	3b0b3a0b 	blcc	2ceb84 <vector_table-0x7d3147c>
 354:	010b390b 	tsteq	fp, fp, lsl #18
 358:	11000013 	tstne	r0, r3, lsl r0
 35c:	13490026 	movtne	r0, #36902	@ 0x9026
 360:	34120000 	ldrcc	r0, [r2], #-0
 364:	3a0e0300 	bcc	380f6c <vector_table-0x7c7f094>
 368:	390b3b0b 	stmdbcc	fp, {r0, r1, r3, r8, r9, fp, ip, sp}
 36c:	3f13490b 	svccc	0x0013490b
 370:	00193c19 	andseq	r3, r9, r9, lsl ip
 374:	01011300 	mrseq	r1, SP_irq
 378:	13011349 	movwne	r1, #4937	@ 0x1349
 37c:	21140000 	tstcs	r4, r0
 380:	2f134900 	svccs	0x00134900
 384:	15000005 	strne	r0, [r0, #-5]
 388:	0e030034 	mcreq	0, 0, r0, cr3, cr4, {1}
 38c:	0b3b0b3a 	bleq	ec307c <vector_table-0x713cf84>
 390:	13490b39 	movtne	r0, #39737	@ 0x9b39
 394:	0188193f 	orreq	r1, r8, pc, lsr r9
 398:	0018020b 	andseq	r0, r8, fp, lsl #4
 39c:	012e1600 			@ <UNDEFINED> instruction: 0x012e1600
 3a0:	0e03193f 			@ <UNDEFINED> instruction: 0x0e03193f
 3a4:	0b3b0b3a 	bleq	ec3094 <vector_table-0x713cf6c>
 3a8:	19270b39 	stmdbne	r7!, {r0, r3, r4, r5, r8, r9, fp}
 3ac:	193c1349 	ldmdbne	ip!, {r0, r3, r6, r8, r9, ip}
 3b0:	00001301 	andeq	r1, r0, r1, lsl #6
 3b4:	3f002e17 	svccc	0x00002e17
 3b8:	3a0e0319 	bcc	381024 <vector_table-0x7c7efdc>
 3bc:	390b3b0b 	stmdbcc	fp, {r0, r1, r3, r8, r9, fp, ip, sp}
 3c0:	1201110b 	andne	r1, r1, #-1073741822	@ 0xc0000002
 3c4:	7c184006 	ldcvc	0, cr4, [r8], {6}
 3c8:	18000019 	stmdane	r0, {r0, r3, r4}
 3cc:	193f002e 	ldmdbne	pc!, {r1, r2, r3, r5}	@ <UNPREDICTABLE>
 3d0:	0b3a0e03 	bleq	e83be4 <vector_table-0x717c41c>
 3d4:	0b390b3b 	bleq	e430c8 <vector_table-0x71bcf38>
 3d8:	06120111 			@ <UNDEFINED> instruction: 0x06120111
 3dc:	197a1840 	ldmdbne	sl!, {r6, fp, ip}^
 3e0:	2e190000 	cdpcs	0, 1, cr0, cr9, cr0, {0}
 3e4:	03193f01 	tsteq	r9, #1, 30
 3e8:	3b0b3a0e 	blcc	2cec28 <vector_table-0x7d313d8>
 3ec:	270b390b 	strcs	r3, [fp, -fp, lsl #18]
 3f0:	11134919 	tstne	r3, r9, lsl r9
 3f4:	40061201 	andmi	r1, r6, r1, lsl #4
 3f8:	01197c18 	tsteq	r9, r8, lsl ip
 3fc:	1a000013 	bne	450 <vector_table-0x7fffbb0>
 400:	0111010b 	tsteq	r1, fp, lsl #2
 404:	13010612 	movwne	r0, #5650	@ 0x1612
 408:	0b1b0000 	bleq	6c0410 <vector_table-0x793fbf0>
 40c:	12011101 	andne	r1, r1, #1073741824	@ 0x40000000
 410:	1c000006 	stcne	0, cr0, [r0], {6}
 414:	193f002e 	ldmdbne	pc!, {r1, r2, r3, r5}	@ <UNPREDICTABLE>
 418:	0b3a0e03 	bleq	e83c2c <vector_table-0x717c3d4>
 41c:	0b390b3b 	bleq	e43110 <vector_table-0x71bcef0>
 420:	01111927 	tsteq	r1, r7, lsr #18
 424:	18400612 	stmdane	r0, {r1, r4, r9, sl}^
 428:	0000197a 	andeq	r1, r0, sl, ror r9
 42c:	00240100 	eoreq	r0, r4, r0, lsl #2
 430:	0b3e0b0b 	bleq	f83064 <vector_table-0x707cf9c>
 434:	00000e03 	andeq	r0, r0, r3, lsl #28
 438:	03001602 	movweq	r1, #1538	@ 0x602
 43c:	3b0b3a0e 	blcc	2cec7c <vector_table-0x7d31384>
 440:	490b390b 	stmdbmi	fp, {r0, r1, r3, r8, fp, ip, sp}
 444:	03000013 	movweq	r0, #19
 448:	0e030005 	cdpeq	0, 0, cr0, cr3, cr5, {0}
 44c:	3b01213a 	blcc	4893c <vector_table-0x7fb76c4>
 450:	490b390b 	stmdbmi	fp, {r0, r1, r3, r8, fp, ip, sp}
 454:	00180213 	andseq	r0, r8, r3, lsl r2
 458:	000d0400 	andeq	r0, sp, r0, lsl #8
 45c:	213a0e03 	teqcs	sl, r3, lsl #28
 460:	390b3b04 	stmdbcc	fp, {r2, r8, r9, fp, ip, sp}
 464:	3813490b 	ldmdacc	r3, {r0, r1, r3, r8, fp, lr}
 468:	0500000b 	streq	r0, [r0, #-11]
 46c:	0803000d 	stmdaeq	r3, {r0, r2, r3}
 470:	3b04213a 	blcc	108960 <vector_table-0x7ef76a0>
 474:	490b390b 	stmdbmi	fp, {r0, r1, r3, r8, fp, ip, sp}
 478:	000b3813 	andeq	r3, fp, r3, lsl r8
 47c:	000f0600 	andeq	r0, pc, r0, lsl #12
 480:	4904210b 	stmdbmi	r4, {r0, r1, r3, r8, sp}
 484:	07000013 	smladeq	r0, r3, r0, r0
 488:	0e250111 	mcreq	1, 1, r0, cr5, cr1, {0}
 48c:	0e030b13 	vmoveq.32	d3[0], r0
 490:	01110e1b 	tsteq	r1, fp, lsl lr
 494:	17100612 			@ <UNDEFINED> instruction: 0x17100612
 498:	00001779 	andeq	r1, r0, r9, ror r7
 49c:	0b002408 	bleq	94c4 <vector_table-0x7ff6b3c>
 4a0:	030b3e0b 	movweq	r3, #48651	@ 0xbe0b
 4a4:	09000008 	stmdbeq	r0, {r3}
 4a8:	0b0b0113 	bleq	2c08fc <vector_table-0x7d3f704>
 4ac:	0b3b0b3a 	bleq	ec319c <vector_table-0x713ce64>
 4b0:	13010b39 	movwne	r0, #6969	@ 0x1b39
 4b4:	260a0000 	strcs	r0, [sl], -r0
 4b8:	00134900 	andseq	r4, r3, r0, lsl #18
 4bc:	012e0b00 			@ <UNDEFINED> instruction: 0x012e0b00
 4c0:	0e03193f 			@ <UNDEFINED> instruction: 0x0e03193f
 4c4:	0b3b0b3a 	bleq	ec31b4 <vector_table-0x713ce4c>
 4c8:	19270b39 	stmdbne	r7!, {r0, r3, r4, r5, r8, r9, fp}
 4cc:	01111349 	tsteq	r1, r9, asr #6
 4d0:	18400612 	stmdane	r0, {r1, r4, r9, sl}^
 4d4:	1301197a 	movwne	r1, #6522	@ 0x197a
 4d8:	340c0000 	strcc	r0, [ip], #-0
 4dc:	3a0e0300 	bcc	3810e4 <vector_table-0x7c7ef1c>
 4e0:	390b3b0b 	stmdbcc	fp, {r0, r1, r3, r8, r9, fp, ip, sp}
 4e4:	0213490b 	andseq	r4, r3, #180224	@ 0x2c000
 4e8:	0d000018 	stceq	0, cr0, [r0, #-96]	@ 0xffffffa0
 4ec:	0b0b000f 	bleq	2c0530 <vector_table-0x7d3fad0>
 4f0:	2e0e0000 	cdpcs	0, 0, cr0, cr14, cr0, {0}
 4f4:	03193f01 	tsteq	r9, #1, 30
 4f8:	3b0b3a0e 	blcc	2ced38 <vector_table-0x7d312c8>
 4fc:	270b390b 	strcs	r3, [fp, -fp, lsl #18]
 500:	11134919 	tstne	r3, r9, lsl r9
 504:	40061201 	andmi	r1, r6, r1, lsl #4
 508:	00197a18 	andseq	r7, r9, r8, lsl sl
	...

Disassembly of section .debug_aranges:

00000000 <.debug_aranges>:
   0:	0000001c 	andeq	r0, r0, ip, lsl r0
   4:	00000002 	andeq	r0, r0, r2
   8:	00040000 	andeq	r0, r4, r0
   c:	00000000 	andeq	r0, r0, r0
  10:	08000040 	stmdaeq	r0, {r6}
  14:	00000110 	andeq	r0, r0, r0, lsl r1
	...
  20:	0000001c 	andeq	r0, r0, ip, lsl r0
  24:	01b30002 			@ <UNDEFINED> instruction: 0x01b30002
  28:	00040000 	andeq	r0, r4, r0
  2c:	00000000 	andeq	r0, r0, r0
  30:	08000150 	stmdaeq	r0, {r4, r6, r8}
  34:	00000118 	andeq	r0, r0, r8, lsl r1
	...
  40:	0000001c 	andeq	r0, r0, ip, lsl r0
  44:	03be0002 			@ <UNDEFINED> instruction: 0x03be0002
  48:	00040000 	andeq	r0, r4, r0
  4c:	00000000 	andeq	r0, r0, r0
  50:	0800026c 	stmdaeq	r0, {r2, r3, r5, r6, r9}
  54:	00000240 	andeq	r0, r0, r0, asr #4
	...
  60:	0000001c 	andeq	r0, r0, ip, lsl r0
  64:	06cf0002 	strbeq	r0, [pc], r2
  68:	00040000 	andeq	r0, r4, r0
  6c:	00000000 	andeq	r0, r0, r0
  70:	080004ac 	stmdaeq	r0, {r2, r3, r5, r7, sl}
  74:	0000008a 	andeq	r0, r0, sl, lsl #1
	...

Disassembly of section .debug_macro:

00000000 <.debug_macro>:
       0:	00020005 	andeq	r0, r2, r5
       4:	07000000 	streq	r0, [r0, -r0]
       8:	0000004f 	andeq	r0, r0, pc, asr #32
       c:	03010003 	movweq	r0, #4099	@ 0x1003
      10:	02050301 	andeq	r0, r5, #67108864	@ 0x4000000
      14:	0000246a 	andeq	r2, r0, sl, ror #8
      18:	07020403 	streq	r0, [r2, -r3, lsl #8]
      1c:	00000b09 	andeq	r0, r0, r9, lsl #22
      20:	04050304 	streq	r0, [r5], #-772	@ 0xfffffcfc
      24:	000e5707 	andeq	r5, lr, r7, lsl #14
      28:	07050400 	streq	r0, [r5, -r0, lsl #8]
      2c:	0000158f 	andeq	r1, r0, pc, lsl #11
      30:	05020304 	streq	r0, [r2, #-772]	@ 0xfffffcfc
      34:	87050504 	strhi	r0, [r5, -r4, lsl #10]
      38:	0500001e 	streq	r0, [r0, #-30]	@ 0xffffffe2
      3c:	0036cc06 	eorseq	ip, r6, r6, lsl #24
      40:	2e070500 	cfsh32cs	mvfx0, mvfx7, #0
      44:	05000034 	streq	r0, [r0, #-52]	@ 0xffffffcc
      48:	0006df08 	andeq	sp, r6, r8, lsl #30
      4c:	05000400 	streq	r0, [r0, #-1024]	@ 0xfffffc00
      50:	00050000 	andeq	r0, r5, r0
      54:	00001f8d 	andeq	r1, r0, sp, lsl #31
      58:	1aa70005 	bne	fe9c0074 <_estack+0xde9be074>
      5c:	00050000 	andeq	r0, r5, r0
      60:	000021e6 	andeq	r2, r0, r6, ror #3
      64:	08340005 	ldmdaeq	r4!, {r0, r2}
      68:	00050000 	andeq	r0, r5, r0
      6c:	00002e72 	andeq	r2, r0, r2, ror lr
      70:	0e9b0005 	cdpeq	0, 9, cr0, cr11, cr5, {0}
      74:	00050000 	andeq	r0, r5, r0
      78:	00000392 	muleq	r0, r2, r3
      7c:	20df0005 	sbcscs	r0, pc, r5
      80:	00050000 	andeq	r0, r5, r0
      84:	0000397e 	andeq	r3, r0, lr, ror r9
      88:	092d0005 	pusheq	{r0, r2}
      8c:	00050000 	andeq	r0, r5, r0
      90:	000006cc 	andeq	r0, r0, ip, asr #13
      94:	1f570005 	svcne	0x00570005
      98:	00050000 	andeq	r0, r5, r0
      9c:	000005e4 	andeq	r0, r0, r4, ror #11
      a0:	2fc60005 	svccs	0x00c60005
      a4:	00050000 	andeq	r0, r5, r0
      a8:	00001fdb 	ldrdeq	r1, [r0], -fp
      ac:	1d770005 	ldclne	0, cr0, [r7, #-20]!	@ 0xffffffec
      b0:	00050000 	andeq	r0, r5, r0
      b4:	000033e9 	andeq	r3, r0, r9, ror #7
      b8:	1faa0005 	svcne	0x00aa0005
      bc:	00050000 	andeq	r0, r5, r0
      c0:	00002aa4 	andeq	r2, r0, r4, lsr #21
      c4:	04670005 	strbteq	r0, [r7], #-5
      c8:	00050000 	andeq	r0, r5, r0
      cc:	00001333 	andeq	r1, r0, r3, lsr r3
      d0:	20cb0005 	sbccs	r0, fp, r5
      d4:	00050000 	andeq	r0, r5, r0
      d8:	000004c3 	andeq	r0, r0, r3, asr #9
      dc:	2e320005 	cdpcs	0, 3, cr0, cr2, cr5, {0}
      e0:	00050000 	andeq	r0, r5, r0
      e4:	00001cde 	ldrdeq	r1, [r0], -lr
      e8:	13d10005 	bicsne	r0, r1, #5
      ec:	00050000 	andeq	r0, r5, r0
      f0:	00001436 	andeq	r1, r0, r6, lsr r4
      f4:	05110005 	ldreq	r0, [r1, #-5]
      f8:	00050000 	andeq	r0, r5, r0
      fc:	00002617 	andeq	r2, r0, r7, lsl r6
     100:	07a70005 	streq	r0, [r7, r5]!
     104:	00050000 	andeq	r0, r5, r0
     108:	00002370 	andeq	r2, r0, r0, ror r3
     10c:	2bd70005 	blcs	ff5c0128 <_estack+0xdf5be128>
     110:	00050000 	andeq	r0, r5, r0
     114:	000037a2 	andeq	r3, r0, r2, lsr #15
     118:	31390005 	teqcc	r9, r5
     11c:	00050000 	andeq	r0, r5, r0
     120:	000031fd 	strdeq	r3, [r0], -sp
     124:	06000005 	streq	r0, [r0], -r5
     128:	00050000 	andeq	r0, r5, r0
     12c:	000010cc 	andeq	r1, r0, ip, asr #1
     130:	20300005 	eorscs	r0, r0, r5
     134:	00050000 	andeq	r0, r5, r0
     138:	000033fa 	strdeq	r3, [r0], -sl
     13c:	300b0005 	andcc	r0, fp, r5
     140:	00050000 	andeq	r0, r5, r0
     144:	0000047a 	andeq	r0, r0, sl, ror r4
     148:	24990005 	ldrcs	r0, [r9], #5
     14c:	00050000 	andeq	r0, r5, r0
     150:	00003966 	andeq	r3, r0, r6, ror #18
     154:	29410005 	stmdbcs	r1, {r0, r2}^
     158:	00050000 	andeq	r0, r5, r0
     15c:	00000629 	andeq	r0, r0, r9, lsr #12
     160:	27a20005 	strcs	r0, [r2, r5]!
     164:	00050000 	andeq	r0, r5, r0
     168:	00001631 	andeq	r1, r0, r1, lsr r6
     16c:	2ad40005 	bcs	ff500188 <_estack+0xdf4fe188>
     170:	00050000 	andeq	r0, r5, r0
     174:	0000156c 	andeq	r1, r0, ip, ror #10
     178:	2b730005 	blcs	1cc0194 <vector_table-0x633fe6c>
     17c:	00050000 	andeq	r0, r5, r0
     180:	00003524 	andeq	r3, r0, r4, lsr #10
     184:	07270005 	streq	r0, [r7, -r5]!
     188:	00050000 	andeq	r0, r5, r0
     18c:	00001afd 	strdeq	r1, [r0], -sp
     190:	0f360005 	svceq	0x00360005
     194:	00050000 	andeq	r0, r5, r0
     198:	00002b50 	andeq	r2, r0, r0, asr fp
     19c:	1d2e0005 	stcne	0, cr0, [lr, #-20]!	@ 0xffffffec
     1a0:	00050000 	andeq	r0, r5, r0
     1a4:	0000362d 	andeq	r3, r0, sp, lsr #12
     1a8:	25380005 	ldrcs	r0, [r8, #-5]!
     1ac:	00050000 	andeq	r0, r5, r0
     1b0:	000005a0 	andeq	r0, r0, r0, lsr #11
     1b4:	103c0005 	eorsne	r0, ip, r5
     1b8:	00050000 	andeq	r0, r5, r0
     1bc:	00001530 	andeq	r1, r0, r0, lsr r5
     1c0:	33b90005 			@ <UNDEFINED> instruction: 0x33b90005
     1c4:	00050000 	andeq	r0, r5, r0
     1c8:	00000a7c 	andeq	r0, r0, ip, ror sl
     1cc:	00960005 	addseq	r0, r6, r5
     1d0:	00050000 	andeq	r0, r5, r0
     1d4:	000017f2 	strdeq	r1, [r0], -r2
     1d8:	31670005 	cmncc	r7, r5
     1dc:	00050000 	andeq	r0, r5, r0
     1e0:	00002fd9 	ldrdeq	r2, [r0], -r9
     1e4:	309e0005 	addscc	r0, lr, r5
     1e8:	00050000 	andeq	r0, r5, r0
     1ec:	00000b9e 	muleq	r0, lr, fp
     1f0:	27720005 	ldrbcs	r0, [r2, -r5]!
     1f4:	00050000 	andeq	r0, r5, r0
     1f8:	00000883 	andeq	r0, r0, r3, lsl #17
     1fc:	25f30005 	ldrbcs	r0, [r3, #5]!
     200:	00050000 	andeq	r0, r5, r0
     204:	000005cd 	andeq	r0, r0, sp, asr #11
     208:	204b0005 	subcs	r0, fp, r5
     20c:	00050000 	andeq	r0, r5, r0
     210:	0000160a 	andeq	r1, r0, sl, lsl #12
     214:	2a8a0005 	bcs	fe280230 <_estack+0xde27e230>
     218:	00050000 	andeq	r0, r5, r0
     21c:	00002882 	andeq	r2, r0, r2, lsl #17
     220:	295b0005 	ldmdbcs	fp, {r0, r2}^
     224:	00050000 	andeq	r0, r5, r0
     228:	0000215c 	andeq	r2, r0, ip, asr r1
     22c:	0df10005 	ldcleq	0, cr0, [r1, #20]!
     230:	00050000 	andeq	r0, r5, r0
     234:	00000971 	andeq	r0, r0, r1, ror r9
     238:	208d0005 	addcs	r0, sp, r5
     23c:	00050000 	andeq	r0, r5, r0
     240:	00002af1 	strdeq	r2, [r0], -r1
     244:	2cb80005 	ldccs	0, cr0, [r8], #20
     248:	00050000 	andeq	r0, r5, r0
     24c:	00002475 	andeq	r2, r0, r5, ror r4
     250:	029e0005 	addseq	r0, lr, #5
     254:	00050000 	andeq	r0, r5, r0
     258:	000015a8 	andeq	r1, r0, r8, lsr #11
     25c:	26ac0005 	strtcs	r0, [ip], r5
     260:	00050000 	andeq	r0, r5, r0
     264:	00002c52 	andeq	r2, r0, r2, asr ip
     268:	23bb0005 			@ <UNDEFINED> instruction: 0x23bb0005
     26c:	00050000 	andeq	r0, r5, r0
     270:	00001198 	muleq	r0, r8, r1
     274:	34180005 	ldrcc	r0, [r8], #-5
     278:	00050000 	andeq	r0, r5, r0
     27c:	00003940 	andeq	r3, r0, r0, asr #18
     280:	078f0005 	streq	r0, [pc, r5]
     284:	00050000 	andeq	r0, r5, r0
     288:	00001ac0 	andeq	r1, r0, r0, asr #21
     28c:	00250005 	eoreq	r0, r5, r5
     290:	00050000 	andeq	r0, r5, r0
     294:	00002415 	andeq	r2, r0, r5, lsl r4
     298:	25b60005 	ldrcs	r0, [r6, #5]!
     29c:	00050000 	andeq	r0, r5, r0
     2a0:	00000f05 	andeq	r0, r0, r5, lsl #30
     2a4:	20640005 	rsbcs	r0, r4, r5
     2a8:	00050000 	andeq	r0, r5, r0
     2ac:	00002692 	muleq	r0, r2, r6
     2b0:	0eba0005 	cdpeq	0, 11, cr0, cr10, cr5, {0}
     2b4:	00050000 	andeq	r0, r5, r0
     2b8:	000019fb 	strdeq	r1, [r0], -fp
     2bc:	1a0e0005 	bne	3802d8 <vector_table-0x7c7fd28>
     2c0:	00050000 	andeq	r0, r5, r0
     2c4:	000022b6 			@ <UNDEFINED> instruction: 0x000022b6
     2c8:	1ece0005 	cdpne	0, 12, cr0, cr14, cr5, {0}
     2cc:	00050000 	andeq	r0, r5, r0
     2d0:	0000070f 	andeq	r0, r0, pc, lsl #14
     2d4:	0a9e0005 	beq	fe7802f0 <_estack+0xde77e2f0>
     2d8:	00050000 	andeq	r0, r5, r0
     2dc:	000019d4 	ldrdeq	r1, [r0], -r4
     2e0:	08460005 	stmdaeq	r6, {r0, r2}^
     2e4:	00050000 	andeq	r0, r5, r0
     2e8:	00001ea3 	andeq	r1, r0, r3, lsr #29
     2ec:	0ad70005 	beq	ff5c0308 <_estack+0xdf5be308>
     2f0:	00050000 	andeq	r0, r5, r0
     2f4:	0000388d 	andeq	r3, r0, sp, lsl #17
     2f8:	36fe0005 	ldrbtcc	r0, [lr], r5
     2fc:	00050000 	andeq	r0, r5, r0
     300:	0000310e 	andeq	r3, r0, lr, lsl #2
     304:	19190005 	ldmdbne	r9, {r0, r2}
     308:	00050000 	andeq	r0, r5, r0
     30c:	00002a66 	andeq	r2, r0, r6, ror #20
     310:	27890005 	strcs	r0, [r9, r5]
     314:	00050000 	andeq	r0, r5, r0
     318:	000003a3 	andeq	r0, r0, r3, lsr #7
     31c:	01e20005 	mvneq	r0, r5
     320:	00050000 	andeq	r0, r5, r0
     324:	00003a18 	andeq	r3, r0, r8, lsl sl
     328:	04460005 	strbeq	r0, [r6], #-5
     32c:	00050000 	andeq	r0, r5, r0
     330:	000028e0 	andeq	r2, r0, r0, ror #17
     334:	13630005 	cmnne	r3, #5
     338:	00050000 	andeq	r0, r5, r0
     33c:	00000f7b 	andeq	r0, r0, fp, ror pc
     340:	2cea0005 	stclcs	0, cr0, [sl], #20
     344:	00050000 	andeq	r0, r5, r0
     348:	000004f4 	strdeq	r0, [r0], -r4
     34c:	36840005 	strcc	r0, [r4], r5
     350:	00050000 	andeq	r0, r5, r0
     354:	00001c69 	andeq	r1, r0, r9, ror #24
     358:	010c0005 	tsteq	ip, r5
     35c:	00050000 	andeq	r0, r5, r0
     360:	00001f1b 	andeq	r1, r0, fp, lsl pc
     364:	1ffa0005 	svcne	0x00fa0005
     368:	00050000 	andeq	r0, r5, r0
     36c:	00000c44 	andeq	r0, r0, r4, asr #24
     370:	3ac80005 	bcc	ff20038c <_estack+0xdf1fe38c>
     374:	00050000 	andeq	r0, r5, r0
     378:	00001417 	andeq	r1, r0, r7, lsl r4
     37c:	17d20005 	ldrbne	r0, [r2, r5]
     380:	00050000 	andeq	r0, r5, r0
     384:	00002a33 	andeq	r2, r0, r3, lsr sl
     388:	2a090005 	bcs	2403a4 <vector_table-0x7dbfc5c>
     38c:	00050000 	andeq	r0, r5, r0
     390:	00002e94 	muleq	r0, r4, lr
     394:	1d1a0005 	ldcne	0, cr0, [sl, #-20]	@ 0xffffffec
     398:	00050000 	andeq	r0, r5, r0
     39c:	00003771 	andeq	r3, r0, r1, ror r7
     3a0:	0d850005 	stceq	0, cr0, [r5, #20]
     3a4:	00050000 	andeq	r0, r5, r0
     3a8:	0000229e 	muleq	r0, lr, r2
     3ac:	18df0005 	ldmne	pc, {r0, r2}^	@ <UNPREDICTABLE>
     3b0:	00050000 	andeq	r0, r5, r0
     3b4:	0000334a 	andeq	r3, r0, sl, asr #6
     3b8:	30b20005 	adcscc	r0, r2, r5
     3bc:	00050000 	andeq	r0, r5, r0
     3c0:	00000fa6 	andeq	r0, r0, r6, lsr #31
     3c4:	17360005 	ldrne	r0, [r6, -r5]!
     3c8:	00050000 	andeq	r0, r5, r0
     3cc:	00000cae 	andeq	r0, r0, lr, lsr #25
     3d0:	369b0005 	ldrcc	r0, [fp], r5
     3d4:	00050000 	andeq	r0, r5, r0
     3d8:	000032e4 	andeq	r3, r0, r4, ror #5
     3dc:	2fb20005 	svccs	0x00b20005
     3e0:	00050000 	andeq	r0, r5, r0
     3e4:	0000164e 	andeq	r1, r0, lr, asr #12
     3e8:	267c0005 	ldrbtcs	r0, [ip], -r5
     3ec:	00050000 	andeq	r0, r5, r0
     3f0:	000031a2 	andeq	r3, r0, r2, lsr #3
     3f4:	21800005 	orrcs	r0, r0, r5
     3f8:	00050000 	andeq	r0, r5, r0
     3fc:	00001c00 	andeq	r1, r0, r0, lsl #24
     400:	2b290005 	blcs	a4041c <vector_table-0x75bfbe4>
     404:	00050000 	andeq	r0, r5, r0
     408:	0000250d 	andeq	r2, r0, sp, lsl #10
     40c:	3ab30005 	bcc	fecc0428 <_estack+0xdecbe428>
     410:	00050000 	andeq	r0, r5, r0
     414:	00000a0b 	andeq	r0, r0, fp, lsl #20
     418:	33d10005 	bicscc	r0, r1, #5
     41c:	00050000 	andeq	r0, r5, r0
     420:	000032fd 	strdeq	r3, [r0], -sp
     424:	058c0005 	streq	r0, [ip, #5]
     428:	00050000 	andeq	r0, r5, r0
     42c:	00001b92 	muleq	r0, r2, fp
     430:	02860005 	addeq	r0, r6, #5
     434:	00050000 	andeq	r0, r5, r0
     438:	0000182a 	andeq	r1, r0, sl, lsr #16
     43c:	1fbc0005 	svcne	0x00bc0005
     440:	00050000 	andeq	r0, r5, r0
     444:	00003566 	andeq	r3, r0, r6, ror #10
     448:	00750005 	rsbseq	r0, r5, r5
     44c:	00050000 	andeq	r0, r5, r0
     450:	0000023d 	andeq	r0, r0, sp, lsr r2
     454:	03f90005 	mvnseq	r0, #5
     458:	00050000 	andeq	r0, r5, r0
     45c:	000010e8 	andeq	r1, r0, r8, ror #1
     460:	0cbc0005 	ldceq	0, cr0, [ip], #20
     464:	00050000 	andeq	r0, r5, r0
     468:	000034ee 	andeq	r3, r0, lr, ror #9
     46c:	378d0005 	strcc	r0, [sp, r5]
     470:	00050000 	andeq	r0, r5, r0
     474:	0000336b 	andeq	r3, r0, fp, ror #6
     478:	0fe80005 	svceq	0x00e80005
     47c:	00050000 	andeq	r0, r5, r0
     480:	00001ae6 	andeq	r1, r0, r6, ror #21
     484:	1db30005 	ldcne	0, cr0, [r3, #20]!
     488:	00050000 	andeq	r0, r5, r0
     48c:	0000066e 	andeq	r0, r0, lr, ror #12
     490:	23150005 	tstcs	r5, #5
     494:	00050000 	andeq	r0, r5, r0
     498:	00002b95 	muleq	r0, r5, fp
     49c:	28300005 	ldmdacs	r0!, {r0, r2}
     4a0:	00050000 	andeq	r0, r5, r0
     4a4:	0000373f 	andeq	r3, r0, pc, lsr r7
     4a8:	36eb0005 	strbtcc	r0, [fp], r5
     4ac:	00050000 	andeq	r0, r5, r0
     4b0:	0000298c 	andeq	r2, r0, ip, lsl #19
     4b4:	1d510005 	ldclne	0, cr0, [r1, #-20]	@ 0xffffffec
     4b8:	00050000 	andeq	r0, r5, r0
     4bc:	00003a54 	andeq	r3, r0, r4, asr sl
     4c0:	22460005 	subcs	r0, r6, #5
     4c4:	00050000 	andeq	r0, r5, r0
     4c8:	00003075 	andeq	r3, r0, r5, ror r0
     4cc:	12030005 	andne	r0, r3, #5
     4d0:	00050000 	andeq	r0, r5, r0
     4d4:	00003a02 	andeq	r3, r0, r2, lsl #20
     4d8:	22860005 	addcs	r0, r6, #5
     4dc:	00050000 	andeq	r0, r5, r0
     4e0:	00002928 	andeq	r2, r0, r8, lsr #18
     4e4:	04dc0005 	ldrbeq	r0, [ip], #5
     4e8:	00050000 	andeq	r0, r5, r0
     4ec:	000001cc 	andeq	r0, r0, ip, asr #3
     4f0:	187e0005 	ldmdane	lr!, {r0, r2}^
     4f4:	00050000 	andeq	r0, r5, r0
     4f8:	0000179d 	muleq	r0, sp, r7
     4fc:	07dd0005 	ldrbeq	r0, [sp, r5]
     500:	00050000 	andeq	r0, r5, r0
     504:	00001814 	andeq	r1, r0, r4, lsl r8
     508:	38100005 	ldmdacc	r0, {r0, r2}
     50c:	00050000 	andeq	r0, r5, r0
     510:	00001548 	andeq	r1, r0, r8, asr #10
     514:	06900005 	ldreq	r0, [r0], r5
     518:	00050000 	andeq	r0, r5, r0
     51c:	0000264f 	andeq	r2, r0, pc, asr #12
     520:	31c60005 	biccc	r0, r6, r5
     524:	00050000 	andeq	r0, r5, r0
     528:	00000a2f 	andeq	r0, r0, pc, lsr #20
     52c:	2c670005 	stclcs	0, cr0, [r7], #-20	@ 0xffffffec
     530:	00050000 	andeq	r0, r5, r0
     534:	00000bbc 			@ <UNDEFINED> instruction: 0x00000bbc
     538:	15bb0005 	ldrne	r0, [fp, #5]!
     53c:	00050000 	andeq	r0, r5, r0
     540:	00000e0c 	andeq	r0, r0, ip, lsl #28
     544:	042d0005 	strteq	r0, [sp], #-5
     548:	00050000 	andeq	r0, r5, r0
     54c:	00000747 	andeq	r0, r0, r7, asr #14
     550:	08f50005 	ldmeq	r5!, {r0, r2}^
     554:	00050000 	andeq	r0, r5, r0
     558:	00003267 	andeq	r3, r0, r7, ror #4
     55c:	14b20005 	ldrtne	r0, [r2], #5
     560:	00050000 	andeq	r0, r5, r0
     564:	000000b7 	strheq	r0, [r0], -r7
     568:	12300005 	eorsne	r0, r0, #5
     56c:	00050000 	andeq	r0, r5, r0
     570:	00001755 	andeq	r1, r0, r5, asr r7
     574:	28930005 	ldmcs	r3, {r0, r2}
     578:	00050000 	andeq	r0, r5, r0
     57c:	00000896 	muleq	r0, r6, r8
     580:	11170005 	tstne	r7, r5
     584:	00050000 	andeq	r0, r5, r0
     588:	00002f06 	andeq	r2, r0, r6, lsl #30
     58c:	188e0005 	stmne	lr, {r0, r2}
     590:	00050000 	andeq	r0, r5, r0
     594:	000018be 			@ <UNDEFINED> instruction: 0x000018be
     598:	10530005 	subsne	r0, r3, r5
     59c:	00050000 	andeq	r0, r5, r0
     5a0:	00001b1c 	andeq	r1, r0, ip, lsl fp
     5a4:	2abb0005 	bcs	feec05c0 <_estack+0xdeebe5c0>
     5a8:	00050000 	andeq	r0, r5, r0
     5ac:	000016e3 	andeq	r1, r0, r3, ror #13
     5b0:	1c2c0005 	stcne	0, cr0, [ip], #-20	@ 0xffffffec
     5b4:	00050000 	andeq	r0, r5, r0
     5b8:	000019b9 			@ <UNDEFINED> instruction: 0x000019b9
     5bc:	27ba0005 	ldrcs	r0, [sl, r5]!
     5c0:	00050000 	andeq	r0, r5, r0
     5c4:	000000f4 	strdeq	r0, [r0], -r4
     5c8:	37570005 	ldrbcc	r0, [r7, -r5]
     5cc:	00050000 	andeq	r0, r5, r0
     5d0:	0000026c 	andeq	r0, r0, ip, ror #4
     5d4:	2d7b0005 	ldclcs	0, cr0, [fp, #-20]!	@ 0xffffffec
     5d8:	00050000 	andeq	r0, r5, r0
     5dc:	00003045 	andeq	r3, r0, r5, asr #32
     5e0:	357d0005 	ldrbcc	r0, [sp, #-5]!
     5e4:	00050000 	andeq	r0, r5, r0
     5e8:	00003314 	andeq	r3, r0, r4, lsl r3
     5ec:	10880005 	addne	r0, r8, r5
     5f0:	00050000 	andeq	r0, r5, r0
     5f4:	000018f5 	strdeq	r1, [r0], -r5
     5f8:	35fd0005 	ldrbcc	r0, [sp, #5]!
     5fc:	00050000 	andeq	r0, r5, r0
     600:	0000354b 	andeq	r3, r0, fp, asr #10
     604:	1cf70005 	ldclne	0, cr0, [r7], #20
     608:	00050000 	andeq	r0, r5, r0
     60c:	00002487 	andeq	r2, r0, r7, lsl #9
     610:	24bb0005 	ldrtcs	r0, [fp], #5
     614:	00050000 	andeq	r0, r5, r0
     618:	00001283 	andeq	r1, r0, r3, lsl #5
     61c:	0e820005 	cdpeq	0, 8, cr0, cr2, cr5, {0}
     620:	00050000 	andeq	r0, r5, r0
     624:	00002d50 	andeq	r2, r0, r0, asr sp
     628:	2a530005 	bcs	14c0644 <vector_table-0x6b3f9bc>
     62c:	00050000 	andeq	r0, r5, r0
     630:	000030fb 	strdeq	r3, [r0], -fp
     634:	03590005 	cmpeq	r9, #5
     638:	00050000 	andeq	r0, r5, r0
     63c:	000013fc 	strdeq	r1, [r0], -ip
     640:	1f390005 	svcne	0x00390005
     644:	00050000 	andeq	r0, r5, r0
     648:	000032a3 	andeq	r3, r0, r3, lsr #5
     64c:	22350005 	eorscs	r0, r5, #5
     650:	00050000 	andeq	r0, r5, r0
     654:	00001156 	andeq	r1, r0, r6, asr r1
     658:	21420005 	cmpcs	r2, r5
     65c:	00050000 	andeq	r0, r5, r0
     660:	00002e57 	andeq	r2, r0, r7, asr lr
     664:	15e30005 	strbne	r0, [r3, #5]!
     668:	00050000 	andeq	r0, r5, r0
     66c:	00000063 	andeq	r0, r0, r3, rrx
     670:	21a90005 			@ <UNDEFINED> instruction: 0x21a90005
     674:	00050000 	andeq	r0, r5, r0
     678:	00000e66 	andeq	r0, r0, r6, ror #28
     67c:	27420005 	strbcs	r0, [r2, -r5]
     680:	00050000 	andeq	r0, r5, r0
     684:	00001b36 	andeq	r1, r0, r6, lsr fp
     688:	07f80005 	ldrbeq	r0, [r8, r5]!
     68c:	00050000 	andeq	r0, r5, r0
     690:	00002864 	andeq	r2, r0, r4, ror #16
     694:	384c0005 	stmdacc	ip, {r0, r2}^
     698:	00050000 	andeq	r0, r5, r0
     69c:	0000101f 	andeq	r1, r0, pc, lsl r0
     6a0:	20790005 	rsbscs	r0, r9, r5
     6a4:	00050000 	andeq	r0, r5, r0
     6a8:	00000f54 	andeq	r0, r0, r4, asr pc
     6ac:	171f0005 	ldrne	r0, [pc, -r5]
     6b0:	00050000 	andeq	r0, r5, r0
     6b4:	00002c22 	andeq	r2, r0, r2, lsr #24
     6b8:	0f170005 	svceq	0x00170005
     6bc:	00050000 	andeq	r0, r5, r0
     6c0:	00001995 	muleq	r0, r5, r9
     6c4:	03340005 	teqeq	r4, #5
     6c8:	00050000 	andeq	r0, r5, r0
     6cc:	0000399c 	muleq	r0, ip, r9
     6d0:	0c100005 	ldceq	0, cr0, [r0], {5}
     6d4:	00050000 	andeq	r0, r5, r0
     6d8:	00002442 	andeq	r2, r0, r2, asr #8
     6dc:	232e0005 			@ <UNDEFINED> instruction: 0x232e0005
     6e0:	00050000 	andeq	r0, r5, r0
     6e4:	000008e1 	andeq	r0, r0, r1, ror #17
     6e8:	0fcf0005 	svceq	0x00cf0005
     6ec:	00050000 	andeq	r0, r5, r0
     6f0:	0000052b 	andeq	r0, r0, fp, lsr #10
     6f4:	39e10005 	stmibcc	r1!, {r0, r2}^
     6f8:	00050000 	andeq	r0, r5, r0
     6fc:	000010ba 	strheq	r1, [r0], -sl
     700:	12490005 	subne	r0, r9, #5
     704:	00050000 	andeq	r0, r5, r0
     708:	00002c96 	muleq	r0, r6, ip
     70c:	1d8e0005 	stcne	0, cr0, [lr, #20]
     710:	00050000 	andeq	r0, r5, r0
     714:	000014e8 	andeq	r1, r0, r8, ror #9
     718:	3aa00005 	bcc	fe800734 <_estack+0xde7fe734>
     71c:	00050000 	andeq	r0, r5, r0
     720:	00001844 	andeq	r1, r0, r4, asr #16
     724:	30c80005 	sbccc	r0, r8, r5
     728:	00050000 	andeq	r0, r5, r0
     72c:	00001346 	andeq	r1, r0, r6, asr #6
     730:	0dd30005 	ldcleq	0, cr0, [r3, #20]
     734:	00050000 	andeq	r0, r5, r0
     738:	00001942 	andeq	r1, r0, r2, asr #18
     73c:	11f10005 	mvnsne	r0, r5
     740:	00050000 	andeq	r0, r5, r0
     744:	000020aa 	andeq	r2, r0, sl, lsr #1
     748:	239d0005 	orrscs	r0, sp, #5
     74c:	00050000 	andeq	r0, r5, r0
     750:	00001c3e 	andeq	r1, r0, lr, lsr ip
     754:	1a6a0005 	bne	1a80770 <vector_table-0x657f890>
     758:	00050000 	andeq	r0, r5, r0
     75c:	000017bf 			@ <UNDEFINED> instruction: 0x000017bf
     760:	10000005 	andne	r0, r0, r5
     764:	00050000 	andeq	r0, r5, r0
     768:	00002bec 	andeq	r2, r0, ip, ror #23
     76c:	11d40005 	bicsne	r0, r4, r5
     770:	00050000 	andeq	r0, r5, r0
     774:	00001bd5 	ldrdeq	r1, [r0], -r5
     778:	13e90005 	mvnne	r0, #5
     77c:	00050000 	andeq	r0, r5, r0
     780:	0000098a 	andeq	r0, r0, sl, lsl #19
     784:	1ef30005 	cdpne	0, 15, cr0, cr3, cr5, {0}
     788:	00050000 	andeq	r0, r5, r0
     78c:	00002d33 	andeq	r2, r0, r3, lsr sp
     790:	216c0005 	cmncs	ip, r5
     794:	00050000 	andeq	r0, r5, r0
     798:	00001975 	andeq	r1, r0, r5, ror r9
     79c:	09da0005 	ldmibeq	sl, {r0, r2}^
     7a0:	00050000 	andeq	r0, r5, r0
     7a4:	00000e3c 	andeq	r0, r0, ip, lsr lr
     7a8:	01560005 	cmpeq	r6, r5
     7ac:	00050000 	andeq	r0, r5, r0
     7b0:	00000f67 	andeq	r0, r0, r7, ror #30
     7b4:	06b80005 	ldrteq	r0, [r8], r5
     7b8:	00050000 	andeq	r0, r5, r0
     7bc:	00001473 	andeq	r1, r0, r3, ror r4
     7c0:	16640005 	strbtne	r0, [r4], -r5
     7c4:	00050000 	andeq	r0, r5, r0
     7c8:	000016bb 			@ <UNDEFINED> instruction: 0x000016bb
     7cc:	32460005 	subcc	r0, r6, #5
     7d0:	00050000 	andeq	r0, r5, r0
     7d4:	000021f8 	strdeq	r2, [r0], -r8
     7d8:	0b290005 	bleq	a407f4 <vector_table-0x75bf80c>
     7dc:	00050000 	andeq	r0, r5, r0
     7e0:	000009ae 	andeq	r0, r0, lr, lsr #19
     7e4:	3a7f0005 	bcc	1fc0800 <vector_table-0x603f800>
     7e8:	00050000 	andeq	r0, r5, r0
     7ec:	000035ef 	andeq	r3, r0, pc, ror #11
     7f0:	02200005 	eoreq	r0, r0, #5
     7f4:	00050000 	andeq	r0, r5, r0
     7f8:	00002a7b 	andeq	r2, r0, fp, ror sl
     7fc:	24cd0005 	strbcs	r0, [sp], #5
     800:	00050000 	andeq	r0, r5, r0
     804:	00002846 	andeq	r2, r0, r6, asr #16
     808:	26410005 	strbcs	r0, [r1], -r5
     80c:	00050000 	andeq	r0, r5, r0
     810:	00002560 	andeq	r2, r0, r0, ror #10
     814:	31940005 	orrscc	r0, r4, r5
     818:	00050000 	andeq	r0, r5, r0
     81c:	000029b4 			@ <UNDEFINED> instruction: 0x000029b4
     820:	1de30005 	stclne	0, cr0, [r3, #20]!
     824:	00050000 	andeq	r0, r5, r0
     828:	000026e5 	andeq	r2, r0, r5, ror #13
     82c:	2d6c0005 	stclcs	0, cr0, [ip, #-20]!	@ 0xffffffec
     830:	00050000 	andeq	r0, r5, r0
     834:	000029c4 	andeq	r2, r0, r4, asr #19
     838:	15d40005 	ldrbne	r0, [r4, #5]
     83c:	00050000 	andeq	r0, r5, r0
     840:	00002da6 	andeq	r2, r0, r6, lsr #27
     844:	26f40005 	ldrbtcs	r0, [r4], r5
     848:	00050000 	andeq	r0, r5, r0
     84c:	00001c59 	andeq	r1, r0, r9, asr ip
     850:	022e0005 	eoreq	r0, lr, #5
     854:	00050000 	andeq	r0, r5, r0
     858:	00001cc2 	andeq	r1, r0, r2, asr #25
     85c:	1be80005 	blne	ffa00878 <_estack+0xdf9fe878>
     860:	00050000 	andeq	r0, r5, r0
     864:	00002c44 	andeq	r2, r0, r4, asr #24
     868:	2db60005 	ldccs	0, cr0, [r6, #20]!
     86c:	00050000 	andeq	r0, r5, r0
     870:	000014a3 	andeq	r1, r0, r3, lsr #9
     874:	0c010005 	stceq	0, cr0, [r1], {5}
     878:	00050000 	andeq	r0, r5, r0
     87c:	00000d31 	andeq	r0, r0, r1, lsr sp
     880:	13c20005 	bicne	r0, r2, #5
     884:	00050000 	andeq	r0, r5, r0
     888:	00000043 	andeq	r0, r0, r3, asr #32
     88c:	35e00005 	strbcc	r0, [r0, #5]!
     890:	00050000 	andeq	r0, r5, r0
     894:	00001df1 	strdeq	r1, [r0], -r1	@ <UNPREDICTABLE>
     898:	256f0005 	strbcs	r0, [pc, #-5]!	@ 89b <vector_table-0x7fff765>
     89c:	00050000 	andeq	r0, r5, r0
     8a0:	000019eb 	andeq	r1, r0, fp, ror #19
     8a4:	12a10005 	adcne	r0, r1, #5
     8a8:	00050000 	andeq	r0, r5, r0
     8ac:	00001379 	andeq	r1, r0, r9, ror r3
     8b0:	0a5a0005 	beq	16808cc <vector_table-0x697f734>
     8b4:	00050000 	andeq	r0, r5, r0
     8b8:	0000057c 	andeq	r0, r0, ip, ror r5
     8bc:	32d40005 	sbcscc	r0, r4, #5
     8c0:	00050000 	andeq	r0, r5, r0
     8c4:	0000177b 	andeq	r1, r0, fp, ror r7
     8c8:	24f60005 	ldrbtcs	r0, [r6], #5
     8cc:	00050000 	andeq	r0, r5, r0
     8d0:	00001b7b 	andeq	r1, r0, fp, ror fp
     8d4:	16fa0005 	ldrbtne	r0, [sl], r5
     8d8:	00050000 	andeq	r0, r5, r0
     8dc:	00000615 	andeq	r0, r0, r5, lsl r6
     8e0:	0bdc0005 	bleq	ff7008fc <_estack+0xdf6fe8fc>
     8e4:	00050000 	andeq	r0, r5, r0
     8e8:	00000d0c 	andeq	r0, r0, ip, lsl #26
     8ec:	2f8d0005 	svccs	0x008d0005
     8f0:	00050000 	andeq	r0, r5, r0
     8f4:	00000cee 	andeq	r0, r0, lr, ror #25
     8f8:	35c20005 	strbcc	r0, [r2, #5]
     8fc:	00050000 	andeq	r0, r5, r0
     900:	000002b5 			@ <UNDEFINED> instruction: 0x000002b5
     904:	2dd30005 	ldclcs	0, cr0, [r3, #20]
     908:	00050000 	andeq	r0, r5, r0
     90c:	00001954 	andeq	r1, r0, r4, asr r9
     910:	32b50005 	adcscc	r0, r5, #5
     914:	00050000 	andeq	r0, r5, r0
     918:	0000117b 	andeq	r1, r0, fp, ror r1
     91c:	0d950005 	ldceq	0, cr0, [r5, #20]
     920:	00050000 	andeq	r0, r5, r0
     924:	00002f6e 	andeq	r2, r0, lr, ror #30
     928:	1e380005 	cdpne	0, 3, cr0, cr8, cr5, {0}
     92c:	00050000 	andeq	r0, r5, r0
     930:	00002902 	andeq	r2, r0, r2, lsl #18
     934:	05570005 	ldrbeq	r0, [r7, #-5]
     938:	00050000 	andeq	r0, r5, r0
     93c:	00002cc9 	andeq	r2, r0, r9, asr #25
     940:	14530005 	ldrbne	r0, [r3], #-5
     944:	00050000 	andeq	r0, r5, r0
     948:	00001eb2 			@ <UNDEFINED> instruction: 0x00001eb2
     94c:	2edd0005 	cdpcs	0, 13, cr0, cr13, cr5, {0}
     950:	00050000 	andeq	r0, r5, r0
     954:	00002343 	andeq	r2, r0, r3, asr #6
     958:	01fe0005 	mvnseq	r0, r5
     95c:	00050000 	andeq	r0, r5, r0
     960:	0000125b 	andeq	r1, r0, fp, asr r2
     964:	31270006 			@ <UNDEFINED> instruction: 0x31270006
     968:	00050000 	andeq	r0, r5, r0
     96c:	000033a4 	andeq	r3, r0, r4, lsr #7
     970:	38380005 	ldmdacc	r8!, {r0, r2}
     974:	00060000 	andeq	r0, r6, r0
     978:	000003e4 	andeq	r0, r0, r4, ror #7
     97c:	2b0e0006 	blcs	38099c <vector_table-0x7c7f664>
     980:	00060000 	andeq	r0, r6, r0
     984:	00000ea7 	andeq	r0, r0, r7, lsr #29
     988:	13190005 	tstne	r9, #5
     98c:	00060000 	andeq	r0, r6, r0
     990:	0000065a 	andeq	r0, r0, sl, asr r6
     994:	37fc0006 	ldrbcc	r0, [ip, r6]!
     998:	00060000 	andeq	r0, r6, r0
     99c:	00000b57 	andeq	r0, r0, r7, asr fp
     9a0:	031e0006 	tsteq	lr, #6
     9a4:	00050000 	andeq	r0, r5, r0
     9a8:	00000ab9 			@ <UNDEFINED> instruction: 0x00000ab9
     9ac:	372b0006 	strcc	r0, [fp, -r6]!
     9b0:	00060000 	andeq	r0, r6, r0
     9b4:	00000a6a 	andeq	r0, r0, sl, ror #20
     9b8:	14ce0006 	strbne	r0, [lr], #6
     9bc:	00060000 	andeq	r0, r6, r0
     9c0:	00001516 	andeq	r1, r0, r6, lsl r5
     9c4:	23cd0006 	biccs	r0, sp, #6
     9c8:	00060000 	andeq	r0, r6, r0
     9cc:	00000b8b 	andeq	r0, r0, fp, lsl #23
     9d0:	3a340006 	bcc	d009f0 <vector_table-0x72ff610>
     9d4:	00050000 	andeq	r0, r5, r0
     9d8:	000025a0 	andeq	r2, r0, r0, lsr #11
     9dc:	15f60005 	ldrbne	r0, [r6, #5]!
     9e0:	00060000 	andeq	r0, r6, r0
     9e4:	000008c4 	andeq	r0, r0, r4, asr #17
     9e8:	01ae0006 			@ <UNDEFINED> instruction: 0x01ae0006
     9ec:	00050000 	andeq	r0, r5, r0
     9f0:	00000d40 	andeq	r0, r0, r0, asr #26
     9f4:	02f00005 	rscseq	r0, r0, #5
     9f8:	00060000 	andeq	r0, r6, r0
     9fc:	00001e74 	andeq	r1, r0, r4, ror lr
     a00:	36560005 	ldrbcc	r0, [r6], -r5
     a04:	00050000 	andeq	r0, r5, r0
     a08:	00001da9 	andeq	r1, r0, r9, lsr #27
     a0c:	174a0006 	strbne	r0, [sl, -r6]
     a10:	00050000 	andeq	r0, r5, r0
     a14:	00000827 	andeq	r0, r0, r7, lsr #16
     a18:	34840005 	strcc	r0, [r4], #5
     a1c:	00050000 	andeq	r0, r5, r0
     a20:	00001e1d 	andeq	r1, r0, sp, lsl lr
     a24:	291c0005 	ldmdbcs	ip, {r0, r2}
     a28:	00050000 	andeq	r0, r5, r0
     a2c:	00000aac 	andeq	r0, r0, ip, lsr #21
     a30:	13b40005 			@ <UNDEFINED> instruction: 0x13b40005
     a34:	00060000 	andeq	r0, r6, r0
     a38:	00001bc0 	andeq	r1, r0, r0, asr #23
     a3c:	1c870005 	stcne	0, cr0, [r7], {5}
     a40:	00050000 	andeq	r0, r5, r0
     a44:	00001bb4 			@ <UNDEFINED> instruction: 0x00001bb4
     a48:	2ef90005 	cdpcs	0, 15, cr0, cr9, cr5, {0}
     a4c:	00050000 	andeq	r0, r5, r0
     a50:	00002c15 	andeq	r2, r0, r5, lsl ip
     a54:	1d110006 	ldcne	0, cr0, [r1, #-24]	@ 0xffffffe8
     a58:	00060000 	andeq	r0, r6, r0
     a5c:	00000307 	andeq	r0, r0, r7, lsl #6
     a60:	0b0b0006 	bleq	2c0a80 <vector_table-0x7d3f580>
     a64:	00060000 	andeq	r0, r6, r0
     a68:	00002607 	andeq	r2, r0, r7, lsl #12
     a6c:	0c7a0006 	ldcleq	0, cr0, [sl], #-24	@ 0xffffffe8
     a70:	00060000 	andeq	r0, r6, r0
     a74:	00000000 	andeq	r0, r0, r0
     a78:	095a0006 	ldmdbeq	sl, {r1, r2}^
     a7c:	00060000 	andeq	r0, r6, r0
     a80:	00001a58 	andeq	r1, r0, r8, asr sl
     a84:	01f10006 	mvnseq	r0, r6
     a88:	00060000 	andeq	r0, r6, r0
     a8c:	00000b6d 	andeq	r0, r0, sp, ror #22
     a90:	21be0006 			@ <UNDEFINED> instruction: 0x21be0006
     a94:	00050000 	andeq	r0, r5, r0
     a98:	00001857 	andeq	r1, r0, r7, asr r8
     a9c:	2e110005 	cdpcs	0, 1, cr0, cr1, cr5, {0}
     aa0:	00050000 	andeq	r0, r5, r0
     aa4:	0000190d 	andeq	r1, r0, sp, lsl #18
     aa8:	2dc40005 	stclcs	0, cr0, [r4, #20]
     aac:	00060000 	andeq	r0, r6, r0
     ab0:	00000acd 	andeq	r0, r0, sp, asr #21
     ab4:	12f40005 	rscsne	r0, r4, #5
     ab8:	00050000 	andeq	r0, r5, r0
     abc:	000027fc 	strdeq	r2, [r0], -ip
     ac0:	03c70005 	biceq	r0, r7, #5
     ac4:	00060000 	andeq	r0, r6, r0
     ac8:	0000170a 	andeq	r1, r0, sl, lsl #14
     acc:	1f750005 	svcne	0x00750005
     ad0:	00060000 	andeq	r0, r6, r0
     ad4:	00001ad4 	ldrdeq	r1, [r0], -r4
     ad8:	02d70006 	sbcseq	r0, r7, #6
     adc:	00060000 	andeq	r0, r6, r0
     ae0:	000036b2 			@ <UNDEFINED> instruction: 0x000036b2
     ae4:	27d70006 	ldrbcs	r0, [r7, r6]
     ae8:	00060000 	andeq	r0, r6, r0
     aec:	000025ce 	andeq	r2, r0, lr, asr #11
     af0:	20120006 	andscs	r0, r2, r6
     af4:	00050000 	andeq	r0, r5, r0
     af8:	00002121 	andeq	r2, r0, r1, lsr #2
     afc:	1e6a0005 	cdpne	0, 6, cr0, cr10, cr5, {0}
     b00:	00050000 	andeq	r0, r5, r0
     b04:	00000d5c 	andeq	r0, r0, ip, asr sp
     b08:	00000500 	andeq	r0, r0, r0, lsl #10
     b0c:	01471d05 	cmpeq	r7, r5, lsl #26
     b10:	64060000 	strvs	r0, [r6], #-0
     b14:	0000008d 	andeq	r0, r0, sp, lsl #1
     b18:	32306505 	eorscc	r6, r0, #20971520	@ 0x1400000
     b1c:	66060000 	strvs	r0, [r6], -r0
     b20:	000005f7 	strdeq	r0, [r0], -r7
     b24:	0edd6705 	cdpeq	7, 13, cr6, cr13, cr5, {0}
     b28:	6a060000 	bvs	180b30 <vector_table-0x7e7f4d0>
     b2c:	0000008c 	andeq	r0, r0, ip, lsl #1
     b30:	06426b05 	strbeq	r6, [r2], -r5, lsl #22
     b34:	6e060000 	cdpvs	0, 0, cr0, cr6, cr0, {0}
     b38:	000003bd 			@ <UNDEFINED> instruction: 0x000003bd
     b3c:	366c6f05 	strbtcc	r6, [ip], -r5, lsl #30
     b40:	70060000 	andvc	r0, r6, r0
     b44:	00001015 	andeq	r1, r0, r5, lsl r0
     b48:	1dc87105 	stfnee	f7, [r8, #20]
     b4c:	74060000 	strvc	r0, [r6], #-0
     b50:	000003bc 			@ <UNDEFINED> instruction: 0x000003bc
     b54:	27287505 	strcs	r7, [r8, -r5, lsl #10]!
     b58:	78060000 	stmdavc	r6, {}	@ <UNPREDICTABLE>
     b5c:	00002b04 	andeq	r2, r0, r4, lsl #22
     b60:	00ce7905 	sbceq	r7, lr, r5, lsl #18
     b64:	7a060000 	bvc	180b6c <vector_table-0x7e7f494>
     b68:	00000fc5 	andeq	r0, r0, r5, asr #31
     b6c:	0af07b05 	beq	ffc1f788 <_estack+0xdfc1d788>
     b70:	7e060000 	cdpvc	0, 0, cr0, cr6, cr0, {0}
     b74:	00002b03 	andeq	r2, r0, r3, lsl #22
     b78:	35a87f05 	strcc	r7, [r8, #3845]!	@ 0xf05
     b7c:	82060000 	andhi	r0, r6, #0
     b80:	00318a01 	eorseq	r8, r1, r1, lsl #20
     b84:	01830500 	orreq	r0, r3, r0, lsl #10
     b88:	0000220d 	andeq	r2, r0, sp, lsl #4
     b8c:	21018406 	tstcs	r1, r6, lsl #8
     b90:	05000037 	streq	r0, [r0, #-55]	@ 0xffffffc9
     b94:	24db0185 	ldrbcs	r0, [fp], #389	@ 0x185
     b98:	88060000 	stmdahi	r6, {}	@ <UNPREDICTABLE>
     b9c:	00318901 	eorseq	r8, r1, r1, lsl #18
     ba0:	01890500 	orreq	r0, r9, r0, lsl #10
     ba4:	000037c8 	andeq	r3, r0, r8, asr #15
     ba8:	85018c06 	strhi	r8, [r1, #-3078]	@ 0xfffff3fa
     bac:	0500002e 	streq	r0, [r0, #-46]	@ 0xffffffd2
     bb0:	1a36018d 	bne	d811ec <vector_table-0x727ee14>
     bb4:	8e060000 	cdphi	0, 0, cr0, cr6, cr0, {0}
     bb8:	0029fa01 	eoreq	pc, r9, r1, lsl #20
     bbc:	018f0500 	orreq	r0, pc, r0, lsl #10
     bc0:	00002eb8 			@ <UNDEFINED> instruction: 0x00002eb8
     bc4:	84019006 	strhi	r9, [r1], #-6
     bc8:	0500002e 	streq	r0, [r0, #-46]	@ 0xffffffd2
     bcc:	076b0191 			@ <UNDEFINED> instruction: 0x076b0191
     bd0:	92060000 	andls	r0, r6, #0
     bd4:	00186e01 	andseq	r6, r8, r1, lsl #28
     bd8:	01930500 	orrseq	r0, r3, r0, lsl #10
     bdc:	00000175 	andeq	r0, r0, r5, ror r1
     be0:	2b019406 	blcs	65c00 <vector_table-0x7f9a400>
     be4:	05000001 	streq	r0, [r0, #-1]
     be8:	09060195 	stmdbeq	r6, {r0, r2, r4, r7, r8}
     bec:	96060000 	strls	r0, [r6], -r0
     bf0:	00186d01 	andseq	r6, r8, r1, lsl #26
     bf4:	01970500 	orrseq	r0, r7, r0, lsl #10
     bf8:	000029d4 	ldrdeq	r2, [r0], -r4
     bfc:	73019806 	movwvc	r9, #6150	@ 0x1806
     c00:	05000012 	streq	r0, [r0, #-18]	@ 0xffffffee
     c04:	39bd0199 	ldmibcc	sp!, {r0, r3, r4, r7, r8}
     c08:	9a060000 	bls	180c10 <vector_table-0x7e7f3f0>
     c0c:	0023df01 	eoreq	sp, r3, r1, lsl #30
     c10:	019b0500 	orrseq	r0, fp, r0, lsl #10
     c14:	00002bb0 			@ <UNDEFINED> instruction: 0x00002bb0
     c18:	72019c06 	andvc	r9, r1, #1536	@ 0x600
     c1c:	05000012 	streq	r0, [r0, #-18]	@ 0xffffffee
     c20:	049d019d 	ldreq	r0, [sp], #413	@ 0x19d
     c24:	9e060000 	cdpls	0, 0, cr0, cr6, cr0, {0}
     c28:	00159801 	andseq	r9, r5, r1, lsl #16
     c2c:	019f0500 	orrseq	r0, pc, r0, lsl #10
     c30:	000028bc 			@ <UNDEFINED> instruction: 0x000028bc
     c34:	3101a006 	tstcc	r1, r6
     c38:	05000026 	streq	r0, [r0, #-38]	@ 0xffffffda
     c3c:	26be01a1 	ldrtcs	r0, [lr], r1, lsr #3
     c40:	a2060000 	andge	r0, r6, #0
     c44:	00159701 	andseq	r9, r5, r1, lsl #14
     c48:	01a30500 			@ <UNDEFINED> instruction: 0x01a30500
     c4c:	000020fb 	strdeq	r2, [r0], -fp
     c50:	9501a506 	strls	sl, [r1, #-1286]	@ 0xfffffafa
     c54:	05000013 	streq	r0, [r0, #-19]	@ 0xffffffed
     c58:	0db301a6 	ldfeqs	f0, [r3, #664]!	@ 0x298
     c5c:	a7060000 	strge	r0, [r6, -r0]
     c60:	001e5c01 	andseq	r5, lr, r1, lsl #24
     c64:	01a80500 			@ <UNDEFINED> instruction: 0x01a80500
     c68:	00001b49 	andeq	r1, r0, r9, asr #22
     c6c:	9401a906 	strls	sl, [r1], #-2310	@ 0xfffff6fa
     c70:	05000013 	streq	r0, [r0, #-19]	@ 0xffffffed
     c74:	2f4c01aa 	svccs	0x004c01aa
     c78:	ab060000 	blge	180c80 <vector_table-0x7e7f380>
     c7c:	00382901 	eorseq	r2, r8, r1, lsl #18
     c80:	01ac0500 			@ <UNDEFINED> instruction: 0x01ac0500
     c84:	00000370 	andeq	r0, r0, r0, ror r3
     c88:	1201ad06 	andne	sl, r1, #384	@ 0x180
     c8c:	05000037 	streq	r0, [r0, #-55]	@ 0xffffffc9
     c90:	2d0101ae 	stfcss	f0, [r1, #-696]	@ 0xfffffd48
     c94:	af060000 	svcge	0x00060000
     c98:	00382801 	eorseq	r2, r8, r1, lsl #16
     c9c:	01b00500 	lslseq	r0, r0, #10
     ca0:	00003492 	muleq	r0, r2, r4
     ca4:	2601b106 	strcs	fp, [r1], -r6, lsl #2
     ca8:	05000022 	streq	r0, [r0, #-34]	@ 0xffffffde
     cac:	328101b2 	addcc	r0, r1, #-2147483604	@ 0x8000002c
     cb0:	b3060000 	movwlt	r0, #24576	@ 0x6000
     cb4:	002e2301 	eoreq	r2, lr, r1, lsl #6
     cb8:	01b40500 			@ <UNDEFINED> instruction: 0x01b40500
     cbc:	0000345f 	andeq	r3, r0, pc, asr r4
     cc0:	2501b506 	strcs	fp, [r1, #-1286]	@ 0xfffffafa
     cc4:	05000022 	streq	r0, [r0, #-34]	@ 0xffffffde
     cc8:	1c9e01b6 	ldfnes	f0, [lr], {182}	@ 0xb6
     ccc:	b7060000 	strlt	r0, [r6, -r0]
     cd0:	0019aa01 	andseq	sl, r9, r1, lsl #20
     cd4:	01b80500 			@ <UNDEFINED> instruction: 0x01b80500
     cd8:	0000257e 	andeq	r2, r0, lr, ror r5
     cdc:	5501b906 	strpl	fp, [r1, #-2310]	@ 0xfffff6fa
     ce0:	05000028 	streq	r0, [r0, #-40]	@ 0xffffffd8
     ce4:	270301ba 			@ <UNDEFINED> instruction: 0x270301ba
     ce8:	bb060000 	bllt	180cf0 <vector_table-0x7e7f310>
     cec:	0019a901 	andseq	sl, r9, r1, lsl #18
     cf0:	01bc0500 			@ <UNDEFINED> instruction: 0x01bc0500
     cf4:	000012d0 	ldrdeq	r1, [r0], -r0
     cf8:	4901bf06 	stmdbmi	r1, {r1, r2, r8, r9, sl, fp, ip, sp, pc}
     cfc:	0500003a 	streq	r0, [r0, #-58]	@ 0xffffffc6
     d00:	094001c0 	stmdbeq	r0, {r6, r7, r8}^
     d04:	c1060000 	mrsgt	r0, (UNDEF: 6)
     d08:	001f6a01 	andseq	r6, pc, r1, lsl #20
     d0c:	01c20500 	biceq	r0, r2, r0, lsl #10
     d10:	00001e00 	andeq	r1, r0, r0, lsl #28
     d14:	4801c506 	stmdami	r1, {r1, r2, r8, sl, lr, pc}
     d18:	0500003a 	streq	r0, [r0, #-58]	@ 0xffffffc6
     d1c:	106c01c6 	rsbne	r0, ip, r6, asr #3
     d20:	c9060000 	stmdbgt	r6, {}	@ <UNPREDICTABLE>
     d24:	00297501 	eoreq	r7, r9, r1, lsl #10
     d28:	01ca0500 	biceq	r0, sl, r0, lsl #10
     d2c:	00002f32 	andeq	r2, r0, r2, lsr pc
     d30:	8901cb06 	stmdbhi	r1, {r1, r2, r8, r9, fp, lr, pc}
     d34:	05000013 	streq	r0, [r0, #-19]	@ 0xffffffed
     d38:	080a01cc 	stmdaeq	sl, {r2, r3, r6, r7, r8}
     d3c:	cd060000 	stcgt	0, cr0, [r6, #-0]
     d40:	00297401 	eoreq	r7, r9, r1, lsl #8
     d44:	01ce0500 	biceq	r0, lr, r0, lsl #10
     d48:	000030df 	ldrdeq	r3, [r0], -pc	@ <UNPREDICTABLE>
     d4c:	ee01d206 	cdp	2, 0, cr13, cr1, cr6, {0}
     d50:	0500001f 	streq	r0, [r0, #-31]	@ 0xffffffe1
     d54:	169f01d3 			@ <UNDEFINED> instruction: 0x169f01d3
     d58:	d4060000 	strle	r0, [r6], #-0
     d5c:	00298001 	eoreq	r8, r9, r1
     d60:	01d50500 	bicseq	r0, r5, r0, lsl #10
     d64:	000012b1 			@ <UNDEFINED> instruction: 0x000012b1
     d68:	9f01d706 	svcls	0x0001d706
     d6c:	0500000c 	streq	r0, [r0, #-12]
     d70:	338201d8 	orrcc	r0, r2, #216, 2	@ 0x36
     d74:	d9060000 	stmdble	r6, {}	@ <UNPREDICTABLE>
     d78:	000ef601 	andeq	pc, lr, r1, lsl #12
     d7c:	01da0500 	bicseq	r0, sl, r0, lsl #10
     d80:	00000861 	andeq	r0, r0, r1, ror #16
     d84:	f701dc06 			@ <UNDEFINED> instruction: 0xf701dc06
     d88:	0500001b 	streq	r0, [r0, #-27]	@ 0xffffffe5
     d8c:	1a9101dd 	bne	fe441508 <_estack+0xde43f508>
     d90:	df060000 	svcle	0x00060000
     d94:	00117101 	andseq	r7, r1, r1, lsl #2
     d98:	01e00500 	mvneq	r0, r0, lsl #10
     d9c:	000011bc 			@ <UNDEFINED> instruction: 0x000011bc
     da0:	ed01e106 	stfd	f6, [r1, #-24]	@ 0xffffffe8
     da4:	0500001c 	streq	r0, [r0, #-28]	@ 0xffffffe4
     da8:	321801e2 	andscc	r0, r8, #-2147483592	@ 0x80000038
     dac:	e4060000 	str	r0, [r6], #-0
     db0:	0017b601 	andseq	fp, r7, r1, lsl #12
     db4:	01e50500 	mvneq	r0, r0, lsl #10
     db8:	0000281a 	andeq	r2, r0, sl, lsl r8
     dbc:	da01e606 	ble	7a5dc <vector_table-0x7f85a24>
     dc0:	05000016 	streq	r0, [r0, #-22]	@ 0xffffffea
     dc4:	361701e7 	ldrcc	r0, [r7], -r7, ror #3
     dc8:	ef060000 	svc	0x00060000
     dcc:	00334301 	eorseq	r4, r3, r1, lsl #6
     dd0:	01f00500 	mvnseq	r0, r0, lsl #10
     dd4:	00001140 	andeq	r1, r0, r0, asr #2
     dd8:	c401f106 	strgt	pc, [r1], #-262	@ 0xfffffefa
     ddc:	05000001 	streq	r0, [r0, #-1]
     de0:	38ad01f2 	stmiacc	sp!, {r1, r4, r5, r6, r7, r8}
     de4:	f3060000 	vhadd.u8	d0, d6, d0
     de8:	00246201 	eoreq	r6, r4, r1, lsl #4
     dec:	01f40500 	mvnseq	r0, r0, lsl #10
     df0:	000038c5 	andeq	r3, r0, r5, asr #17
     df4:	1201f506 	andne	pc, r1, #25165824	@ 0x1800000
     df8:	05000028 	streq	r0, [r0, #-40]	@ 0xffffffd8
     dfc:	23ef01f6 	mvncs	r0, #-2147483587	@ 0x8000003d
     e00:	f7060000 			@ <UNDEFINED> instruction: 0xf7060000
     e04:	00334201 	eorseq	r4, r3, r1, lsl #4
     e08:	01f80500 	mvnseq	r0, r0, lsl #10
     e0c:	00002358 	andeq	r2, r0, r8, asr r3
     e10:	c301f906 	movwgt	pc, #6406	@ 0x1906	@ <UNPREDICTABLE>
     e14:	05000001 	streq	r0, [r0, #-1]
     e18:	37e201fa 			@ <UNDEFINED> instruction: 0x37e201fa
     e1c:	fb060000 	blx	180e26 <vector_table-0x7e7f1da>
     e20:	00246101 	eoreq	r6, r4, r1, lsl #2
     e24:	01fc0500 	mvnseq	r0, r0, lsl #10
     e28:	000021cc 	andeq	r2, r0, ip, asr #3
     e2c:	1101fd06 	tstne	r1, r6, lsl #26	@ <UNPREDICTABLE>
     e30:	05000028 	streq	r0, [r0, #-40]	@ 0xffffffd8
     e34:	09f101fe 	ldmibeq	r1!, {r1, r2, r3, r4, r5, r6, r7, r8}^
     e38:	ff060000 			@ <UNDEFINED> instruction: 0xff060000
     e3c:	000c3b01 	andeq	r3, ip, r1, lsl #22
     e40:	02800500 	addeq	r0, r0, #0, 10
     e44:	0000226c 	andeq	r2, r0, ip, ror #4
     e48:	3a028106 	bcc	a1268 <vector_table-0x7f5ed98>
     e4c:	0500000c 	streq	r0, [r0, #-12]
     e50:	2df50282 	lfmcs	f0, 2, [r5, #520]!	@ 0x208
     e54:	05000000 	streq	r0, [r0, #-0]
     e58:	27050000 	strcs	r0, [r5, -r0]
     e5c:	00003882 	andeq	r3, r0, r2, lsl #17
     e60:	325b2805 	subscc	r2, fp, #327680	@ 0x50000
     e64:	2a050000 	bcs	140e6c <vector_table-0x7ebf194>
     e68:	0000387d 	andeq	r3, r0, sp, ror r8
     e6c:	a8018405 	stmdage	r1, {r0, r2, sl, pc}
     e70:	05000029 	streq	r0, [r0, #-41]	@ 0xffffffd7
     e74:	17900185 	ldrne	r0, [r0, r5, lsl #3]
     e78:	86050000 	strhi	r0, [r5], -r0
     e7c:	000b4b01 	andeq	r4, fp, r1, lsl #22
     e80:	01870500 	orreq	r0, r7, r0, lsl #10
     e84:	0000130c 	andeq	r1, r0, ip, lsl #6
     e88:	70018805 	andvc	r8, r1, r5, lsl #16
     e8c:	05000038 	streq	r0, [r0, #-56]	@ 0xffffffc8
     e90:	386c0189 	stmdacc	ip!, {r0, r3, r7, r8}^
     e94:	8a050000 	bhi	140e9c <vector_table-0x7ebf164>
     e98:	001a7d01 	andseq	r7, sl, r1, lsl #26
     e9c:	018b0500 	orreq	r0, fp, r0, lsl #10
     ea0:	000029a4 	andeq	r2, r0, r4, lsr #19
     ea4:	99018c05 	stmdbls	r1, {r0, r2, sl, fp, pc}
     ea8:	05000001 	streq	r0, [r0, #-1]
     eac:	0d70018d 	ldfeqe	f0, [r0, #-564]!	@ 0xfffffdcc
     eb0:	9e060000 	cdpls	0, 0, cr0, cr6, cr0, {0}
     eb4:	00045601 	andeq	r5, r4, r1, lsl #12
     eb8:	01b90500 			@ <UNDEFINED> instruction: 0x01b90500
     ebc:	0000013b 	andeq	r0, r0, fp, lsr r1
     ec0:	8901ba05 	stmdbhi	r1, {r0, r2, r9, fp, ip, sp, pc}
     ec4:	05000019 	streq	r0, [r0, #-25]	@ 0xffffffe7
     ec8:	177201bb 			@ <UNDEFINED> instruction: 0x177201bb
     ecc:	bc050000 	stclt	0, cr0, [r5], {-0}
     ed0:	0007ce01 	andeq	ip, r7, r1, lsl #28
     ed4:	01bd0500 			@ <UNDEFINED> instruction: 0x01bd0500
     ed8:	000018d5 	ldrdeq	r1, [r0], -r5
     edc:	2001be05 	andcs	fp, r1, r5, lsl #28
     ee0:	0500002b 	streq	r0, [r0, #-43]	@ 0xffffffd5
     ee4:	057201bf 	ldrbeq	r0, [r2, #-447]!	@ 0xfffffe41
     ee8:	c0050000 	andgt	r0, r5, r0
     eec:	000c7001 	andeq	r7, ip, r1
     ef0:	01c10500 	biceq	r0, r1, r0, lsl #10
     ef4:	00000c6c 	andeq	r0, r0, ip, ror #24
     ef8:	2a01c205 	bcs	71714 <vector_table-0x7f8e8ec>
     efc:	0500000e 	streq	r0, [r0, #-14]
     f00:	005201c3 	subseq	r0, r2, r3, asr #3
     f04:	c4050000 	strgt	r0, [r5], #-0
     f08:	000e2601 	andeq	r2, lr, r1, lsl #12
     f0c:	01c50500 	biceq	r0, r5, r0, lsl #10
     f10:	0000067e 	andeq	r0, r0, lr, ror r6
     f14:	3301c605 	movwcc	ip, #5637	@ 0x1605
     f18:	05000030 	streq	r0, [r0, #-48]	@ 0xffffffd0
     f1c:	2e4601c7 	dvfcsdm	f0, f6, f7
     f20:	c8050000 	stmdagt	r5, {}	@ <UNPREDICTABLE>
     f24:	00176e01 	andseq	r6, r7, r1, lsl #28
     f28:	01c90500 	biceq	r0, r9, r0, lsl #10
     f2c:	0000149a 	muleq	r0, sl, r4
     f30:	d101d005 	tstle	r1, r5
     f34:	0600001f 			@ <UNDEFINED> instruction: 0x0600001f
     f38:	240701ed 	strcs	r0, [r7], #-493	@ 0xfffffe13
     f3c:	8b050000 	blhi	140f44 <vector_table-0x7ebf0bc>
     f40:	002d2602 	eoreq	r2, sp, r2, lsl #12
     f44:	028c0500 	addeq	r0, ip, #0, 10
     f48:	00000a22 	andeq	r0, r0, r2, lsr #20
     f4c:	ea028d05 	b	a4368 <vector_table-0x7f5bc98>
     f50:	05000000 	streq	r0, [r0, #-0]
     f54:	209f028e 	addscs	r0, pc, lr, lsl #5
     f58:	8f050000 	svchi	0x00050000
     f5c:	002eae02 	eoreq	sl, lr, r2, lsl #28
     f60:	02900500 	addseq	r0, r0, #0, 10
     f64:	00001cd3 	ldrdeq	r1, [r0], -r3
     f68:	f2029105 	vrhadd.s8	d9, d2, d5
     f6c:	05000031 	streq	r0, [r0, #-49]	@ 0xffffffcf
     f70:	31ee0292 			@ <UNDEFINED> instruction: 0x31ee0292
     f74:	93050000 	movwls	r0, #20480	@ 0x5000
     f78:	000b7802 	andeq	r7, fp, r2, lsl #16
     f7c:	02940500 	addseq	r0, r4, #0, 10
     f80:	00001f98 	muleq	r0, r8, pc	@ <UNPREDICTABLE>
     f84:	a8029505 	stmdage	r2, {r0, r2, r8, sl, ip, pc}
     f88:	05000013 	streq	r0, [r0, #-19]	@ 0xffffffed
     f8c:	1a240296 	bne	9019ec <vector_table-0x76fe614>
     f90:	97050000 	strls	r0, [r5, -r0]
     f94:	0013a302 	andseq	sl, r3, r2, lsl #6
     f98:	02980500 	addseq	r0, r8, #0, 10
     f9c:	000000e6 	andeq	r0, r0, r6, ror #1
     fa0:	5f029905 	svcpl	0x00029905
     fa4:	05000027 	streq	r0, [r0, #-39]	@ 0xffffffd9
     fa8:	1ba1029a 	blne	fe841a18 <_estack+0xde83fa18>
     fac:	a7060000 	strge	r0, [r6, -r0]
     fb0:	00075d02 	andeq	r5, r7, r2, lsl #26
     fb4:	02dd0600 	sbcseq	r0, sp, #0, 12
     fb8:	00001b6c 	andeq	r1, r0, ip, ror #22
     fbc:	67038f06 	strvs	r8, [r3, -r6, lsl #30]
     fc0:	05000015 	streq	r0, [r0, #-21]	@ 0xffffffeb
     fc4:	168e0394 	pkhbtne	r0, lr, r4, lsl #7
     fc8:	9a060000 	bls	180fd0 <vector_table-0x7e7f030>
     fcc:	00156003 	andseq	r6, r5, r3
     fd0:	039f0600 	orrseq	r0, pc, #0, 12
     fd4:	00002c0c 	andeq	r2, r0, ip, lsl #24
     fd8:	b603a005 	strlt	sl, [r3], -r5
     fdc:	05000034 	streq	r0, [r0, #-52]	@ 0xffffffcc
     fe0:	150403a5 	strne	r0, [r4, #-933]	@ 0xfffffc5b
     fe4:	05000000 	streq	r0, [r0, #-0]
     fe8:	00fc0200 	rscseq	r0, ip, r0, lsl #4
     fec:	4f070000 	svcmi	0x00070000
     ff0:	03000000 	movweq	r0, #0
     ff4:	01030100 	mrseq	r0, (UNDEF: 19)
     ff8:	0b090702 	bleq	242c08 <vector_table-0x7dbd3f8>
     ffc:	03040000 	movweq	r0, #16384	@ 0x4000
    1000:	03040303 	movweq	r0, #17155	@ 0x4303
    1004:	02050404 	andeq	r0, r5, #4, 8	@ 0x4000000
    1008:	0000246a 	andeq	r2, r0, sl, ror #8
    100c:	07050503 	streq	r0, [r5, -r3, lsl #10]
    1010:	00000e57 	andeq	r0, r0, r7, asr lr
    1014:	8f070504 	svchi	0x00070504
    1018:	04000015 	streq	r0, [r0], #-21	@ 0xffffffeb
    101c:	3c041905 			@ <UNDEFINED> instruction: 0x3c041905
    1020:	1b050000 	blne	141028 <vector_table-0x7ebefd8>
    1024:	00003bd9 	ldrdeq	r3, [r0], -r9
    1028:	3b031c05 	blcc	c8044 <vector_table-0x7f37fbc>
    102c:	1d050000 	stcne	0, cr0, [r5, #-0]
    1030:	00003b29 	andeq	r3, r0, r9, lsr #22
    1034:	3b761f05 	blcc	1d88c50 <vector_table-0x62773b0>
    1038:	20050000 	andcs	r0, r5, r0
    103c:	00003c4e 	andeq	r3, r0, lr, asr #24
    1040:	342e2205 	strtcc	r2, [lr], #-517	@ 0xfffffdfb
    1044:	23050000 	movwcs	r0, #20480	@ 0x5000
    1048:	000006df 	ldrdeq	r0, [r0], -pc	@ <UNPREDICTABLE>
    104c:	1e872505 	cdpne	5, 8, cr2, cr7, cr5, {0}
    1050:	27050000 	strcs	r0, [r5, -r0]
    1054:	000036cc 	andeq	r3, r0, ip, asr #13
    1058:	00050004 	andeq	r0, r5, r4
    105c:	00021c02 	andeq	r1, r2, r2, lsl #24
    1060:	004f0700 	subeq	r0, pc, r0, lsl #14
    1064:	00030000 	andeq	r0, r3, r0
    1068:	03010301 	movweq	r0, #4865	@ 0x1301
    106c:	07020203 	streq	r0, [r2, -r3, lsl #4]
    1070:	00000b09 	andeq	r0, r0, r9, lsl #22
    1074:	02030404 	andeq	r0, r3, #4, 8	@ 0x4000000
    1078:	6a020505 	bvs	82494 <vector_table-0x7f7db6c>
    107c:	03000024 	movweq	r0, #36	@ 0x24
    1080:	57070405 	strpl	r0, [r7, -r5, lsl #8]
    1084:	0400000e 	streq	r0, [r0], #-14
    1088:	158f0705 	strne	r0, [pc, #1797]	@ 1795 <vector_table-0x7ffe86b>
    108c:	03040000 	movweq	r0, #16384	@ 0x4000
    1090:	08050604 	stmdaeq	r5, {r2, r9, sl}
    1094:	00005fd1 	ldrdeq	r5, [r0], -r1
    1098:	07070a03 	streq	r0, [r7, -r3, lsl #20]
    109c:	00001175 	andeq	r1, r0, r5, ror r1
    10a0:	080b0304 	stmdaeq	fp, {r2, r8, r9}
    10a4:	561e0805 	ldrpl	r0, [lr], -r5, lsl #16
    10a8:	0a030000 	beq	c10b0 <vector_table-0x7f3ef50>
    10ac:	a2070509 	andge	r0, r7, #37748736	@ 0x2400000
    10b0:	03000041 	movweq	r0, #65	@ 0x41
    10b4:	99070a0a 	stmdbls	r7, {r1, r3, r9, fp}
    10b8:	04000011 	streq	r0, [r0], #-17	@ 0xffffffef
    10bc:	0011bb07 	andseq	fp, r1, r7, lsl #22
    10c0:	0b030400 	bleq	c20c8 <vector_table-0x7f3df38>
    10c4:	8702050b 	strhi	r0, [r2, -fp, lsl #10]
    10c8:	03000063 	movweq	r0, #99	@ 0x63
    10cc:	03040704 	movweq	r0, #18180	@ 0x4704
    10d0:	1b070c05 	blne	1c40ec <vector_table-0x7e3bf14>
    10d4:	04000012 	streq	r0, [r0], #-18	@ 0xffffffee
    10d8:	0012af07 	andseq	sl, r2, r7, lsl #30
    10dc:	eb070400 	bl	1c20e4 <vector_table-0x7e3df1c>
    10e0:	04000012 	streq	r0, [r0], #-18	@ 0xffffffee
    10e4:	00131f07 	andseq	r1, r3, r7, lsl #30
    10e8:	04100300 	ldreq	r0, [r0], #-768	@ 0xfffffd00
    10ec:	00133507 	andseq	r3, r3, r7, lsl #10
    10f0:	12030400 	andne	r0, r3, #0, 8
    10f4:	e20b050d 	and	r0, fp, #54525952	@ 0x3400000
    10f8:	03000056 	movweq	r0, #86	@ 0x56
    10fc:	0304080d 	movweq	r0, #18445	@ 0x480d
    1100:	0304040e 	movweq	r0, #17422	@ 0x440e
    1104:	2b050e0f 	blcs	144948 <vector_table-0x7ebb6b8>
    1108:	000068de 	ldrdeq	r6, [r0], -lr
    110c:	070f2d03 	streq	r2, [pc, -r3, lsl #26]
    1110:	00001371 	andeq	r1, r0, r1, ror r3
    1114:	042f0304 	strteq	r0, [pc], #-772	@ 111c <vector_table-0x7ffeee4>
    1118:	13c80704 	bicne	r0, r8, #4, 14	@ 0x100000
    111c:	03040000 	movweq	r0, #16384	@ 0x4000
    1120:	38071010 	stmdacc	r7, {r4, ip}
    1124:	03000017 	movweq	r0, #23
    1128:	4e070418 	cfmvdlrmi	mvd7, r0
    112c:	04000017 	streq	r0, [r0], #-23	@ 0xffffffe9
    1130:	05111b03 	ldreq	r1, [r1, #-2819]	@ 0xfffff4fd
    1134:	004efa06 	subeq	pc, lr, r6, lsl #20
    1138:	98070400 	stmdals	r7, {sl}
    113c:	04000017 	streq	r0, [r0], #-23	@ 0xffffffe9
    1140:	0017cc07 	andseq	ip, r7, r7, lsl #24
    1144:	12230300 	eorne	r0, r3, #0, 6
    1148:	0017dc07 	andseq	sp, r7, r7, lsl #24
    114c:	2e070400 	cfcpyscs	mvf0, mvf7
    1150:	04000018 	streq	r0, [r0], #-24	@ 0xffffffe8
    1154:	05131403 	ldreq	r1, [r3, #-1027]	@ 0xfffffbfd
    1158:	0047ea02 	subeq	lr, r7, r2, lsl #20
    115c:	16030400 	strne	r0, [r3], -r0, lsl #8
    1160:	1a0c0714 	bne	302db8 <vector_table-0x7cfd248>
    1164:	07040000 	streq	r0, [r4, -r0]
    1168:	00001a22 	andeq	r1, r0, r2, lsr #20
    116c:	8f070504 	svchi	0x00070504
    1170:	04000015 	streq	r0, [r0], #-21	@ 0xffffffeb
    1174:	00000500 	andeq	r0, r0, r0, lsl #10
    1178:	58634d05 	stmdapl	r3!, {r0, r2, r8, sl, fp, lr}^
    117c:	62050000 	andvs	r0, r5, #0
    1180:	00004802 	andeq	r4, r0, r2, lsl #16
    1184:	56486305 	strbpl	r6, [r8], -r5, lsl #6
    1188:	87050000 	strhi	r0, [r5, -r0]
    118c:	00578b04 	subseq	r8, r7, r4, lsl #22
    1190:	048a0500 	streq	r0, [sl], #1280	@ 0x500
    1194:	00004bb7 			@ <UNDEFINED> instruction: 0x00004bb7
    1198:	00000500 	andeq	r0, r0, r0, lsl #10
    119c:	52120405 	andspl	r0, r2, #83886080	@ 0x5000000
    11a0:	06050000 	streq	r0, [r5], -r0
    11a4:	00003cdc 	ldrdeq	r3, [r0], -ip
    11a8:	45820705 	strmi	r0, [r2, #1797]	@ 0x705
    11ac:	08050000 	stmdaeq	r5, {}	@ <UNPREDICTABLE>
    11b0:	00005679 	andeq	r5, r0, r9, ror r6
    11b4:	5bb00905 	blpl	fec035d0 <_estack+0xdec015d0>
    11b8:	05000000 	streq	r0, [r0, #-0]
    11bc:	1b050000 	blne	1411c4 <vector_table-0x7ebee3c>
    11c0:	00005228 	andeq	r5, r0, r8, lsr #4
    11c4:	5a102105 	bpl	4095e0 <vector_table-0x7bf6a20>
    11c8:	24050000 	strcs	r0, [r5], #-0
    11cc:	000060c7 	andeq	r6, r0, r7, asr #1
    11d0:	54dd2705 	ldrbpl	r2, [sp], #1797	@ 0x705
    11d4:	2b050000 	blcs	1411dc <vector_table-0x7ebee24>
    11d8:	00005efa 	strdeq	r5, [r0], -sl
    11dc:	45de2e05 	ldrbmi	r2, [lr, #3589]	@ 0xe05
    11e0:	e3050000 	movw	r0, #20480	@ 0x5000
    11e4:	006ad302 	rsbeq	sp, sl, r2, lsl #6
    11e8:	02ec0500 	rsceq	r0, ip, #0, 10
    11ec:	000049f6 	strdeq	r4, [r0], -r6
    11f0:	5102f705 	tstpl	r2, r5, lsl #14	@ <UNPREDICTABLE>
    11f4:	05000067 	streq	r0, [r0, #-103]	@ 0xffffff99
    11f8:	57fc02fd 			@ <UNDEFINED> instruction: 0x57fc02fd
    11fc:	89050000 	stmdbhi	r5, {}	@ <UNPREDICTABLE>
    1200:	006a5003 	rsbeq	r5, sl, r3
    1204:	039a0500 	orrseq	r0, sl, #0, 10
    1208:	0000588f 	andeq	r5, r0, pc, lsl #17
    120c:	89039d05 	stmdbhi	r3, {r0, r2, r8, sl, fp, ip, pc}
    1210:	05000051 	streq	r0, [r0, #-81]	@ 0xffffffaf
    1214:	659703a3 	ldrvs	r0, [r7, #931]	@ 0x3a3
    1218:	05000000 	streq	r0, [r0, #-0]
    121c:	16050000 	strne	r0, [r5], -r0
    1220:	000047af 	andeq	r4, r0, pc, lsr #15
    1224:	41db2105 	bicsmi	r2, fp, r5, lsl #2
    1228:	28050000 	stmdacs	r5, {}	@ <UNPREDICTABLE>
    122c:	00006497 	muleq	r0, r7, r4
    1230:	41018806 	tstmi	r1, r6, lsl #16
    1234:	05000066 	streq	r0, [r0, #-102]	@ 0xffffff9a
    1238:	4fc90189 	svcmi	0x00c90189
    123c:	8d060000 	stchi	0, cr0, [r6, #-0]
    1240:	004eb401 	subeq	fp, lr, r1, lsl #8
    1244:	018e0500 	orreq	r0, lr, r0, lsl #10
    1248:	0000678c 	andeq	r6, r0, ip, lsl #15
    124c:	e2018f06 	and	r8, r1, #6, 30
    1250:	0500006a 	streq	r0, [r0, #-106]	@ 0xffffff96
    1254:	42c90190 	sbcmi	r0, r9, #144, 2	@ 0x24
    1258:	a3060000 	movwge	r0, #24576	@ 0x6000
    125c:	004d2b01 	subeq	r2, sp, r1, lsl #22
    1260:	01a40500 			@ <UNDEFINED> instruction: 0x01a40500
    1264:	000055cf 	andeq	r5, r0, pc, asr #11
    1268:	d1028105 	tstle	r2, r5, lsl #2
    126c:	05000058 	streq	r0, [r0, #-88]	@ 0xffffffa8
    1270:	55000287 	strpl	r0, [r0, #-647]	@ 0xfffffd79
    1274:	8f050000 	svchi	0x00050000
    1278:	005c4102 	subseq	r4, ip, r2, lsl #2
    127c:	02970500 	addseq	r0, r7, #0, 10
    1280:	0000595a 	andeq	r5, r0, sl, asr r9
    1284:	6c02a205 	sfmvs	f2, 1, [r2], {5}
    1288:	05000045 	streq	r0, [r0, #-69]	@ 0xffffffbb
    128c:	4ba602a6 	blmi	fe981d2c <_estack+0xde97fd2c>
    1290:	ac050000 	stcge	0, cr0, [r5], {-0}
    1294:	003e2602 	eorseq	r2, lr, r2, lsl #12
    1298:	02bc0500 	adcseq	r0, ip, #0, 10
    129c:	00003cb4 			@ <UNDEFINED> instruction: 0x00003cb4
    12a0:	4902cc05 	stmdbmi	r2, {r0, r2, sl, fp, lr, pc}
    12a4:	05000064 	streq	r0, [r0, #-100]	@ 0xffffff9c
    12a8:	63dc02d8 	bicsvs	r0, ip, #216, 4	@ 0x8000000d
    12ac:	05000000 	streq	r0, [r0, #-0]
    12b0:	e0050000 	and	r0, r5, r0
    12b4:	00590e01 	subseq	r0, r9, r1, lsl #28
    12b8:	01e60600 	mvneq	r0, r0, lsl #12
    12bc:	00004ecb 	andeq	r4, r0, fp, asr #29
    12c0:	2001ea05 	andcs	lr, r1, r5, lsl #20
    12c4:	05000059 	streq	r0, [r0, #-89]	@ 0xffffffa7
    12c8:	578101f8 			@ <UNDEFINED> instruction: 0x578101f8
    12cc:	fc050000 	stc2	0, cr0, [r5], {-0}
    12d0:	00581001 	subseq	r1, r8, r1
    12d4:	02830500 	addeq	r0, r3, #0, 10
    12d8:	000046cd 	andeq	r4, r0, sp, asr #13
    12dc:	1e028905 	vmlane.f16	s16, s4, s10	@ <UNPREDICTABLE>
    12e0:	05000045 	streq	r0, [r0, #-69]	@ 0xffffffbb
    12e4:	4f9702a2 	svcmi	0x009702a2
    12e8:	05000000 	streq	r0, [r0, #-0]
    12ec:	1f050000 	svcne	0x00050000
    12f0:	00005e98 	muleq	r0, r8, lr
    12f4:	4afc2005 	bmi	fff09310 <_estack+0xdff07310>
    12f8:	21050000 	mrscs	r0, (UNDEF: 5)
    12fc:	000055f5 	strdeq	r5, [r0], -r5	@ <UNPREDICTABLE>
    1300:	3d562505 	cfldr64cc	mvdx2, [r6, #-20]	@ 0xffffffec
    1304:	2b050000 	blcs	14130c <vector_table-0x7ebecf4>
    1308:	000062af 	andeq	r6, r0, pc, lsr #5
    130c:	40c24505 	sbcmi	r4, r2, r5, lsl #10
    1310:	49050000 	stmdbmi	r5, {}	@ <UNPREDICTABLE>
    1314:	000042a0 	andeq	r4, r0, r0, lsr #5
    1318:	5fe94a05 	svcpl	0x00e94a05
    131c:	05000000 	streq	r0, [r0, #-0]
    1320:	0d050000 	stceq	0, cr0, [r5, #-0]
    1324:	00004891 	muleq	r0, r1, r8
    1328:	66310e05 	ldrtvs	r0, [r1], -r5, lsl #28
    132c:	0f050000 	svceq	0x00050000
    1330:	00004fbc 			@ <UNDEFINED> instruction: 0x00004fbc
    1334:	00000500 	andeq	r0, r0, r0, lsl #10
    1338:	56019e06 	strpl	r9, [r1], -r6, lsl #28
    133c:	06000004 	streq	r0, [r0], -r4
    1340:	240701ed 	strcs	r0, [r7], #-493	@ 0xfffffe13
    1344:	dd060000 	stcle	0, cr0, [r6, #-0]
    1348:	001b6c02 	andseq	r6, fp, r2, lsl #24
    134c:	038f0600 	orreq	r0, pc, #0, 12
    1350:	00001567 	andeq	r1, r0, r7, ror #10
    1354:	8e039405 	cdphi	4, 0, cr9, cr3, cr5, {0}
    1358:	06000016 			@ <UNDEFINED> instruction: 0x06000016
    135c:	1560039a 	strbne	r0, [r0, #-922]!	@ 0xfffffc66
    1360:	9f060000 	svcls	0x00060000
    1364:	002c0c03 	eoreq	r0, ip, r3, lsl #24
    1368:	03a00500 	moveq	r0, #0, 10
    136c:	000034b6 			@ <UNDEFINED> instruction: 0x000034b6
    1370:	00000500 	andeq	r0, r0, r0, lsl #10
    1374:	59890605 	stmibpl	r9, {r0, r2, r9, sl}
    1378:	0f050000 	svceq	0x00050000
    137c:	000055e0 	andeq	r5, r0, r0, ror #11
    1380:	5cfe1a05 	vldmiapl	lr!, {s3-s7}
    1384:	21050000 	mrscs	r0, (UNDEF: 5)
    1388:	0000635a 	andeq	r6, r0, sl, asr r3
    138c:	4e752f05 	cdpmi	15, 7, cr2, cr5, cr5, {0}
    1390:	3d050000 	stccc	0, cr0, [r5, #-0]
    1394:	0000497f 	andeq	r4, r0, pc, ror r9
    1398:	54c85305 	strbpl	r5, [r8], #773	@ 0x305
    139c:	6d050000 	stcvs	0, cr0, [r5, #-0]
    13a0:	00005b65 	andeq	r5, r0, r5, ror #22
    13a4:	2a018c05 	bcs	643c0 <vector_table-0x7f9bc40>
    13a8:	05000057 	streq	r0, [r0, #-87]	@ 0xffffffa9
    13ac:	4a6301a6 	bmi	18c1a4c <vector_table-0x673e5b4>
    13b0:	bc050000 	stclt	0, cr0, [r5], {-0}
    13b4:	005fb601 	subseq	fp, pc, r1, lsl #12
    13b8:	01ce0500 	biceq	r0, lr, r0, lsl #10
    13bc:	00005577 	andeq	r5, r0, r7, ror r5
    13c0:	5f01f406 	svcpl	0x0001f406
    13c4:	0000005b 	andeq	r0, r0, fp, asr r0
    13c8:	05000005 	streq	r0, [r0, #-5]
    13cc:	00468d31 	subeq	r8, r6, r1, lsr sp
    13d0:	d1320500 	teqle	r2, r0, lsl #10
    13d4:	0500005b 	streq	r0, [r0, #-91]	@ 0xffffffa5
    13d8:	00559233 	subseq	r9, r5, r3, lsr r2
    13dc:	d1360500 	teqle	r6, r0, lsl #10
    13e0:	0500003f 	streq	r0, [r0, #-63]	@ 0xffffffc1
    13e4:	0045cf39 	subeq	ip, r5, r9, lsr pc
    13e8:	ab3a0500 	blge	e827f0 <vector_table-0x717d810>
    13ec:	05000067 	streq	r0, [r0, #-103]	@ 0xffffff99
    13f0:	004f0d3c 	subeq	r0, pc, ip, lsr sp	@ <UNPREDICTABLE>
    13f4:	343d0500 	ldrtcc	r0, [sp], #-1280	@ 0xfffffb00
    13f8:	0500004b 	streq	r0, [r0, #-75]	@ 0xffffffb5
    13fc:	00466a3e 	subeq	r6, r6, lr, lsr sl
    1400:	793f0500 	ldmdbvc	pc!, {r8, sl}	@ <UNPREDICTABLE>
    1404:	05000063 	streq	r0, [r0, #-99]	@ 0xffffff9d
    1408:	00404442 	subeq	r4, r0, r2, asr #8
    140c:	20430500 	subcs	r0, r3, r0, lsl #10
    1410:	0500003f 	streq	r0, [r0, #-63]	@ 0xffffffc1
    1414:	005fdd44 	subseq	sp, pc, r4, asr #26
    1418:	6e4e0500 	cdpvs	5, 4, cr0, cr14, cr0, {0}
    141c:	05000041 	streq	r0, [r0, #-65]	@ 0xffffffbf
    1420:	004e6251 	subeq	r6, lr, r1, asr r2
    1424:	825e0500 	subshi	r0, lr, #0, 10
    1428:	0500005b 	streq	r0, [r0, #-91]	@ 0xffffffa5
    142c:	0060f85f 	rsbeq	pc, r0, pc, asr r8	@ <UNPREDICTABLE>
    1430:	866b0500 	strbthi	r0, [fp], -r0, lsl #10
    1434:	05000065 	streq	r0, [r0, #-101]	@ 0xffffff9b
    1438:	0050aa6c 	subseq	sl, r0, ip, ror #20
    143c:	f0700500 			@ <UNDEFINED> instruction: 0xf0700500
    1440:	0500003d 	streq	r0, [r0, #-61]	@ 0xffffffc3
    1444:	003c5771 	eorseq	r5, ip, r1, ror r7
    1448:	5c730500 	cfldr64pl	mvdx0, [r3], #-0
    144c:	05000049 	streq	r0, [r0, #-73]	@ 0xffffffb7
    1450:	0041b175 	subeq	fp, r1, r5, ror r1
    1454:	48780500 	ldmdami	r8!, {r8, sl}^
    1458:	0500004b 	streq	r0, [r0, #-75]	@ 0xffffffb5
    145c:	0063f279 	rsbeq	pc, r3, r9, ror r2	@ <UNPREDICTABLE>
    1460:	f37a0500 	vrshl.u64	d16, d0, d10
    1464:	05000065 	streq	r0, [r0, #-101]	@ 0xffffff9b
    1468:	005b917d 	subseq	r9, fp, sp, ror r1
    146c:	01820500 	orreq	r0, r2, r0, lsl #10
    1470:	00006843 	andeq	r6, r0, r3, asr #16
    1474:	a4018405 	strge	r8, [r1], #-1029	@ 0xfffffbfb
    1478:	05000059 	streq	r0, [r0, #-89]	@ 0xffffffa7
    147c:	3d6f0185 	stfcce	f0, [pc, #-532]!	@ 1270 <vector_table-0x7ffed90>
    1480:	87050000 	strhi	r0, [r5, -r0]
    1484:	00562c01 	subseq	r2, r6, r1, lsl #24
    1488:	018a0500 	orreq	r0, sl, r0, lsl #10
    148c:	00003cc5 	andeq	r3, r0, r5, asr #25
    1490:	dd018b05 	vstrle	d8, [r1, #-20]	@ 0xffffffec
    1494:	05000049 	streq	r0, [r0, #-73]	@ 0xffffffb7
    1498:	621d018c 	andsvs	r0, sp, #140, 2	@ 0x23
    149c:	8e050000 	cdphi	0, 0, cr0, cr5, cr0, {0}
    14a0:	00509101 	subseq	r9, r0, r1, lsl #2
    14a4:	018f0500 	orreq	r0, pc, r0, lsl #10
    14a8:	00006651 	andeq	r6, r0, r1, asr r6
    14ac:	bb019105 	bllt	658c8 <vector_table-0x7f9a738>
    14b0:	05000066 	streq	r0, [r0, #-102]	@ 0xffffff9a
    14b4:	62400193 	subvs	r0, r0, #-1073741788	@ 0xc0000024
    14b8:	a4050000 	strge	r0, [r5], #-0
    14bc:	0040e501 	subeq	lr, r0, r1, lsl #10
    14c0:	01a50500 			@ <UNDEFINED> instruction: 0x01a50500
    14c4:	000040ac 	andeq	r4, r0, ip, lsr #1
    14c8:	d301a605 	movwle	sl, #5637	@ 0x1605
    14cc:	0500003d 	streq	r0, [r0, #-61]	@ 0xffffffc3
    14d0:	5a2601a7 	bpl	981b74 <vector_table-0x767e48c>
    14d4:	a8050000 	stmdage	r5, {}	@ <UNPREDICTABLE>
    14d8:	004b1b01 	subeq	r1, fp, r1, lsl #22
    14dc:	01aa0500 			@ <UNDEFINED> instruction: 0x01aa0500
    14e0:	00005148 	andeq	r5, r0, r8, asr #2
    14e4:	8d01ab05 	vstrhi	d10, [r1, #-20]	@ 0xffffffec
    14e8:	0500005c 	streq	r0, [r0, #-92]	@ 0xffffffa4
    14ec:	68ca01ac 	stmiavs	sl, {r2, r3, r5, r7, r8}^
    14f0:	d9050000 	stmdble	r5, {}	@ <UNPREDICTABLE>
    14f4:	0048d601 	subeq	sp, r8, r1, lsl #12
    14f8:	01e60500 	mvneq	r0, r0, lsl #10
    14fc:	00005aec 	andeq	r5, r0, ip, ror #21
    1500:	0801e705 	stmdaeq	r1, {r0, r2, r8, r9, sl, sp, lr, pc}
    1504:	05000050 	streq	r0, [r0, #-80]	@ 0xffffffb0
    1508:	551001e8 	ldrpl	r0, [r0, #-488]	@ 0xfffffe18
    150c:	e9050000 	stmdb	r5, {}	@ <UNPREDICTABLE>
    1510:	0048fe01 	subeq	pc, r8, r1, lsl #28
    1514:	01ea0500 	mvneq	r0, r0, lsl #10
    1518:	00006a2b 	andeq	r6, r0, fp, lsr #20
    151c:	8e01eb05 	vmlahi.f64	d14, d1, d5
    1520:	0500003e 	streq	r0, [r0, #-62]	@ 0xffffffc2
    1524:	4fdb01ec 	svcmi	0x00db01ec
    1528:	ef050000 	svc	0x00050000
    152c:	00515601 	subseq	r5, r1, r1, lsl #12
    1530:	01f00500 	mvnseq	r0, r0, lsl #10
    1534:	00004745 	andeq	r4, r0, r5, asr #14
    1538:	2401f605 	strcs	pc, [r1], #-1541	@ 0xfffff9fb
    153c:	0500004a 	streq	r0, [r0, #-74]	@ 0xffffffb6
    1540:	491f02d2 	ldmdbmi	pc, {r1, r4, r6, r7, r9}	@ <UNPREDICTABLE>
    1544:	e4050000 	str	r0, [r5], #-0
    1548:	004fa302 	subeq	sl, pc, r2, lsl #6
    154c:	02ea0500 	rsceq	r0, sl, #0, 10
    1550:	000058e4 	andeq	r5, r0, r4, ror #17
    1554:	df02eb05 	svcle	0x0002eb05
    1558:	0500004b 	streq	r0, [r0, #-75]	@ 0xffffffb5
    155c:	5d9002f2 	lfmpl	f0, 4, [r0, #968]	@ 0x3c8
    1560:	f8050000 			@ <UNDEFINED> instruction: 0xf8050000
    1564:	0047c002 	subeq	ip, r7, r2
    1568:	02fe0500 	rscseq	r0, lr, #0, 10
    156c:	000068ed 	andeq	r6, r0, sp, ror #17
    1570:	8902ff05 	stmdbhi	r2, {r0, r2, r8, r9, sl, fp, ip, sp, lr, pc}
    1574:	0500004e 	streq	r0, [r0, #-78]	@ 0xffffffb2
    1578:	57010386 	strpl	r0, [r1, -r6, lsl #7]
    157c:	87050000 	strhi	r0, [r5, -r0]
    1580:	00640e03 	rsbeq	r0, r4, r3, lsl #28
    1584:	038e0500 	orreq	r0, lr, #0, 10
    1588:	00004a7e 	andeq	r4, r0, lr, ror sl
    158c:	27039405 	strcs	r9, [r3, -r5, lsl #8]
    1590:	05000065 	streq	r0, [r0, #-101]	@ 0xffffff9b
    1594:	4f3d03a5 	svcmi	0x003d03a5
    1598:	b2050000 	andlt	r0, r5, #0
    159c:	0066a303 	rsbeq	sl, r6, r3, lsl #6
    15a0:	03d40500 	bicseq	r0, r4, #0, 10
    15a4:	0000469e 	muleq	r0, lr, r6
    15a8:	8c03d505 	cfstr32hi	mvfx13, [r3], {5}
    15ac:	05000056 	streq	r0, [r0, #-86]	@ 0xffffffaa
    15b0:	426703dc 	rsbmi	r0, r7, #220, 6	@ 0x70000003
    15b4:	dd050000 	stcle	0, cr0, [r5, #-0]
    15b8:	0049a703 	subeq	sl, r9, r3, lsl #14
    15bc:	03e00500 	mvneq	r0, #0, 10
    15c0:	00004817 	andeq	r4, r0, r7, lsl r8
    15c4:	0003ea05 	andeq	lr, r3, r5, lsl #20
    15c8:	0500004c 	streq	r0, [r0, #-76]	@ 0xffffffb4
    15cc:	62f103eb 	rscsvs	r0, r1, #-1409286141	@ 0xac000003
    15d0:	f5050000 			@ <UNDEFINED> instruction: 0xf5050000
    15d4:	005dce03 	subseq	ip, sp, r3, lsl #28
    15d8:	048b0500 	streq	r0, [fp], #1280	@ 0x500
    15dc:	00006105 	andeq	r6, r0, r5, lsl #2
    15e0:	4f048d05 	svcmi	0x00048d05
    15e4:	05000040 	streq	r0, [r0, #-64]	@ 0xffffffc0
    15e8:	6805048f 	stmdavs	r5, {r0, r1, r2, r3, r7, sl}
    15ec:	90050000 	andls	r0, r5, r0
    15f0:	0042e604 	subeq	lr, r2, r4, lsl #12
    15f4:	04920500 	ldreq	r0, [r2], #1280	@ 0x500
    15f8:	0000693d 	andeq	r6, r0, sp, lsr r9
    15fc:	c9049c05 	stmdbgt	r4, {r0, r2, sl, fp, ip, pc}
    1600:	0500005a 	streq	r0, [r0, #-90]	@ 0xffffffa6
    1604:	64c404a0 	strbvs	r0, [r4], #1184	@ 0x4a0
    1608:	a4050000 	strge	r0, [r5], #-0
    160c:	00411604 	subeq	r1, r1, r4, lsl #12
    1610:	04a70500 	strteq	r0, [r7], #1280	@ 0x500
    1614:	0000519b 	muleq	r0, fp, r1
    1618:	d104ab05 	tstle	r4, r5, lsl #22
    161c:	05000061 	streq	r0, [r0, #-97]	@ 0xffffff9f
    1620:	46f704ad 	ldrbtmi	r0, [r7], sp, lsr #9
    1624:	d0050000 	andle	r0, r5, r0
    1628:	00596f04 	subseq	r6, r9, r4, lsl #30
    162c:	04d40500 	ldrbeq	r0, [r4], #1280	@ 0x500
    1630:	00006070 	andeq	r6, r0, r0, ror r0
    1634:	0604d805 	streq	sp, [r4], -r5, lsl #16
    1638:	0500003e 	streq	r0, [r0, #-62]	@ 0xffffffc2
    163c:	57a504dc 	sbfxpl	r0, ip, #9, #6
    1640:	e0050000 	and	r0, r5, r0
    1644:	00603604 	rsbeq	r3, r0, r4, lsl #12
    1648:	04e40500 	strbteq	r0, [r4], #1280	@ 0x500
    164c:	000057bf 			@ <UNDEFINED> instruction: 0x000057bf
    1650:	9904e805 	stmdbls	r4, {r0, r2, fp, sp, lr, pc}
    1654:	05000063 	streq	r0, [r0, #-99]	@ 0xffffff9d
    1658:	69db04ec 	ldmibvs	fp, {r2, r3, r5, r6, r7, sl}^
    165c:	f3050000 	vhadd.u8	d0, d5, d0
    1660:	0041d104 	subeq	sp, r1, r4, lsl #2
    1664:	04f40500 	ldrbteq	r0, [r4], #1280	@ 0x500
    1668:	00004295 	muleq	r0, r5, r2
    166c:	0804f505 	stmdaeq	r4, {r0, r2, r8, sl, ip, sp, lr, pc}
    1670:	0500004b 	streq	r0, [r0, #-75]	@ 0xffffffb5
    1674:	502b04f6 	strdpl	r0, [fp], -r6	@ <UNPREDICTABLE>
    1678:	f7050000 			@ <UNDEFINED> instruction: 0xf7050000
    167c:	004f2304 	subeq	r2, pc, r4, lsl #6
    1680:	058c0500 	streq	r0, [ip, #1280]	@ 0x500
    1684:	00005bde 	ldrdeq	r5, [r0], -lr
    1688:	7c058d05 	stcvc	13, cr8, [r5], {5}
    168c:	05000068 	streq	r0, [r0, #-104]	@ 0xffffff98
    1690:	6263059f 	rsbvs	r0, r3, #666894336	@ 0x27c00000
    1694:	a5050000 	strge	r0, [r5, #-0]
    1698:	00676705 	rsbeq	r6, r7, r5, lsl #14
    169c:	05a80500 	streq	r0, [r8, #1280]!	@ 0x500
    16a0:	00003ebb 			@ <UNDEFINED> instruction: 0x00003ebb
    16a4:	0b05aa05 	bleq	16bec0 <vector_table-0x7e94140>
    16a8:	0500004e 	streq	r0, [r0, #-78]	@ 0xffffffb2
    16ac:	5d3d05ae 	cfldr32pl	mvfx0, [sp, #-696]!	@ 0xfffffd48
    16b0:	b0050000 	andlt	r0, r5, r0
    16b4:	004db005 	subeq	fp, sp, r5
    16b8:	05b40500 	ldreq	r0, [r4, #1280]!	@ 0x500
    16bc:	00005744 	andeq	r5, r0, r4, asr #14
    16c0:	b405b705 	strlt	fp, [r5], #-1797	@ 0xfffff8fb
    16c4:	0500004c 	streq	r0, [r0, #-76]	@ 0xffffffb4
    16c8:	6a6505b9 	bvs	1942db4 <vector_table-0x66bd24c>
    16cc:	bd050000 	stclt	0, cr0, [r5, #-0]
    16d0:	003cfa05 	eorseq	pc, ip, r5, lsl #20
    16d4:	05bf0500 	ldreq	r0, [pc, #1280]!	@ 1bdc <vector_table-0x7ffe424>
    16d8:	00004ab1 			@ <UNDEFINED> instruction: 0x00004ab1
    16dc:	5105c105 	tstpl	r5, r5, lsl #2
    16e0:	0500004f 	streq	r0, [r0, #-79]	@ 0xffffffb1
    16e4:	5e5a05c5 	cdppl	5, 5, cr0, cr10, cr5, {6}
    16e8:	d6050000 	strle	r0, [r5], -r0
    16ec:	00584e05 	subseq	r4, r8, r5, lsl #28
    16f0:	05d70500 	ldrbeq	r0, [r7, #1280]	@ 0x500
    16f4:	00004c2d 	andeq	r4, r0, sp, lsr #24
    16f8:	f205d805 	vadd.i8	d13, d5, d5
    16fc:	0500006a 	streq	r0, [r0, #-106]	@ 0xffffff96
    1700:	61a205dc 	ldrdvs	r0, [r2, ip]!
    1704:	dd050000 	stcle	0, cr0, [r5, #-0]
    1708:	00616d05 	rsbeq	r6, r1, r5, lsl #26
    170c:	05e20500 	strbeq	r0, [r2, #1280]!	@ 0x500
    1710:	00003c6e 	andeq	r3, r0, lr, ror #24
    1714:	cd05e605 	stcgt	6, cr14, [r5, #-20]	@ 0xffffffec
    1718:	05000050 	streq	r0, [r0, #-80]	@ 0xffffffb0
    171c:	3f2d05ea 	svccc	0x002d05ea
    1720:	ee050000 	cdp	0, 0, cr0, cr5, cr0, {0}
    1724:	00459e05 	subeq	r9, r5, r5, lsl #28
    1728:	05ef0500 	strbeq	r0, [pc, #1280]!	@ 1c30 <vector_table-0x7ffe3d0>
    172c:	00004017 	andeq	r4, r0, r7, lsl r0
    1730:	1405f005 	strne	pc, [r5], #-5
    1734:	0000005c 	andeq	r0, r0, ip, asr r0
    1738:	05000005 	streq	r0, [r0, #-5]
    173c:	0065a614 	rsbeq	sl, r5, r4, lsl r6
    1740:	91160500 	tstls	r6, r0, lsl #10
    1744:	05000048 	streq	r0, [r0, #-72]	@ 0xffffffb8
    1748:	00679c17 	rsbeq	r9, r7, r7, lsl ip
    174c:	00050000 	andeq	r0, r5, r0
    1750:	019e0600 	orrseq	r0, lr, r0, lsl #12
    1754:	00000456 	andeq	r0, r0, r6, asr r4
    1758:	0701ed06 	streq	lr, [r1, -r6, lsl #26]
    175c:	06000024 	streq	r0, [r0], -r4, lsr #32
    1760:	1b6c02dd 	blne	1b022dc <vector_table-0x64fdd24>
    1764:	e2050000 	and	r0, r5, #0
    1768:	00488802 	subeq	r8, r8, r2, lsl #16
    176c:	02e90600 	rsceq	r0, r9, #0, 12
    1770:	000046e9 	andeq	r4, r0, r9, ror #13
    1774:	67038f06 	strvs	r8, [r3, -r6, lsl #30]
    1778:	05000015 	streq	r0, [r0, #-21]	@ 0xffffffeb
    177c:	168e0394 	pkhbtne	r0, lr, r4, lsl #7
    1780:	9a060000 	bls	181788 <vector_table-0x7e7e878>
    1784:	00156003 	andseq	r6, r5, r3
    1788:	039f0600 	orrseq	r0, pc, #0, 12
    178c:	00002c0c 	andeq	r2, r0, ip, lsl #24
    1790:	b603a005 	strlt	sl, [r3], -r5
    1794:	00000034 	andeq	r0, r0, r4, lsr r0
    1798:	06000005 	streq	r0, [r0], -r5
    179c:	005bc87f 	subseq	ip, fp, pc, ror r8
    17a0:	01920500 	orrseq	r0, r2, r0, lsl #10
    17a4:	00004e52 	andeq	r4, r0, r2, asr lr
    17a8:	64019406 	strvs	r9, [r1], #-1030	@ 0xfffffbfa
    17ac:	05000061 	streq	r0, [r0, #-97]	@ 0xffffff9f
    17b0:	453b01b3 	ldrmi	r0, [fp, #-435]!	@ 0xfffffe4d
    17b4:	bb050000 	bllt	1417bc <vector_table-0x7ebe844>
    17b8:	00455301 	subeq	r5, r5, r1, lsl #6
    17bc:	01c00500 	biceq	r0, r0, r0, lsl #10
    17c0:	00005eca 	andeq	r5, r0, sl, asr #29
    17c4:	b901c905 	stmdblt	r1, {r0, r2, r8, fp, lr, pc}
    17c8:	0000003f 	andeq	r0, r0, pc, lsr r0
    17cc:	05000005 	streq	r0, [r0, #-5]
    17d0:	00637112 	rsbeq	r7, r3, r2, lsl r1
    17d4:	aa160500 	bge	582bdc <vector_table-0x7a7d424>
    17d8:	0000005f 	andeq	r0, r0, pc, asr r0
    17dc:	05000005 	streq	r0, [r0, #-5]
    17e0:	006aac02 	rsbeq	sl, sl, r2, lsl #24
    17e4:	c20e0500 	andgt	r0, lr, #0, 10
    17e8:	05000059 	streq	r0, [r0, #-89]	@ 0xffffffa7
    17ec:	00654f0f 	rsbeq	r4, r5, pc, lsl #30
    17f0:	3d100500 	cfldr32cc	mvfx0, [r0, #-0]
    17f4:	05000063 	streq	r0, [r0, #-99]	@ 0xffffff9d
    17f8:	003d8f11 	eorseq	r8, sp, r1, lsl pc
    17fc:	f8120500 			@ <UNDEFINED> instruction: 0xf8120500
    1800:	05000040 	streq	r0, [r0, #-64]	@ 0xffffffc0
    1804:	00608913 	rsbeq	r8, r0, r3, lsl r9
    1808:	0b140500 	bleq	502c10 <vector_table-0x7afd3f0>
    180c:	05000067 	streq	r0, [r0, #-103]	@ 0xffffff99
    1810:	004c4115 	subeq	r4, ip, r5, lsl r1
    1814:	36160500 	ldrcc	r0, [r6], -r0, lsl #10
    1818:	05000059 	streq	r0, [r0, #-89]	@ 0xffffffa7
    181c:	00689c17 	rsbeq	r9, r8, r7, lsl ip
    1820:	83180500 	tsthi	r8, #0, 10
    1824:	05000066 	streq	r0, [r0, #-102]	@ 0xffffff9a
    1828:	005f1119 	subseq	r1, pc, r9, lsl r1	@ <UNPREDICTABLE>
    182c:	00050000 	andeq	r0, r5, r0
    1830:	324e0500 	subcc	r0, lr, #0, 10
    1834:	05000058 	streq	r0, [r0, #-88]	@ 0xffffffa8
    1838:	0069a06a 	rsbeq	sl, r9, sl, rrx
    183c:	01920500 	orrseq	r0, r2, r0, lsl #10
    1840:	0000512a 	andeq	r5, r0, sl, lsr #2
    1844:	5302ab05 	movwpl	sl, #11013	@ 0x2b05
    1848:	0500005f 	streq	r0, [r0, #-95]	@ 0xffffffa1
    184c:	504602ac 	subpl	r0, r6, ip, lsr #5
    1850:	ad050000 	stcge	0, cr0, [r5, #-0]
    1854:	00581a02 	subseq	r1, r8, r2, lsl #20
    1858:	02ae0500 	adceq	r0, lr, #0, 10
    185c:	000065b5 			@ <UNDEFINED> instruction: 0x000065b5
    1860:	3b02af05 	blcc	ad47c <vector_table-0x7f52b84>
    1864:	0500005f 	streq	r0, [r0, #-95]	@ 0xffffffa1
    1868:	59ef02b0 	stmibpl	pc!, {r4, r5, r7, r9}^	@ <UNPREDICTABLE>
    186c:	b1050000 	mrslt	r0, (UNDEF: 5)
    1870:	00691902 	rsbeq	r1, r9, r2, lsl #18
    1874:	02bd0500 	adcseq	r0, sp, #0, 10
    1878:	0000477e 	andeq	r4, r0, lr, ror r7
    187c:	bc02be05 	stclt	14, cr11, [r2], {5}
    1880:	0500006a 	streq	r0, [r0, #-106]	@ 0xffffff96
    1884:	587902bf 	ldmdapl	r9!, {r0, r1, r2, r3, r4, r5, r7, r9}^
    1888:	ca050000 	bgt	141890 <vector_table-0x7ebe770>
    188c:	00479702 	subeq	r9, r7, r2, lsl #14
    1890:	02cb0500 	sbceq	r0, fp, #0, 10
    1894:	000048be 			@ <UNDEFINED> instruction: 0x000048be
    1898:	7f02cc05 	svcvc	0x0002cc05
    189c:	05000064 	streq	r0, [r0, #-100]	@ 0xffffff9c
    18a0:	60de02cd 	sbcsvs	r0, lr, sp, asr #5
    18a4:	ce050000 	cdpgt	0, 0, cr0, cr5, cr0, {0}
    18a8:	0054b002 	subseq	fp, r4, r2
    18ac:	058d0500 	streq	r0, [sp, #1280]	@ 0x500
    18b0:	00004347 	andeq	r4, r0, r7, asr #6
    18b4:	7805bc05 	stmdavc	r5, {r0, r2, sl, fp, ip, sp, pc}
    18b8:	05000052 	streq	r0, [r0, #-82]	@ 0xffffffae
    18bc:	666905ca 	strbtvs	r0, [r9], -sl, asr #11
    18c0:	cb050000 	blgt	1418c8 <vector_table-0x7ebe738>
    18c4:	00418c05 	subeq	r8, r1, r5, lsl #24
    18c8:	05cc0500 	strbeq	r0, [ip, #1280]	@ 0x500
    18cc:	00005ee4 	andeq	r5, r0, r4, ror #29
    18d0:	ff05cd05 			@ <UNDEFINED> instruction: 0xff05cd05
    18d4:	05000055 	streq	r0, [r0, #-85]	@ 0xffffffab
    18d8:	605305ce 	subsvs	r0, r3, lr, asr #11
    18dc:	cf050000 	svcgt	0x00050000
    18e0:	003f0805 	eorseq	r0, pc, r5, lsl #16
    18e4:	05d00500 	ldrbeq	r0, [r0, #1280]	@ 0x500
    18e8:	000048a0 	andeq	r4, r0, r0, lsr #17
    18ec:	6505d205 	strvs	sp, [r5, #-517]	@ 0xfffffdfb
    18f0:	0500004b 	streq	r0, [r0, #-75]	@ 0xffffffb5
    18f4:	5b1205d3 	blpl	483048 <vector_table-0x7b7cfb8>
    18f8:	d4050000 	strle	r0, [r5], #-0
    18fc:	00422f05 	subeq	r2, r2, r5, lsl #30
    1900:	05d50500 	ldrbeq	r0, [r5, #1280]	@ 0x500
    1904:	00005240 	andeq	r5, r0, r0, asr #4
    1908:	f205d605 	vmax.s8	d13, d5, d5
    190c:	05000045 	streq	r0, [r0, #-69]	@ 0xffffffbb
    1910:	5c9d05d7 	cfldr32pl	mvfx0, [sp], {215}	@ 0xd7
    1914:	d8050000 	stmdale	r5, {}	@ <UNPREDICTABLE>
    1918:	00600b05 	rsbeq	r0, r0, r5, lsl #22
    191c:	05d90500 	ldrbeq	r0, [r9, #1280]	@ 0x500
    1920:	00005d1c 	andeq	r5, r0, ip, lsl sp
    1924:	6305da05 	movwvs	sp, #23045	@ 0x5a05
    1928:	0500003e 	streq	r0, [r0, #-62]	@ 0xffffffc2
    192c:	5cc405db 	cfstr64pl	mvdx0, [r4], {219}	@ 0xdb
    1930:	dc050000 	stcle	0, cr0, [r5], {-0}
    1934:	0066d705 	rsbeq	sp, r6, r5, lsl #14
    1938:	05dd0500 	ldrbeq	r0, [sp, #1280]	@ 0x500
    193c:	00003f71 	andeq	r3, r0, r1, ror pc
    1940:	7605de05 	strvc	sp, [r5], -r5, lsl #28
    1944:	0500004d 	streq	r0, [r0, #-77]	@ 0xffffffb3
    1948:	4d3a05df 	cfldr32mi	mvfx0, [sl, #-892]!	@ 0xfffffc84
    194c:	e0050000 	and	r0, r5, r0
    1950:	005c5105 	subseq	r5, ip, r5, lsl #2
    1954:	05e10500 	strbeq	r0, [r1, #1280]!	@ 0x500
    1958:	00005a8d 	andeq	r5, r0, sp, lsl #21
    195c:	4a05e205 	bmi	17a178 <vector_table-0x7e85e88>
    1960:	05000048 	streq	r0, [r0, #-72]	@ 0xffffffb8
    1964:	553505e3 	ldrpl	r0, [r5, #-1507]!	@ 0xfffffa1d
    1968:	e4050000 	str	r0, [r5], #-0
    196c:	0067c705 	rsbeq	ip, r7, r5, lsl #14
    1970:	05e50500 	strbeq	r0, [r5, #1280]!	@ 0x500
    1974:	00004628 	andeq	r4, r0, r8, lsr #12
    1978:	9b05ee05 	blls	17d194 <vector_table-0x7e82e6c>
    197c:	05000055 	streq	r0, [r0, #-85]	@ 0xffffffab
    1980:	627705ef 	rsbsvs	r0, r7, #1002438656	@ 0x3bc00000
    1984:	f0050000 			@ <UNDEFINED> instruction: 0xf0050000
    1988:	005f6b05 	subseq	r6, pc, r5, lsl #22
    198c:	05f40500 	ldrbeq	r0, [r4, #1280]!	@ 0x500
    1990:	00005068 	andeq	r5, r0, r8, rrx
    1994:	cd05f505 	cfstr32gt	mvfx15, [r5, #-20]	@ 0xffffffec
    1998:	05000065 	streq	r0, [r0, #-101]	@ 0xffffff9b
    199c:	3e3d05f6 	mrccc	5, 1, r0, cr13, cr6, {7}
    19a0:	f7050000 			@ <UNDEFINED> instruction: 0xf7050000
    19a4:	0058a505 	subseq	sl, r8, r5, lsl #10
    19a8:	05f80500 	ldrbeq	r0, [r8, #1280]!	@ 0x500
    19ac:	00004ed6 	ldrdeq	r4, [r0], -r6
    19b0:	0405f905 	streq	pc, [r5], #-2309	@ 0xfffff6fb
    19b4:	0500004a 	streq	r0, [r0, #-74]	@ 0xffffffb6
    19b8:	546905fa 	strbtpl	r0, [r9], #-1530	@ 0xfffffa06
    19bc:	fb050000 	blx	1419c6 <vector_table-0x7ebe63a>
    19c0:	004d0105 	subeq	r0, sp, r5, lsl #2
    19c4:	05fc0500 	ldrbeq	r0, [ip, #1280]!	@ 0x500
    19c8:	00004c6b 	andeq	r4, r0, fp, ror #24
    19cc:	2b05fd05 	blcs	180de8 <vector_table-0x7e7f218>
    19d0:	05000067 	streq	r0, [r0, #-103]	@ 0xffffff99
    19d4:	56bc05fe 			@ <UNDEFINED> instruction: 0x56bc05fe
    19d8:	80050000 	andhi	r0, r5, r0
    19dc:	005a3506 	subseq	r3, sl, r6, lsl #10
    19e0:	068b0500 	streq	r0, [fp], r0, lsl #10
    19e4:	000062d7 	ldrdeq	r6, [r0], -r7
    19e8:	8f069105 	svchi	0x00069105
    19ec:	0500004c 	streq	r0, [r0, #-76]	@ 0xffffffb4
    19f0:	4994069e 	ldmibmi	r4, {r1, r2, r3, r4, r7, r9, sl}
    19f4:	a1050000 	mrsge	r0, (UNDEF: 5)
    19f8:	00645906 	rsbeq	r5, r4, r6, lsl #18
    19fc:	06a30500 	strteq	r0, [r3], r0, lsl #10
    1a00:	0000565b 	andeq	r5, r0, fp, asr r6
    1a04:	b6078205 	strlt	r8, [r7], -r5, lsl #4
    1a08:	0000003d 	andeq	r0, r0, sp, lsr r0
    1a0c:	05000005 	streq	r0, [r0, #-5]
    1a10:	00661008 	rsbeq	r1, r6, r8
    1a14:	6a0d0600 	bvs	34321c <vector_table-0x7cbcde4>
    1a18:	05000063 	streq	r0, [r0, #-99]	@ 0xffffff9d
    1a1c:	005ea610 	subseq	sl, lr, r0, lsl r6
    1a20:	00050000 	andeq	r0, r5, r0
    1a24:	48380500 	ldmdami	r8!, {r8, sl}
    1a28:	0500005b 	streq	r0, [r0, #-91]	@ 0xffffffa5
    1a2c:	00692e3c 	rsbeq	r2, r9, ip, lsr lr
    1a30:	8f3d0500 	svchi	0x003d0500
    1a34:	05000045 	streq	r0, [r0, #-69]	@ 0xffffffbb
    1a38:	004ec23f 	subeq	ip, lr, pc, lsr r2
    1a3c:	8f430500 	svchi	0x00430500
    1a40:	05000054 	streq	r0, [r0, #-84]	@ 0xffffffac
    1a44:	662201a8 	strtvs	r0, [r2], -r8, lsr #3
    1a48:	05000000 	streq	r0, [r0, #-0]
    1a4c:	05000200 	streq	r0, [r0, #-512]	@ 0xfffffe00
    1a50:	4f070000 	svcmi	0x00070000
    1a54:	03000000 	movweq	r0, #0
    1a58:	01030100 	mrseq	r0, (UNDEF: 19)
    1a5c:	6a020504 	bvs	82e74 <vector_table-0x7f7d18c>
    1a60:	03000024 	movweq	r0, #36	@ 0x24
    1a64:	09070204 	stmdbeq	r7, {r2, r9}
    1a68:	0400000b 	streq	r0, [r0], #-11
    1a6c:	07030503 	streq	r0, [r3, -r3, lsl #10]
    1a70:	00000e57 	andeq	r0, r0, r7, asr lr
    1a74:	8f070504 	svchi	0x00070504
    1a78:	04000015 	streq	r0, [r0], #-21	@ 0xffffffeb
    1a7c:	Address 0x1a7c is out of bounds.


Disassembly of section .debug_line:

00000000 <.debug_line>:
   0:	000000f8 	strdeq	r0, [r0], -r8
   4:	00870003 	addeq	r0, r7, r3
   8:	01020000 	mrseq	r0, (UNDEF: 2)
   c:	000d0efb 	strdeq	r0, [sp], -fp
  10:	01010101 	tsteq	r1, r1, lsl #2
  14:	01000000 	mrseq	r0, (UNDEF: 0)
  18:	2f010000 	svccs	0x00010000
  1c:	2f727375 	svccs	0x00727375
  20:	2f62696c 	svccs	0x0062696c
  24:	2f636367 	svccs	0x00636367
  28:	2d6d7261 	sfmcs	f7, 2, [sp, #-388]!	@ 0xfffffe7c
  2c:	656e6f6e 	strbvs	r6, [lr, #-3950]!	@ 0xfffff092
  30:	6261652d 	rsbvs	r6, r1, #188743680	@ 0xb400000
  34:	33312f69 	teqcc	r1, #420	@ 0x1a4
  38:	312e322e 			@ <UNDEFINED> instruction: 0x312e322e
  3c:	636e692f 	cmnvs	lr, #770048	@ 0xbc000
  40:	6564756c 	strbvs	r7, [r4, #-1388]!	@ 0xfffffa94
  44:	6d756400 	cfldrdvs	mvd6, [r5, #-0]
  48:	65685f70 	strbvs	r5, [r8, #-3952]!	@ 0xfffff090
  4c:	74007061 	strvc	r7, [r0], #-97	@ 0xffffff9f
  50:	736b7361 	cmnvc	fp, #-2080374783	@ 0x84000001
  54:	616d0000 	cmnvs	sp, r0
  58:	632e6e69 			@ <UNDEFINED> instruction: 0x632e6e69
  5c:	00000000 	andeq	r0, r0, r0
  60:	69647473 	stmdbvs	r4!, {r0, r1, r4, r5, r6, sl, ip, sp, lr}^
  64:	682e746e 	stmdavs	lr!, {r1, r2, r3, r5, r6, sl, ip, sp, lr}
  68:	00000100 	andeq	r0, r0, r0, lsl #2
  6c:	685f796d 	ldmdavs	pc, {r0, r2, r3, r5, r6, r8, fp, ip, sp, lr}^	@ <UNPREDICTABLE>
  70:	2e706165 	rpwcssz	f6, f0, f5
  74:	00020068 	andeq	r0, r2, r8, rrx
  78:	64747300 	ldrbtvs	r7, [r4], #-768	@ 0xfffffd00
  7c:	2e666564 	cdpcs	5, 6, cr6, cr6, cr4, {3}
  80:	00010068 	andeq	r0, r1, r8, rrx
  84:	73617400 	cmnvc	r1, #0, 8
  88:	682e736b 	stmdavs	lr!, {r0, r1, r3, r5, r6, r8, r9, ip, sp, lr}
  8c:	00000300 	andeq	r0, r0, r0, lsl #6
  90:	00150500 	andseq	r0, r5, r0, lsl #10
  94:	00400205 	subeq	r0, r0, r5, lsl #4
  98:	10030800 	andne	r0, r3, r0, lsl #16
  9c:	4a1b0501 	bmi	6c14a8 <vector_table-0x793eb58>
  a0:	052e2205 	streq	r2, [lr, #-517]!	@ 0xfffffdfb
  a4:	07055a19 	smladeq	r5, r9, sl, r5
  a8:	00050559 	andeq	r0, r5, r9, asr r5
  ac:	30010402 	andcc	r0, r1, r2, lsl #8
  b0:	1905d606 	stmdbne	r5, {r1, r2, r9, sl, ip, lr, pc}
  b4:	200b0306 	andcs	r0, fp, r6, lsl #6
  b8:	05590705 	ldrbeq	r0, [r9, #-1797]	@ 0xfffff8fb
  bc:	04020005 	streq	r0, [r2], #-5
  c0:	d6063001 	strle	r3, [r6], -r1
  c4:	03061905 	movweq	r1, #26885	@ 0x6905
  c8:	0705200b 	streq	r2, [r5, -fp]
  cc:	04020059 	streq	r0, [r2], #-89	@ 0xffffffa7
  d0:	f2063001 	vhadd.s8	d3, d6, d1
  d4:	03060e05 	movweq	r0, #28165	@ 0x6e05
  d8:	0305200e 	movweq	r2, #20494	@ 0x500e
  dc:	2267222f 	rsbcs	r2, r7, #-268435454	@ 0xf0000002
  e0:	05682267 	strbeq	r2, [r8, #-615]!	@ 0xfffffd99
  e4:	10052101 	andne	r2, r5, r1, lsl #2
  e8:	300305e6 	andcc	r0, r3, r6, ror #11
  ec:	0a03302f 	beq	cc1b0 <vector_table-0x7f33e50>
  f0:	200c054a 	andcs	r0, ip, sl, asr #10
  f4:	023e0905 	eorseq	r0, lr, #81920	@ 0x14000
  f8:	01010004 	tsteq	r1, r4
  fc:	0000011c 	andeq	r0, r0, ip, lsl r1
 100:	00900003 	addseq	r0, r0, r3
 104:	01020000 	mrseq	r0, (UNDEF: 2)
 108:	000d0efb 	strdeq	r0, [sp], -fp
 10c:	01010101 	tsteq	r1, r1, lsl #2
 110:	01000000 	mrseq	r0, (UNDEF: 0)
 114:	2f010000 	svccs	0x00010000
 118:	2f727375 	svccs	0x00727375
 11c:	2f62696c 	svccs	0x0062696c
 120:	2f636367 	svccs	0x00636367
 124:	2d6d7261 	sfmcs	f7, 2, [sp, #-388]!	@ 0xfffffe7c
 128:	656e6f6e 	strbvs	r6, [lr, #-3950]!	@ 0xfffff092
 12c:	6261652d 	rsbvs	r6, r1, #188743680	@ 0xb400000
 130:	33312f69 	teqcc	r1, #420	@ 0x1a4
 134:	312e322e 			@ <UNDEFINED> instruction: 0x312e322e
 138:	636e692f 	cmnvs	lr, #770048	@ 0xbc000
 13c:	6564756c 	strbvs	r7, [r4, #-1388]!	@ 0xfffffa94
 140:	73617400 	cmnvc	r1, #0, 8
 144:	6400736b 	strvs	r7, [r0], #-875	@ 0xfffffc95
 148:	5f706d75 	svcpl	0x00706d75
 14c:	70616568 	rsbvc	r6, r1, r8, ror #10
 150:	74730000 	ldrbtvc	r0, [r3], #-0
 154:	5f32336d 	svcpl	0x0032336d
 158:	72617473 	rsbvc	r7, r1, #1929379840	@ 0x73000000
 15c:	2e707574 	mrccs	5, 3, r7, cr0, cr4, {3}
 160:	00000063 	andeq	r0, r0, r3, rrx
 164:	64747300 	ldrbtvs	r7, [r4], #-768	@ 0xfffffd00
 168:	2e746e69 	cdpcs	14, 7, cr6, cr4, cr9, {3}
 16c:	00010068 	andeq	r0, r1, r8, rrx
 170:	73617400 	cmnvc	r1, #0, 8
 174:	682e736b 	stmdavs	lr!, {r0, r1, r3, r5, r6, r8, r9, ip, sp, lr}
 178:	00000200 	andeq	r0, r0, r0, lsl #4
 17c:	685f796d 	ldmdavs	pc, {r0, r2, r3, r5, r6, r8, fp, ip, sp, lr}^	@ <UNPREDICTABLE>
 180:	2e706165 	rpwcssz	f6, f0, f5
 184:	00030068 	andeq	r0, r3, r8, rrx
 188:	64747300 	ldrbtvs	r7, [r4], #-768	@ 0xfffffd00
 18c:	2e666564 	cdpcs	5, 6, cr6, cr6, cr4, {3}
 190:	00010068 	andeq	r0, r1, r8, rrx
 194:	1a050000 	bne	14019c <vector_table-0x7ebfe64>
 198:	50020500 	andpl	r0, r2, r0, lsl #10
 19c:	03080001 	movweq	r0, #32769	@ 0x8001
 1a0:	050100c6 	streq	r0, [r1, #-198]	@ 0xffffff3a
 1a4:	052f3d0d 	streq	r3, [pc, #-3341]!	@ fffff49f <_estack+0xdfffd49f>
 1a8:	19053009 	stmdbne	r5, {r0, r3, ip, sp}
 1ac:	3c0c0521 	cfstr32cc	mvfx0, [ip], {33}	@ 0x21
 1b0:	053c1205 	ldreq	r1, [ip, #-517]!	@ 0xfffffdfb
 1b4:	051f2010 	ldreq	r2, [pc, #-16]	@ 1ac <vector_table-0x7fffe54>
 1b8:	052f4e09 	streq	r4, [pc, #-3593]!	@ fffff3b7 <_estack+0xdfffd3b7>
 1bc:	1005210c 	andne	r2, r5, ip, lsl #2
 1c0:	03052d3c 	movweq	r2, #23868	@ 0x5d3c
 1c4:	3c0d054d 	cfstr32cc	mvfx0, [sp], {77}	@ 0x4d
 1c8:	303d0305 	eorscc	r0, sp, r5, lsl #6
 1cc:	052f0105 	streq	r0, [pc, #-261]!	@ cf <vector_table-0x7ffff31>
 1d0:	0905f41c 	stmdbeq	r5, {r2, r3, r4, sl, ip, sp, lr, pc}
 1d4:	2412052f 	ldrcs	r0, [r2], #-1327	@ 0xfffffad1
 1d8:	052f0505 	streq	r0, [pc, #-1285]!	@ fffffcdb <_estack+0xdfffdcdb>
 1dc:	19052f01 	stmdbne	r5, {r0, r8, r9, sl, fp, sp}
 1e0:	3d0e0530 	cfstr32cc	mvfx0, [lr, #-192]	@ 0xffffff40
 1e4:	052f0c05 	streq	r0, [pc, #-3077]!	@ fffff5e7 <_estack+0xdfffd5e7>
 1e8:	11053e10 	tstne	r5, r0, lsl lr
 1ec:	01053e3d 	tsteq	r5, sp, lsr lr
 1f0:	841c053e 	ldrhi	r0, [ip], #-1342	@ 0xfffffac2
 1f4:	052f0505 	streq	r0, [pc, #-1285]!	@ fffffcf7 <_estack+0xdfffdcf7>
 1f8:	0505200e 	streq	r2, [r5, #-14]
 1fc:	2101053d 	tstcs	r1, sp, lsr r5
 200:	055a3205 	ldrbeq	r3, [sl, #-517]	@ 0xfffffdfb
 204:	01051303 	tsteq	r5, r3, lsl #6
 208:	82081c03 	andhi	r1, r8, #768	@ 0x300
 20c:	05232e05 	streq	r2, [r3, #-3589]!	@ 0xfffff1fb
 210:	01051305 	tsteq	r5, r5, lsl #6
 214:	02900903 	addseq	r0, r0, #49152	@ 0xc000
 218:	01010003 	tsteq	r1, r3
 21c:	000002e0 	andeq	r0, r0, r0, ror #5
 220:	019b0003 	orrseq	r0, fp, r3
 224:	01020000 	mrseq	r0, (UNDEF: 2)
 228:	000d0efb 	strdeq	r0, [sp], -fp
 22c:	01010101 	tsteq	r1, r1, lsl #2
 230:	01000000 	mrseq	r0, (UNDEF: 0)
 234:	74010000 	strvc	r0, [r1], #-0
 238:	736b7361 	cmnvc	fp, #-2080374783	@ 0x84000001
 23c:	73752f00 	cmnvc	r5, #0, 30
 240:	696c2f72 	stmdbvs	ip!, {r1, r4, r5, r6, r8, r9, sl, fp, sp}^
 244:	63672f62 	cmnvs	r7, #392	@ 0x188
 248:	72612f63 	rsbvc	r2, r1, #396	@ 0x18c
 24c:	6f6e2d6d 	svcvs	0x006e2d6d
 250:	652d656e 	strvs	r6, [sp, #-1390]!	@ 0xfffffa92
 254:	2f696261 	svccs	0x00696261
 258:	322e3331 	eorcc	r3, lr, #-1006632960	@ 0xc4000000
 25c:	692f312e 	stmdbvs	pc!, {r1, r2, r3, r5, r8, ip, sp}	@ <UNPREDICTABLE>
 260:	756c636e 	strbvc	r6, [ip, #-878]!	@ 0xfffffc92
 264:	74006564 	strvc	r6, [r0], #-1380	@ 0xfffffa9c
 268:	736b7361 	cmnvc	fp, #-2080374783	@ 0x84000001
 26c:	2f2e2e2f 	svccs	0x002e2e2f
 270:	706d7564 	rsbvc	r7, sp, r4, ror #10
 274:	6165685f 	cmnvs	r5, pc, asr r8
 278:	752f0070 	strvc	r0, [pc, #-112]!	@ 210 <vector_table-0x7fffdf0>
 27c:	692f7273 	stmdbvs	pc!, {r0, r1, r4, r5, r6, r9, ip, sp, lr}	@ <UNPREDICTABLE>
 280:	756c636e 	strbvc	r6, [ip, #-878]!	@ 0xfffffc92
 284:	6e2f6564 	cfsh64vs	mvdx6, mvdx15, #52
 288:	696c7765 	stmdbvs	ip!, {r0, r2, r5, r6, r8, r9, sl, ip, sp, lr}^
 28c:	752f0062 	strvc	r0, [pc, #-98]!	@ 232 <vector_table-0x7fffdce>
 290:	692f7273 	stmdbvs	pc!, {r0, r1, r4, r5, r6, r9, ip, sp, lr}	@ <UNPREDICTABLE>
 294:	756c636e 	strbvc	r6, [ip, #-878]!	@ 0xfffffc92
 298:	6e2f6564 	cfsh64vs	mvdx6, mvdx15, #52
 29c:	696c7765 	stmdbvs	ip!, {r0, r2, r5, r6, r8, r9, sl, ip, sp, lr}^
 2a0:	616d2f62 	cmnvs	sp, r2, ror #30
 2a4:	6e696863 	cdpvs	8, 6, cr6, cr9, cr3, {3}
 2a8:	752f0065 	strvc	r0, [pc, #-101]!	@ 24b <vector_table-0x7fffdb5>
 2ac:	692f7273 	stmdbvs	pc!, {r0, r1, r4, r5, r6, r9, ip, sp, lr}	@ <UNPREDICTABLE>
 2b0:	756c636e 	strbvc	r6, [ip, #-878]!	@ 0xfffffc92
 2b4:	6e2f6564 	cfsh64vs	mvdx6, mvdx15, #52
 2b8:	696c7765 	stmdbvs	ip!, {r0, r2, r5, r6, r8, r9, sl, ip, sp, lr}^
 2bc:	79732f62 	ldmdbvc	r3!, {r1, r5, r6, r8, r9, sl, fp, sp}^
 2c0:	74000073 	strvc	r0, [r0], #-115	@ 0xffffff8d
 2c4:	736b7361 	cmnvc	fp, #-2080374783	@ 0x84000001
 2c8:	0100632e 	tsteq	r0, lr, lsr #6
 2cc:	74730000 	ldrbtvc	r0, [r3], #-0
 2d0:	746e6964 	strbtvc	r6, [lr], #-2404	@ 0xfffff69c
 2d4:	0200682e 	andeq	r6, r0, #3014656	@ 0x2e0000
 2d8:	61740000 	cmnvs	r4, r0
 2dc:	2e736b73 	vmovcs.s8	r6, d3[7]
 2e0:	00010068 	andeq	r0, r1, r8, rrx
 2e4:	64747300 	ldrbtvs	r7, [r4], #-768	@ 0xfffffd00
 2e8:	2e666564 	cdpcs	5, 6, cr6, cr6, cr4, {3}
 2ec:	00020068 	andeq	r0, r2, r8, rrx
 2f0:	5f796d00 	svcpl	0x00796d00
 2f4:	70616568 	rsbvc	r6, r1, r8, ror #10
 2f8:	0300682e 	movweq	r6, #2094	@ 0x82e
 2fc:	74730000 	ldrbtvc	r0, [r3], #-0
 300:	62696c64 	rsbvs	r6, r9, #100, 24	@ 0x6400
 304:	0400682e 	streq	r6, [r0], #-2094	@ 0xfffff7d2
 308:	65690000 	strbvs	r0, [r9, #-0]!
 30c:	70666565 	rsbvc	r6, r6, r5, ror #10
 310:	0500682e 	streq	r6, [r0, #-2094]	@ 0xfffff7d2
 314:	615f0000 	cmpvs	pc, r0
 318:	2e69736e 	cdpcs	3, 6, cr7, cr9, cr14, {3}
 31c:	00040068 	andeq	r0, r4, r8, rrx
 320:	77656e00 	strbvc	r6, [r5, -r0, lsl #28]!
 324:	2e62696c 	vnmulcs.f16	s13, s4, s25	@ <UNPREDICTABLE>
 328:	00040068 	andeq	r0, r4, r8, rrx
 32c:	656e5f00 	strbvs	r5, [lr, #-3840]!	@ 0xfffff100
 330:	62696c77 	rsbvs	r6, r9, #30464	@ 0x7700
 334:	7265765f 	rsbvc	r7, r5, #99614720	@ 0x5f00000
 338:	6e6f6973 			@ <UNDEFINED> instruction: 0x6e6f6973
 33c:	0400682e 	streq	r6, [r0], #-2094	@ 0xfffff7d2
 340:	6f630000 	svcvs	0x00630000
 344:	6769666e 	strbvs	r6, [r9, -lr, ror #12]!
 348:	0600682e 	streq	r6, [r0], -lr, lsr #16
 34c:	65660000 	strbvs	r0, [r6, #-0]!
 350:	72757461 	rsbsvc	r7, r5, #1627389952	@ 0x61000000
 354:	682e7365 	stmdavs	lr!, {r0, r2, r5, r6, r8, r9, ip, sp, lr}
 358:	00000600 	andeq	r0, r0, r0, lsl #12
 35c:	6e656572 	mcrvs	5, 3, r6, cr5, cr2, {3}
 360:	00682e74 	rsbeq	r2, r8, r4, ror lr
 364:	63000006 	movwvs	r0, #6
 368:	73666564 	cmnvc	r6, #100, 10	@ 0x19000000
 36c:	0600682e 	streq	r6, [r0], -lr, lsr #16
 370:	645f0000 	ldrbvs	r0, [pc], #-0	@ 378 <vector_table-0x7fffc88>
 374:	75616665 	strbvc	r6, [r1, #-1637]!	@ 0xfffff99b
 378:	745f746c 	ldrbvc	r7, [pc], #-1132	@ 380 <vector_table-0x7fffc80>
 37c:	73657079 	cmnvc	r5, #121	@ 0x79
 380:	0500682e 	streq	r6, [r0, #-2094]	@ 0xfffff7d2
 384:	745f0000 	ldrbvc	r0, [pc], #-0	@ 38c <vector_table-0x7fffc74>
 388:	73657079 	cmnvc	r5, #121	@ 0x79
 38c:	0600682e 	streq	r6, [r0], -lr, lsr #16
 390:	745f0000 	ldrbvc	r0, [pc], #-0	@ 398 <vector_table-0x7fffc68>
 394:	73657079 	cmnvc	r5, #121	@ 0x79
 398:	0500682e 	streq	r6, [r0, #-2094]	@ 0xfffff7d2
 39c:	6f6c0000 	svcvs	0x006c0000
 3a0:	682e6b63 	stmdavs	lr!, {r0, r1, r5, r6, r8, r9, fp, sp, lr}
 3a4:	00000600 	andeq	r0, r0, r0, lsl #12
 3a8:	6c647473 	cfstrdvs	mvd7, [r4], #-460	@ 0xfffffe34
 3ac:	682e6269 	stmdavs	lr!, {r0, r3, r5, r6, r9, sp, lr}
 3b0:	00000500 	andeq	r0, r0, r0, lsl #10
 3b4:	6f6c6c61 	svcvs	0x006c6c61
 3b8:	682e6163 	stmdavs	lr!, {r0, r1, r5, r6, r8, sp, lr}
 3bc:	00000400 	andeq	r0, r0, r0, lsl #8
 3c0:	00180500 	andseq	r0, r8, r0, lsl #10
 3c4:	026c0205 	rsbeq	r0, ip, #1342177280	@ 0x50000000
 3c8:	13030800 	movwne	r0, #14336	@ 0x3800
 3cc:	00050501 	andeq	r0, r5, r1, lsl #10
 3d0:	30010402 	andcc	r0, r1, r2, lsl #8
 3d4:	36052006 	strcc	r2, [r5], -r6
 3d8:	06052806 	streq	r2, [r5], -r6, lsl #16
 3dc:	00190576 	andseq	r0, r9, r6, ror r5
 3e0:	4a010402 	bmi	413f0 <vector_table-0x7fbec10>
 3e4:	053d0c05 	ldreq	r0, [sp, #-3077]!	@ 0xfffff3fb
 3e8:	0e053f24 	cdpeq	15, 0, cr3, cr5, cr4, {1}
 3ec:	3e0c052e 	cfsh32cc	mvfx0, mvfx12, #30
 3f0:	052e0605 	streq	r0, [lr, #-1541]!	@ 0xfffff9fb
 3f4:	0a053018 	beq	14c45c <vector_table-0x7eb3ba4>
 3f8:	01040200 	mrseq	r0, R12_usr
 3fc:	2f0e0558 	svccs	0x000e0558
 400:	052e0805 	streq	r0, [lr, #-2053]!	@ 0xfffff7fb
 404:	09052f0e 	stmdbeq	r5, {r1, r2, r3, r8, r9, sl, fp, sp}
 408:	2e10053e 	mrccs	5, 0, r0, cr0, cr14, {1}
 40c:	052f0905 	streq	r0, [pc, #-2309]!	@ fffffb0f <_estack+0xdfffdb0f>
 410:	09052e1b 	stmdbeq	r5, {r0, r1, r3, r4, r9, sl, fp, sp}
 414:	2e0e052f 	cfsh32cs	mvfx0, mvfx14, #31
 418:	052f2005 	streq	r2, [pc, #-5]!	@ 41b <vector_table-0x7fffbe5>
 41c:	20054a09 	andcs	r4, r5, r9, lsl #20
 420:	2e15052e 	cfmul64cs	mvdx0, mvdx5, mvdx14
 424:	05211b05 	streq	r1, [r1, #-2821]!	@ 0xfffff4fb
 428:	09053c27 	stmdbeq	r5, {r0, r1, r2, r5, sl, fp, ip, sp}
 42c:	2e27054a 	cfsh64cs	mvdx0, mvdx7, #42
 430:	05201505 	streq	r1, [r0, #-1285]!	@ 0xfffffafb
 434:	16052109 	strne	r2, [r5], -r9, lsl #2
 438:	2f09052e 	svccs	0x0009052e
 43c:	052e1205 	streq	r1, [lr, #-517]!	@ 0xfffffdfb
 440:	15053009 	strne	r3, [r5, #-9]
 444:	3012052e 	andscc	r0, r2, lr, lsr #10
 448:	055b2605 	ldrbeq	r2, [fp, #-1541]	@ 0xfffff9fb
 44c:	0e055908 	vmlaeq.f16	s10, s10, s16	@ <UNPREDICTABLE>
 450:	3e14053d 	mrccc	5, 0, r0, cr4, cr13, {1}
 454:	053d1f05 	ldreq	r1, [sp, #-3845]!	@ 0xfffff0fb
 458:	25053d20 	strcs	r3, [r5, #-3360]	@ 0xfffff2e0
 45c:	2012053c 	andscs	r0, r2, ip, lsr r5
 460:	052f2705 	streq	r2, [pc, #-1797]!	@ fffffd63 <_estack+0xdfffdd63>
 464:	33053c41 	movwcc	r3, #23617	@ 0x5c41
 468:	3c19053c 	cfldr32cc	mvfx0, [r9], {60}	@ 0x3c
 46c:	052f2305 	streq	r2, [pc, #-773]!	@ 16f <vector_table-0x7fffe91>
 470:	19052e2f 	stmdbne	r5, {r0, r1, r2, r3, r5, r9, sl, fp, sp}
 474:	2f1a0558 	svccs	0x001a0558
 478:	053d1605 	ldreq	r1, [sp, #-1541]!	@ 0xfffff9fb
 47c:	11053e19 	tstne	r5, r9, lsl lr
 480:	2e1d053e 	mrccs	5, 0, r0, cr13, cr14, {1}
 484:	05301205 	ldreq	r1, [r0, #-517]!	@ 0xfffffdfb
 488:	0d053e17 	stceq	14, cr3, [r5, #-92]	@ 0xffffffa4
 48c:	322c053c 	eorcc	r0, ip, #60, 10	@ 0xf000000
 490:	053c0c05 	ldreq	r0, [ip, #-3077]!	@ 0xfffff3fb
 494:	0b05220d 	bleq	148cd0 <vector_table-0x7eb7330>
 498:	75230530 	strvc	r0, [r3, #-1328]!	@ 0xfffffad0
 49c:	593c0b05 	ldmdbpl	ip!, {r0, r2, r8, r9, fp}
 4a0:	053c0d05 	ldreq	r0, [ip, #-3333]!	@ 0xfffff2fb
 4a4:	672f200b 	strvs	r2, [pc, -fp]!
 4a8:	05676767 	strbeq	r6, [r7, #-1895]!	@ 0xfffff899
 4ac:	0b053c0d 	bleq	14f4e8 <vector_table-0x7eb0b18>
 4b0:	300c0520 	andcc	r0, ip, r0, lsr #10
 4b4:	052e0305 	streq	r0, [lr, #-773]!	@ 0xfffffcfb
 4b8:	1b05210d 	blne	1488f4 <vector_table-0x7eb770c>
 4bc:	03040200 	movweq	r0, #16896	@ 0x4200
 4c0:	00150565 	andseq	r0, r5, r5, ror #10
 4c4:	3c010402 	cfstrscc	mvf0, [r1], {2}
 4c8:	05400f05 	strbeq	r0, [r0, #-3845]	@ 0xfffff0fb
 4cc:	0a052e1b 	beq	14bd40 <vector_table-0x7eb42c0>
 4d0:	21010530 	tstcs	r1, r0, lsr r5
 4d4:	05f41705 	ldrbeq	r1, [r4, #1797]!	@ 0x705
 4d8:	2e052e26 	cdpcs	14, 0, cr2, cr5, cr6, {1}
 4dc:	8412054a 	ldrhi	r0, [r2], #-1354	@ 0xfffffab6
 4e0:	052f1305 	streq	r1, [pc, #-773]!	@ 1e3 <vector_table-0x7fffe1d>
 4e4:	06053c18 			@ <UNDEFINED> instruction: 0x06053c18
 4e8:	2f20052e 	svccs	0x0020052e
 4ec:	053c1205 	ldreq	r1, [ip, #-517]!	@ 0xfffffdfb
 4f0:	05053203 	streq	r3, [r5, #-515]	@ 0xfffffdfd
 4f4:	3003051e 	andcc	r0, r3, lr, lsl r5
 4f8:	02210105 	eoreq	r0, r1, #1073741825	@ 0x40000001
 4fc:	01010006 	tsteq	r1, r6
 500:	000000eb 	andeq	r0, r0, fp, ror #1
 504:	00790003 	rsbseq	r0, r9, r3
 508:	01020000 	mrseq	r0, (UNDEF: 2)
 50c:	000d0efb 	strdeq	r0, [sp], -fp
 510:	01010101 	tsteq	r1, r1, lsl #2
 514:	01000000 	mrseq	r0, (UNDEF: 0)
 518:	64010000 	strvs	r0, [r1], #-0
 51c:	5f706d75 	svcpl	0x00706d75
 520:	70616568 	rsbvc	r6, r1, r8, ror #10
 524:	73752f00 	cmnvc	r5, #0, 30
 528:	696c2f72 	stmdbvs	ip!, {r1, r4, r5, r6, r8, r9, sl, fp, sp}^
 52c:	63672f62 	cmnvs	r7, #392	@ 0x188
 530:	72612f63 	rsbvc	r2, r1, #396	@ 0x18c
 534:	6f6e2d6d 	svcvs	0x006e2d6d
 538:	652d656e 	strvs	r6, [sp, #-1390]!	@ 0xfffffa92
 53c:	2f696261 	svccs	0x00696261
 540:	322e3331 	eorcc	r3, lr, #-1006632960	@ 0xc4000000
 544:	692f312e 	stmdbvs	pc!, {r1, r2, r3, r5, r8, ip, sp}	@ <UNPREDICTABLE>
 548:	756c636e 	strbvc	r6, [ip, #-878]!	@ 0xfffffc92
 54c:	00006564 	andeq	r6, r0, r4, ror #10
 550:	685f796d 	ldmdavs	pc, {r0, r2, r3, r5, r6, r8, fp, ip, sp, lr}^	@ <UNPREDICTABLE>
 554:	2e706165 	rpwcssz	f6, f0, f5
 558:	00010063 	andeq	r0, r1, r3, rrx
 55c:	64747300 	ldrbtvs	r7, [r4], #-768	@ 0xfffffd00
 560:	2e746e69 	cdpcs	14, 7, cr6, cr4, cr9, {3}
 564:	00020068 	andeq	r0, r2, r8, rrx
 568:	64747300 	ldrbtvs	r7, [r4], #-768	@ 0xfffffd00
 56c:	2e666564 	cdpcs	5, 6, cr6, cr6, cr4, {3}
 570:	00020068 	andeq	r0, r2, r8, rrx
 574:	5f796d00 	svcpl	0x00796d00
 578:	70616568 	rsbvc	r6, r1, r8, ror #10
 57c:	0100682e 	tsteq	r0, lr, lsr #16
 580:	05000000 	streq	r0, [r0, #-0]
 584:	02050028 	andeq	r0, r5, #40	@ 0x28
 588:	080004ac 	stmdaeq	r0, {r2, r3, r5, r7, sl}
 58c:	4b060514 	blmi	1819e4 <vector_table-0x7e7e61c>
 590:	053d0c05 	ldreq	r0, [sp, #-3077]!	@ 0xfffff3fb
 594:	13053003 	movwne	r3, #20483	@ 0x5003
 598:	2e0d0521 	cfsh32cs	mvfx0, mvfx13, #17
 59c:	052f0305 	streq	r0, [pc, #-773]!	@ 29f <vector_table-0x7fffd61>
 5a0:	0105210a 	tsteq	r5, sl, lsl #2
 5a4:	5a330521 	bpl	cc1a30 <vector_table-0x733e5d0>
 5a8:	05590605 	ldrbeq	r0, [r9, #-1541]	@ 0xfffff9fb
 5ac:	03053d0c 	movweq	r3, #23820	@ 0x5d0c
 5b0:	22180531 	andscs	r0, r8, #205520896	@ 0xc400000
 5b4:	052e0805 	streq	r0, [lr, #-2053]!	@ 0xfffff7fb
 5b8:	0e053e0c 	cdpeq	14, 0, cr3, cr5, cr12, {0}
 5bc:	3c1c053e 	cfldr32cc	mvfx0, [ip], {62}	@ 0x3e
 5c0:	052e0605 	streq	r0, [lr, #-1541]!	@ 0xfffff9fb
 5c4:	0402002c 	streq	r0, [r2], #-44	@ 0xffffffd4
 5c8:	3a052e01 	bcc	14bdd4 <vector_table-0x7eb422c>
 5cc:	01040200 	mrseq	r0, R12_usr
 5d0:	0022053c 	eoreq	r0, r2, ip, lsr r5
 5d4:	2e010402 	cdpcs	4, 0, cr0, cr1, cr2, {0}
 5d8:	052f0505 	streq	r0, [pc, #-1285]!	@ db <vector_table-0x7ffff25>
 5dc:	0705220c 	streq	r2, [r5, -ip, lsl #4]
 5e0:	2e0d0531 	mcrcs	5, 0, r0, cr13, cr1, {1}
 5e4:	054c0a05 	strbeq	r0, [ip, #-2565]	@ 0xfffff5fb
 5e8:	05022101 	streq	r2, [r2, #-257]	@ 0xfffffeff
 5ec:	Address 0x5ec is out of bounds.


Disassembly of section .debug_str:

00000000 <.debug_str>:
       0:	52415f5f 	subpl	r5, r1, #380	@ 0x17c
       4:	45465f4d 	strbmi	r5, [r6, #-3917]	@ 0xfffff0b3
       8:	52555441 	subspl	r5, r5, #1090519040	@ 0x41000000
       c:	50465f45 	subpl	r5, r6, r5, asr #30
      10:	565f3631 			@ <UNDEFINED> instruction: 0x565f3631
      14:	4f544345 	svcmi	0x00544345
      18:	52415f52 	subpl	r5, r1, #328	@ 0x148
      1c:	4d485449 	cfstrdmi	mvd5, [r8, #-292]	@ 0xfffffedc
      20:	43495445 	movtmi	r5, #37957	@ 0x9445
      24:	535f5f00 	cmppl	pc, #0, 30
      28:	415f4749 	cmpmi	pc, r9, asr #14
      2c:	494d4f54 	stmdbmi	sp, {r2, r4, r6, r8, r9, sl, fp, lr}^
      30:	414d5f43 	cmpmi	sp, r3, asr #30
      34:	205f5f58 	subscs	r5, pc, r8, asr pc	@ <UNPREDICTABLE>
      38:	66377830 			@ <UNDEFINED> instruction: 0x66377830
      3c:	66666666 	strbtvs	r6, [r6], -r6, ror #12
      40:	5f006666 	svcpl	0x00006666
      44:	5f41545f 	svcpl	0x0041545f
      48:	54494246 	strbpl	r4, [r9], #-582	@ 0xfffffdba
      4c:	36205f5f 	qsaxcc	r5, r0, pc	@ <UNPREDICTABLE>
      50:	535f0033 	cmppl	pc, #51	@ 0x33
      54:	5f455a49 	svcpl	0x00455a49
      58:	45445f54 	strbmi	r5, [r4, #-3924]	@ 0xfffff0ac
      5c:	454e4946 	strbmi	r4, [lr, #-2374]	@ 0xfffff6ba
      60:	5f002044 	svcpl	0x00002044
      64:	5246555f 	subpl	r5, r6, #398458880	@ 0x17c00000
      68:	5f544341 	svcpl	0x00544341
      6c:	54494249 	strbpl	r4, [r9], #-585	@ 0xfffffdb7
      70:	30205f5f 	eorcc	r5, r0, pc, asr pc
      74:	445f5f00 	ldrbmi	r5, [pc], #-3840	@ 7c <vector_table-0x7ffff84>
      78:	445f4c42 	ldrbmi	r4, [pc], #-3138	@ 80 <vector_table-0x7ffff80>
      7c:	4d494345 	stclmi	3, cr4, [r9, #-276]	@ 0xfffffeec
      80:	445f4c41 	ldrbmi	r4, [pc], #-3137	@ 88 <vector_table-0x7ffff78>
      84:	5f5f4749 	svcpl	0x005f4749
      88:	00373120 	eorseq	r3, r7, r0, lsr #2
      8c:	544e4955 	strbpl	r4, [lr], #-2389	@ 0xfffff6ab
      90:	414d5f38 	cmpmi	sp, r8, lsr pc
      94:	5f5f0058 	svcpl	0x005f0058
      98:	544e4955 	strbpl	r4, [lr], #-2389	@ 0xfffff6ab
      9c:	5341465f 	movtpl	r4, #5727	@ 0x165f
      a0:	545f3854 	ldrbpl	r3, [pc], #-2132	@ a8 <vector_table-0x7ffff58>
      a4:	5f455059 	svcpl	0x00455059
      a8:	6e75205f 	mrcvs	0, 3, r2, cr5, cr15, {2}
      ac:	6e676973 			@ <UNDEFINED> instruction: 0x6e676973
      b0:	69206465 	stmdbvs	r0!, {r0, r2, r5, r6, sl, sp, lr}
      b4:	5f00746e 	svcpl	0x0000746e
      b8:	544c465f 	strbpl	r4, [ip], #-1631	@ 0xfffff9a1
      bc:	4d5f3436 	cfldrdmi	mvd3, [pc, #-216]	@ ffffffec <_estack+0xdfffdfec>
      c0:	455f5841 	ldrbmi	r5, [pc, #-2113]	@ fffff887 <_estack+0xdfffd887>
      c4:	5f5f5058 	svcpl	0x005f5058
      c8:	32303120 	eorscc	r3, r0, #32, 2
      cc:	4e490034 	mcrmi	0, 2, r0, cr9, cr4, {1}
      d0:	5f323354 	svcpl	0x00323354
      d4:	2058414d 	subscs	r4, r8, sp, asr #2
      d8:	4e495f5f 	mcrmi	15, 2, r5, cr9, cr15, {2}
      dc:	5f323354 	svcpl	0x00323354
      e0:	5f58414d 	svcpl	0x0058414d
      e4:	475f005f 			@ <UNDEFINED> instruction: 0x475f005f
      e8:	575f4343 	ldrbpl	r4, [pc, -r3, asr #6]
      ec:	52414843 	subpl	r4, r1, #4390912	@ 0x430000
      f0:	0020545f 	eoreq	r5, r0, pc, asr r4
      f4:	4c465f5f 	mcrrmi	15, 5, r5, r6, cr15
      f8:	58323354 	ldmdapl	r2!, {r2, r4, r6, r8, r9, ip, sp}
      fc:	58414d5f 	stmdapl	r1, {r0, r1, r2, r3, r4, r6, r8, sl, fp, lr}^
     100:	5058455f 	subspl	r4, r8, pc, asr r5
     104:	31205f5f 			@ <UNDEFINED> instruction: 0x31205f5f
     108:	00343230 	eorseq	r3, r4, r0, lsr r2
     10c:	4e495f5f 	mcrmi	15, 2, r5, cr9, cr15, {2}
     110:	41465f54 	cmpmi	r6, r4, asr pc
     114:	36315453 			@ <UNDEFINED> instruction: 0x36315453
     118:	4449575f 	strbmi	r5, [r9], #-1887	@ 0xfffff8a1
     11c:	5f5f4854 	svcpl	0x005f4854
     120:	00323320 	eorseq	r3, r2, r0, lsr #6
     124:	6e69616d 	powvsez	f6, f1, #5.0
     128:	4900632e 	stmdbmi	r0, {r1, r2, r3, r5, r8, r9, sp, lr}
     12c:	4c5f544e 	cfldrdmi	mvd5, [pc], {78}	@ 0x4e
     130:	54534145 	ldrbpl	r4, [r3], #-325	@ 0xfffffebb
     134:	4d5f3631 	ldclmi	6, cr3, [pc, #-196]	@ 78 <vector_table-0x7ffff88>
     138:	5f004e49 	svcpl	0x00004e49
     13c:	7a69735f 	bvc	1a5cec0 <vector_table-0x65a3140>
     140:	5f745f65 	svcpl	0x00745f65
     144:	5f00205f 	svcpl	0x0000205f
     148:	5f434347 	svcpl	0x00434347
     14c:	49445453 	stmdbmi	r4, {r0, r1, r4, r6, sl, ip, lr}^
     150:	485f544e 	ldmdami	pc, {r1, r2, r3, r6, sl, ip, lr}^	@ <UNPREDICTABLE>
     154:	5f5f0020 	svcpl	0x005f0020
     158:	43414c55 	movtmi	r4, #7253	@ 0x1c55
     15c:	5f4d5543 	svcpl	0x004d5543
     160:	49535045 	ldmdbmi	r3, {r0, r2, r6, ip, lr}^
     164:	5f4e4f4c 	svcpl	0x004e4f4c
     168:	7830205f 	ldmdavc	r0!, {r0, r1, r2, r3, r4, r6, sp}
     16c:	332d5031 			@ <UNDEFINED> instruction: 0x332d5031
     170:	4b4c5532 	blmi	1315640 <vector_table-0x6cea9c0>
     174:	544e4900 	strbpl	r4, [lr], #-2304	@ 0xfffff700
     178:	41454c5f 	cmpmi	r5, pc, asr ip
     17c:	36315453 			@ <UNDEFINED> instruction: 0x36315453
     180:	58414d5f 	stmdapl	r1, {r0, r1, r2, r3, r4, r6, r8, sl, fp, lr}^
     184:	495f5f20 	ldmdbmi	pc, {r5, r8, r9, sl, fp, ip, lr}^	@ <UNPREDICTABLE>
     188:	4c5f544e 	cfldrdmi	mvd5, [pc], {78}	@ 0x4e
     18c:	54534145 	ldrbpl	r4, [r3], #-325	@ 0xfffffebb
     190:	4d5f3631 	ldclmi	6, cr3, [pc, #-196]	@ d4 <vector_table-0x7ffff2c>
     194:	5f5f5841 	svcpl	0x005f5841
     198:	54505f00 	ldrbpl	r5, [r0], #-3840	@ 0xfffff100
     19c:	46494452 			@ <UNDEFINED> instruction: 0x46494452
     1a0:	5f545f46 	svcpl	0x00545f46
     1a4:	4c434544 	cfstr64mi	mvdx4, [r3], {68}	@ 0x44
     1a8:	44455241 	strbmi	r5, [r5], #-577	@ 0xfffffdbf
     1ac:	5f5f0020 	svcpl	0x005f0020
     1b0:	5f4d5241 	svcpl	0x004d5241
     1b4:	54414546 	strbpl	r4, [r1], #-1350	@ 0xfffffaba
     1b8:	5f455255 	svcpl	0x00455255
     1bc:	444d4953 	strbmi	r4, [sp], #-2387	@ 0xfffff6ad
     1c0:	55003233 	strpl	r3, [r0, #-563]	@ 0xfffffdcd
     1c4:	31544e49 	cmpcc	r4, r9, asr #28
     1c8:	00435f36 	subeq	r5, r3, r6, lsr pc
     1cc:	4c465f5f 	mcrrmi	15, 5, r5, r6, cr15
     1d0:	5f323354 	svcpl	0x00323354
     1d4:	544e414d 	strbpl	r4, [lr], #-333	@ 0xfffffeb3
     1d8:	4749445f 	smlsldmi	r4, r9, pc, r4	@ <UNPREDICTABLE>
     1dc:	32205f5f 	eorcc	r5, r0, #380	@ 0x17c
     1e0:	5f5f0034 	svcpl	0x005f0034
     1e4:	544e4955 	strbpl	r4, [lr], #-2389	@ 0xfffff6ab
     1e8:	28435f38 	stmdacs	r3, {r3, r4, r5, r8, r9, sl, fp, ip, lr}^
     1ec:	63202963 			@ <UNDEFINED> instruction: 0x63202963
     1f0:	415f5f00 	cmpmi	pc, r0, lsl #30
     1f4:	4e5f4d52 	mrcmi	13, 2, r4, cr15, cr2, {2}
     1f8:	5f4e4f45 	svcpl	0x004e4f45
     1fc:	5f5f005f 	svcpl	0x005f005f
     200:	455a4953 	ldrbmi	r4, [sl, #-2387]	@ 0xfffff6ad
     204:	575f464f 	ldrbpl	r4, [pc, -pc, asr #12]
     208:	5f544e49 	svcpl	0x00544e49
     20c:	205f5f54 	subscs	r5, pc, r4, asr pc	@ <UNPREDICTABLE>
     210:	72630034 	rsbvc	r0, r3, #52	@ 0x34
     214:	65746165 	ldrbvs	r6, [r4, #-357]!	@ 0xfffffe9b
     218:	7268745f 	rsbvc	r7, r8, #1593835520	@ 0x5f000000
     21c:	00646165 	rsbeq	r6, r4, r5, ror #2
     220:	51515f5f 	cmppl	r1, pc, asr pc
     224:	4942495f 	stmdbmi	r2, {r0, r1, r2, r3, r4, r6, r8, fp, lr}^
     228:	205f5f54 	subscs	r5, pc, r4, asr pc	@ <UNPREDICTABLE>
     22c:	5f5f0030 	svcpl	0x005f0030
     230:	5f514455 	svcpl	0x00514455
     234:	54494249 	strbpl	r4, [r9], #-585	@ 0xfffffdb7
     238:	30205f5f 	eorcc	r5, r0, pc, asr pc
     23c:	445f5f00 	ldrbmi	r5, [pc], #-3840	@ 244 <vector_table-0x7fffdbc>
     240:	4d5f4c42 	ldclmi	12, cr4, [pc, #-264]	@ 140 <vector_table-0x7fffec0>
     244:	5f5f5841 	svcpl	0x005f5841
     248:	64282820 	strtvs	r2, [r8], #-2080	@ 0xfffff7e0
     24c:	6c62756f 	cfstr64vs	mvdx7, [r2], #-444	@ 0xfffffe44
     250:	2e312965 	vsubcs.f16	s4, s2, s11	@ <UNPREDICTABLE>
     254:	36373937 			@ <UNDEFINED> instruction: 0x36373937
     258:	33313339 	teqcc	r1, #-469762048	@ 0xe4000000
     25c:	32363834 	eorscc	r3, r6, #52, 16	@ 0x340000
     260:	37353133 			@ <UNDEFINED> instruction: 0x37353133
     264:	30332b65 	eorscc	r2, r3, r5, ror #22
     268:	00294c38 	eoreq	r4, r9, r8, lsr ip
     26c:	4c465f5f 	mcrrmi	15, 5, r5, r6, cr15
     270:	58323354 	ldmdapl	r2!, {r2, r4, r6, r8, r9, ip, sp}
     274:	4345445f 	movtmi	r4, #21599	@ 0x545f
     278:	4c414d49 	mcrrmi	13, 4, r4, r1, cr9
     27c:	4749445f 	smlsldmi	r4, r9, pc, r4	@ <UNPREDICTABLE>
     280:	31205f5f 			@ <UNDEFINED> instruction: 0x31205f5f
     284:	5f5f0037 	svcpl	0x005f0037
     288:	5f4c4244 	svcpl	0x004c4244
     28c:	5f4e494d 	svcpl	0x004e494d
     290:	5f505845 	svcpl	0x00505845
     294:	2d28205f 	stccs	0, cr2, [r8, #-380]!	@ 0xfffffe84
     298:	31323031 	teqcc	r2, r1, lsr r0
     29c:	5f5f0029 	svcpl	0x005f0029
     2a0:	474e4f4c 	strbmi	r4, [lr, -ip, asr #30]
     2a4:	4e4f4c5f 	mcrmi	12, 2, r4, cr15, cr15, {2}
     2a8:	49575f47 	ldmdbmi	r7, {r0, r1, r2, r6, r8, r9, sl, fp, ip, lr}^
     2ac:	5f485444 	svcpl	0x00485444
     2b0:	3436205f 	ldrtcc	r2, [r6], #-95	@ 0xffffffa1
     2b4:	475f5f00 	ldrbmi	r5, [pc, -r0, lsl #30]
     2b8:	415f4343 	cmpmi	pc, r3, asr #6
     2bc:	494d4f54 	stmdbmi	sp, {r2, r4, r6, r8, r9, sl, fp, lr}^
     2c0:	48435f43 	stmdami	r3, {r0, r1, r6, r8, r9, sl, fp, ip, lr}^
     2c4:	36315241 	ldrtcc	r5, [r1], -r1, asr #4
     2c8:	4c5f545f 	cfldrdmi	mvd5, [pc], {95}	@ 0x5f
     2cc:	5f4b434f 	svcpl	0x004b434f
     2d0:	45455246 	strbmi	r5, [r5, #-582]	@ 0xfffffdba
     2d4:	5f003220 	svcpl	0x00003220
     2d8:	4d52415f 	ldfmie	f4, [r2, #-380]	@ 0xfffffe84
     2dc:	4145465f 	cmpmi	r5, pc, asr r6
     2e0:	45525554 	ldrbmi	r5, [r2, #-1364]	@ 0xfffffaac
     2e4:	4544435f 	strbmi	r4, [r4, #-863]	@ 0xfffffca1
     2e8:	504f435f 	subpl	r4, pc, pc, asr r3	@ <UNPREDICTABLE>
     2ec:	00434f52 	subeq	r4, r3, r2, asr pc
     2f0:	52415f5f 	subpl	r5, r1, #380	@ 0x17c
     2f4:	49535f4d 	ldmdbmi	r3, {r0, r2, r3, r6, r8, r9, sl, fp, ip, lr}^
     2f8:	464f455a 			@ <UNDEFINED> instruction: 0x464f455a
     2fc:	4843575f 	stmdami	r3, {r0, r1, r2, r3, r4, r6, r8, r9, sl, ip, lr}^
     300:	545f5241 	ldrbpl	r5, [pc], #-577	@ 308 <vector_table-0x7fffcf8>
     304:	5f003420 	svcpl	0x00003420
     308:	4d52415f 	ldfmie	f4, [r2, #-380]	@ 0xfffffe84
     30c:	3150465f 	cmpcc	r0, pc, asr r6
     310:	4f465f36 	svcmi	0x00465f36
     314:	54414d52 	strbpl	r4, [r1], #-3410	@ 0xfffff2ae
     318:	4545495f 	strbmi	r4, [r5, #-2399]	@ 0xfffff6a1
     31c:	5f5f0045 	svcpl	0x005f0045
     320:	5f4d5241 	svcpl	0x004d5241
     324:	54414546 	strbpl	r4, [r1], #-1350	@ 0xfffffaba
     328:	5f455255 	svcpl	0x00455255
     32c:	504d4f43 	subpl	r4, sp, r3, asr #30
     330:	0058454c 	subseq	r4, r8, ip, asr #10
     334:	4c4c5f5f 	mcrrmi	15, 5, r5, ip, cr15
     338:	43415246 	movtmi	r5, #4678	@ 0x1246
     33c:	42495f54 	submi	r5, r9, #84, 30	@ 0x150
     340:	5f5f5449 	svcpl	0x005f5449
     344:	74003020 	strvc	r3, [r0], #-32	@ 0xffffffe0
     348:	316b7361 	cmncc	fp, r1, ror #6
     34c:	73617400 	cmnvc	r1, #0, 8
     350:	7400326b 	strvc	r3, [r0], #-619	@ 0xfffffd95
     354:	336b7361 	cmncc	fp, #-2080374783	@ 0x84000001
     358:	555f5f00 	ldrbpl	r5, [pc, #-3840]	@ fffff460 <_estack+0xdfffd460>
     35c:	41524653 	cmpmi	r2, r3, asr r6
     360:	4d5f5443 	cfldrdmi	mvd5, [pc, #-268]	@ 25c <vector_table-0x7fffda4>
     364:	5f5f4e49 	svcpl	0x005f4e49
     368:	302e3020 	eorcc	r3, lr, r0, lsr #32
     36c:	00524855 	subseq	r4, r2, r5, asr r8
     370:	5f544e49 	svcpl	0x00544e49
     374:	54534146 	ldrbpl	r4, [r3], #-326	@ 0xfffffeba
     378:	4d5f3631 	ldclmi	6, cr3, [pc, #-196]	@ 2bc <vector_table-0x7fffd44>
     37c:	5f205841 	svcpl	0x00205841
     380:	544e495f 	strbpl	r4, [lr], #-2399	@ 0xfffff6a1
     384:	5341465f 	movtpl	r4, #5727	@ 0x165f
     388:	5f363154 	svcpl	0x00363154
     38c:	5f58414d 	svcpl	0x0058414d
     390:	5f5f005f 	svcpl	0x005f005f
     394:	43554e47 	cmpmi	r5, #1136	@ 0x470
     398:	4e494d5f 	mcrmi	13, 2, r4, cr9, cr15, {2}
     39c:	5f5f524f 	svcpl	0x005f524f
     3a0:	5f003220 	svcpl	0x00003220
     3a4:	4e49555f 	mcrmi	5, 2, r5, cr9, cr15, {2}
     3a8:	454c5f54 	strbmi	r5, [ip, #-3924]	@ 0xfffff0ac
     3ac:	38545341 	ldmdacc	r4, {r0, r6, r8, r9, ip, lr}^
     3b0:	58414d5f 	stmdapl	r1, {r0, r1, r2, r3, r4, r6, r8, sl, fp, lr}^
     3b4:	30205f5f 	eorcc	r5, r0, pc, asr pc
     3b8:	00666678 	rsbeq	r6, r6, r8, ror r6
     3bc:	544e4955 	strbpl	r4, [lr], #-2389	@ 0xfffff6ab
     3c0:	4d5f3631 	ldclmi	6, cr3, [pc, #-196]	@ 304 <vector_table-0x7fffcfc>
     3c4:	5f005841 	svcpl	0x00005841
     3c8:	4d52415f 	ldfmie	f4, [r2, #-380]	@ 0xfffffe84
     3cc:	4d53415f 	ldfmie	f4, [r3, #-380]	@ 0xfffffe84
     3d0:	4e59535f 	mrcmi	3, 2, r5, cr9, cr15, {2}
     3d4:	5f584154 	svcpl	0x00584154
     3d8:	46494e55 			@ <UNDEFINED> instruction: 0x46494e55
     3dc:	5f444549 	svcpl	0x00444549
     3e0:	0031205f 	eorseq	r2, r1, pc, asr r0
     3e4:	52415f5f 	subpl	r5, r1, #380	@ 0x17c
     3e8:	45465f4d 	strbmi	r5, [r6, #-3917]	@ 0xfffff0b3
     3ec:	52555441 	subspl	r5, r5, #1090519040	@ 0x41000000
     3f0:	52435f45 	subpl	r5, r3, #276	@ 0x114
     3f4:	4f545059 	svcmi	0x00545059
     3f8:	445f5f00 	ldrbmi	r5, [pc], #-3840	@ 400 <vector_table-0x7fffc00>
     3fc:	4e5f4c42 	cdpmi	12, 5, cr4, cr15, cr2, {2}
     400:	5f4d524f 	svcpl	0x004d524f
     404:	5f58414d 	svcpl	0x0058414d
     408:	2828205f 	stmdacs	r8!, {r0, r1, r2, r3, r4, r6, sp}
     40c:	62756f64 	rsbsvs	r6, r5, #100, 30	@ 0x190
     410:	3129656c 			@ <UNDEFINED> instruction: 0x3129656c
     414:	3739372e 	ldrcc	r3, [r9, -lr, lsr #14]!
     418:	31333936 	teqcc	r3, r6, lsr r9
     41c:	36383433 			@ <UNDEFINED> instruction: 0x36383433
     420:	35313332 	ldrcc	r3, [r1, #-818]!	@ 0xfffffcce
     424:	332b6537 			@ <UNDEFINED> instruction: 0x332b6537
     428:	294c3830 	stmdbcs	ip, {r4, r5, fp, ip, sp}^
     42c:	465f5f00 	ldrbmi	r5, [pc], -r0, lsl #30
     430:	3233544c 	eorscc	r5, r3, #76, 8	@ 0x4c000000
     434:	5f53495f 	svcpl	0x0053495f
     438:	5f434549 	svcpl	0x00434549
     43c:	35353036 	ldrcc	r3, [r5, #-54]!	@ 0xffffffca
     440:	205f5f39 	subscs	r5, pc, r9, lsr pc	@ <UNPREDICTABLE>
     444:	5f5f0031 	svcpl	0x005f0031
     448:	544e4955 	strbpl	r4, [lr], #-2389	@ 0xfffff6ab
     44c:	435f3631 	cmpmi	pc, #51380224	@ 0x3100000
     450:	20296328 	eorcs	r6, r9, r8, lsr #6
     454:	5f5f0063 	svcpl	0x005f0063
     458:	6465656e 	strbtvs	r6, [r5], #-1390	@ 0xfffffa92
     45c:	7274705f 	rsbsvc	r7, r4, #95	@ 0x5f
     460:	66666964 	strbtvs	r6, [r6], -r4, ror #18
     464:	5f00745f 	svcpl	0x0000745f
     468:	5a49535f 	bpl	12551ec <vector_table-0x6daae14>
     46c:	5f464f45 	svcpl	0x00464f45
     470:	524f4853 	subpl	r4, pc, #5439488	@ 0x530000
     474:	205f5f54 	subscs	r5, pc, r4, asr pc	@ <UNPREDICTABLE>
     478:	5f5f0032 	svcpl	0x005f0032
     47c:	52414843 	subpl	r4, r1, #4390912	@ 0x430000
     480:	545f3631 	ldrbpl	r3, [pc], #-1585	@ 488 <vector_table-0x7fffb78>
     484:	5f455059 	svcpl	0x00455059
     488:	6873205f 	ldmdavs	r3!, {r0, r1, r2, r3, r4, r6, sp}^
     48c:	2074726f 	rsbscs	r7, r4, pc, ror #4
     490:	69736e75 	ldmdbvs	r3!, {r0, r2, r4, r5, r6, r9, sl, fp, sp, lr}^
     494:	64656e67 	strbtvs	r6, [r5], #-3687	@ 0xfffff199
     498:	746e6920 	strbtvc	r6, [lr], #-2336	@ 0xfffff6e0
     49c:	4e495500 	cdpmi	5, 4, cr5, cr9, cr0, {0}
     4a0:	454c5f54 	strbmi	r5, [ip, #-3924]	@ 0xfffff0ac
     4a4:	33545341 	cmpcc	r4, #67108865	@ 0x4000001
     4a8:	414d5f32 	cmpmi	sp, r2, lsr pc
     4ac:	5f5f2058 	svcpl	0x005f2058
     4b0:	544e4955 	strbpl	r4, [lr], #-2389	@ 0xfffff6ab
     4b4:	41454c5f 	cmpmi	r5, pc, asr ip
     4b8:	32335453 	eorscc	r5, r3, #1392508928	@ 0x53000000
     4bc:	58414d5f 	stmdapl	r1, {r0, r1, r2, r3, r4, r6, r8, sl, fp, lr}^
     4c0:	5f005f5f 	svcpl	0x00005f5f
     4c4:	5a49535f 	bpl	1255248 <vector_table-0x6daadb8>
     4c8:	5f464f45 	svcpl	0x00464f45
     4cc:	474e4f4c 	strbmi	r4, [lr, -ip, asr #30]
     4d0:	554f445f 	strbpl	r4, [pc, #-1119]	@ 79 <vector_table-0x7ffff87>
     4d4:	5f454c42 	svcpl	0x00454c42
     4d8:	0038205f 	eorseq	r2, r8, pc, asr r0
     4dc:	444c5f5f 	strbmi	r5, [ip], #-3935	@ 0xfffff0a1
     4e0:	495f4c42 	ldmdbmi	pc, {r1, r6, sl, fp, lr}^	@ <UNPREDICTABLE>
     4e4:	45495f53 	strbmi	r5, [r9, #-3923]	@ 0xfffff0ad
     4e8:	30365f43 	eorscc	r5, r6, r3, asr #30
     4ec:	5f393535 	svcpl	0x00393535
     4f0:	0031205f 	eorseq	r2, r1, pc, asr r0
     4f4:	4e495f5f 	mcrmi	15, 2, r5, cr9, cr15, {2}
     4f8:	41465f54 	cmpmi	r6, r4, asr pc
     4fc:	5f385453 	svcpl	0x00385453
     500:	5f58414d 	svcpl	0x0058414d
     504:	7830205f 	ldmdavc	r0!, {r0, r1, r2, r3, r4, r6, sp}
     508:	66666637 			@ <UNDEFINED> instruction: 0x66666637
     50c:	66666666 	strbtvs	r6, [r6], -r6, ror #12
     510:	4f5f5f00 	svcmi	0x005f5f00
     514:	52454452 	subpl	r4, r5, #1375731712	@ 0x52000000
     518:	4749425f 	smlsldmi	r4, r9, pc, r2	@ <UNPREDICTABLE>
     51c:	444e455f 	strbmi	r4, [lr], #-1375	@ 0xfffffaa1
     520:	5f4e4149 	svcpl	0x004e4149
     524:	3334205f 	teqcc	r4, #95	@ 0x5f
     528:	5f003132 	svcpl	0x00003132
     52c:	4c4c555f 	cfstr64mi	mvdx5, [ip], {95}	@ 0x5f
     530:	43415246 	movtmi	r5, #4678	@ 0x1246
     534:	414d5f54 	cmpmi	sp, r4, asr pc
     538:	205f5f58 	subscs	r5, pc, r8, asr pc	@ <UNPREDICTABLE>
     53c:	46465830 			@ <UNDEFINED> instruction: 0x46465830
     540:	46464646 	strbmi	r4, [r6], -r6, asr #12
     544:	46464646 	strbmi	r4, [r6], -r6, asr #12
     548:	46464646 	strbmi	r4, [r6], -r6, asr #12
     54c:	2d504646 	ldclcs	6, cr4, [r0, #-280]	@ 0xfffffee8
     550:	4c553436 	cfldrdmi	mvd3, [r5], {54}	@ 0x36
     554:	5f00524c 	svcpl	0x0000524c
     558:	4343475f 	movtmi	r4, #14175	@ 0x375f
     55c:	4e4f435f 	mcrmi	3, 2, r4, cr15, cr15, {2}
     560:	55525453 	ldrbpl	r5, [r2, #-1107]	@ 0xfffffbad
     564:	56495443 	strbpl	r5, [r9], -r3, asr #8
     568:	49535f45 	ldmdbmi	r3, {r0, r2, r6, r8, r9, sl, fp, ip, lr}^
     56c:	3620455a 			@ <UNDEFINED> instruction: 0x3620455a
     570:	5f5f0034 	svcpl	0x005f0034
     574:	455a4953 	ldrbmi	r4, [sl, #-2387]	@ 0xfffff6ad
     578:	0020545f 	eoreq	r5, r0, pc, asr r4
     57c:	54555f5f 	ldrbpl	r5, [r5], #-3935	@ 0xfffff0a1
     580:	42465f41 	submi	r5, r6, #260	@ 0x104
     584:	5f5f5449 	svcpl	0x005f5449
     588:	00343620 	eorseq	r3, r4, r0, lsr #12
     58c:	42445f5f 	submi	r5, r4, #380	@ 0x17c
     590:	414d5f4c 	cmpmi	sp, ip, asr #30
     594:	445f544e 	ldrbmi	r5, [pc], #-1102	@ 59c <vector_table-0x7fffa64>
     598:	5f5f4749 	svcpl	0x005f4749
     59c:	00333520 	eorseq	r3, r3, r0, lsr #10
     5a0:	49555f5f 	ldmdbmi	r5, {r0, r1, r2, r3, r4, r6, r8, r9, sl, fp, ip, lr}^
     5a4:	4c5f544e 	cfldrdmi	mvd5, [pc], {78}	@ 0x4e
     5a8:	54534145 	ldrbpl	r4, [r3], #-325	@ 0xfffffebb
     5ac:	545f3436 	ldrbpl	r3, [pc], #-1078	@ 5b4 <vector_table-0x7fffa4c>
     5b0:	5f455059 	svcpl	0x00455059
     5b4:	6f6c205f 	svcvs	0x006c205f
     5b8:	6c20676e 	stcvs	7, cr6, [r0], #-440	@ 0xfffffe48
     5bc:	20676e6f 	rsbcs	r6, r7, pc, ror #28
     5c0:	69736e75 	ldmdbvs	r3!, {r0, r2, r4, r5, r6, r9, sl, fp, sp, lr}^
     5c4:	64656e67 	strbtvs	r6, [r5], #-3687	@ 0xfffff199
     5c8:	746e6920 	strbtvc	r6, [lr], #-2336	@ 0xfffff6e0
     5cc:	495f5f00 	ldmdbmi	pc, {r8, r9, sl, fp, ip, lr}^	@ <UNPREDICTABLE>
     5d0:	4d5f544e 	cfldrdmi	mvd5, [pc, #-312]	@ 4a0 <vector_table-0x7fffb60>
     5d4:	5f5f5841 	svcpl	0x005f5841
     5d8:	37783020 	ldrbcc	r3, [r8, -r0, lsr #32]!
     5dc:	66666666 	strbtvs	r6, [r6], -r6, ror #12
     5e0:	00666666 	rsbeq	r6, r6, r6, ror #12
     5e4:	54415f5f 	strbpl	r5, [r1], #-3935	@ 0xfffff0a1
     5e8:	43494d4f 	movtmi	r4, #40271	@ 0x9d4f
     5ec:	4c45525f 	sfmmi	f5, 2, [r5], {95}	@ 0x5f
     5f0:	45534145 	ldrbmi	r4, [r3, #-325]	@ 0xfffffebb
     5f4:	49003320 	stmdbmi	r0, {r5, r8, r9, ip, sp}
     5f8:	5f38544e 	svcpl	0x0038544e
     5fc:	004e494d 	subeq	r4, lr, sp, asr #18
     600:	54505f5f 	ldrbpl	r5, [r0], #-3935	@ 0xfffff0a1
     604:	46494452 			@ <UNDEFINED> instruction: 0x46494452
     608:	59545f46 	ldmdbpl	r4, {r1, r2, r6, r8, r9, sl, fp, ip, lr}^
     60c:	5f5f4550 	svcpl	0x005f4550
     610:	746e6920 	strbtvc	r6, [lr], #-2336	@ 0xfffff6e0
     614:	435f5f00 	cmpmi	pc, #0, 30
     618:	5f524148 	svcpl	0x00524148
     61c:	49534e55 	ldmdbmi	r3, {r0, r2, r4, r6, r9, sl, fp, lr}^
     620:	44454e47 	strbmi	r4, [r5], #-3655	@ 0xfffff1b9
     624:	31205f5f 			@ <UNDEFINED> instruction: 0x31205f5f
     628:	495f5f00 	ldmdbmi	pc, {r8, r9, sl, fp, ip, lr}^	@ <UNPREDICTABLE>
     62c:	3631544e 	ldrtcc	r5, [r1], -lr, asr #8
     630:	5059545f 	subspl	r5, r9, pc, asr r4
     634:	205f5f45 	subscs	r5, pc, r5, asr #30
     638:	726f6873 	rsbvc	r6, pc, #7536640	@ 0x730000
     63c:	6e692074 	mcrvs	0, 3, r2, cr9, cr4, {3}
     640:	49550074 	ldmdbmi	r5, {r2, r4, r5, r6}^
     644:	5f38544e 	svcpl	0x0038544e
     648:	2058414d 	subscs	r4, r8, sp, asr #2
     64c:	49555f5f 	ldmdbmi	r5, {r0, r1, r2, r3, r4, r6, r8, r9, sl, fp, ip, lr}^
     650:	5f38544e 	svcpl	0x0038544e
     654:	5f58414d 	svcpl	0x0058414d
     658:	5f5f005f 	svcpl	0x005f005f
     65c:	5f4d5241 	svcpl	0x004d5241
     660:	54414546 	strbpl	r4, [r1], #-1350	@ 0xfffffaba
     664:	5f455255 	svcpl	0x00455255
     668:	4d445251 	sfmmi	f5, 2, [r4, #-324]	@ 0xfffffebc
     66c:	5f5f0058 	svcpl	0x005f0058
     670:	4c42444c 	cfstrdmi	mvd4, [r2], {76}	@ 0x4c
     674:	4749445f 	smlsldmi	r4, r9, pc, r4	@ <UNPREDICTABLE>
     678:	31205f5f 			@ <UNDEFINED> instruction: 0x31205f5f
     67c:	535f0035 	cmppl	pc, #53	@ 0x35
     680:	5f455a49 	svcpl	0x00455a49
     684:	45445f54 	strbmi	r5, [r4, #-3924]	@ 0xfffff0ac
     688:	52414c43 	subpl	r4, r1, #17152	@ 0x4300
     68c:	00204445 	eoreq	r4, r0, r5, asr #8
     690:	4c465f5f 	mcrrmi	15, 5, r5, r6, cr15
     694:	5f323354 	svcpl	0x00323354
     698:	5f58414d 	svcpl	0x0058414d
     69c:	2e33205f 	mrccs	0, 1, r2, cr3, cr15, {2}
     6a0:	38323034 	ldmdacc	r2!, {r2, r4, r5, ip, sp}
     6a4:	36343332 			@ <UNDEFINED> instruction: 0x36343332
     6a8:	35383336 	ldrcc	r3, [r8, #-822]!	@ 0xfffffcca
     6ac:	36383832 			@ <UNDEFINED> instruction: 0x36383832
     6b0:	38332b65 	ldmdacc	r3!, {r0, r2, r5, r6, r8, r9, fp, sp}
     6b4:	00323346 	eorseq	r3, r2, r6, asr #6
     6b8:	4c4c5f5f 	mcrrmi	15, 5, r5, ip, cr15
     6bc:	55434341 	strbpl	r4, [r3, #-833]	@ 0xfffffcbf
     6c0:	42495f4d 	submi	r5, r9, #308	@ 0x134
     6c4:	5f5f5449 	svcpl	0x005f5449
     6c8:	00323320 	eorseq	r3, r2, r0, lsr #6
     6cc:	54415f5f 	strbpl	r5, [r1], #-3935	@ 0xfffff0a1
     6d0:	43494d4f 	movtmi	r4, #40271	@ 0x9d4f
     6d4:	5145535f 	cmppl	r5, pc, asr r3
     6d8:	5453435f 	ldrbpl	r4, [r3], #-863	@ 0xfffffca1
     6dc:	53003520 	movwpl	r3, #1312	@ 0x520
     6e0:	495f4243 	ldmdbmi	pc, {r0, r1, r6, r9, lr}^	@ <UNPREDICTABLE>
     6e4:	20525343 	subscs	r5, r2, r3, asr #6
     6e8:	28282a28 	stmdacs	r8!, {r3, r5, r9, fp, sp}
     6ec:	616c6f76 	smcvs	50934	@ 0xc6f6
     6f0:	656c6974 	strbvs	r6, [ip, #-2420]!	@ 0xfffff68c
     6f4:	6e697520 	cdpvs	5, 6, cr7, cr9, cr0, {1}
     6f8:	5f323374 	svcpl	0x00323374
     6fc:	292a2074 	stmdbcs	sl!, {r2, r4, r5, r6, sp}
     700:	30457830 	subcc	r7, r5, r0, lsr r8
     704:	44453030 	strbmi	r3, [r5], #-48	@ 0xffffffd0
     708:	4c553430 	cfldrdmi	mvd3, [r5], {48}	@ 0x30
     70c:	5f002929 	svcpl	0x00002929
     710:	544e495f 	strbpl	r4, [lr], #-2399	@ 0xfffff6a1
     714:	41454c5f 	cmpmi	r5, pc, asr ip
     718:	5f385453 	svcpl	0x00385453
     71c:	5f58414d 	svcpl	0x0058414d
     720:	7830205f 	ldmdavc	r0!, {r0, r1, r2, r3, r4, r6, sp}
     724:	5f006637 	svcpl	0x00006637
     728:	544e495f 	strbpl	r4, [lr], #-2399	@ 0xfffff6a1
     72c:	41454c5f 	cmpmi	r5, pc, asr ip
     730:	5f385453 	svcpl	0x00385453
     734:	45505954 	ldrbmi	r5, [r0, #-2388]	@ 0xfffff6ac
     738:	73205f5f 			@ <UNDEFINED> instruction: 0x73205f5f
     73c:	656e6769 	strbvs	r6, [lr, #-1897]!	@ 0xfffff897
     740:	68632064 	stmdavs	r3!, {r2, r5, r6, sp}^
     744:	5f007261 	svcpl	0x00007261
     748:	544c465f 	strbpl	r4, [ip], #-1631	@ 0xfffff9a1
     74c:	4d5f3436 	cfldrdmi	mvd3, [pc, #-216]	@ 67c <vector_table-0x7fff984>
     750:	5f544e41 	svcpl	0x00544e41
     754:	5f474944 	svcpl	0x00474944
     758:	3335205f 	teqcc	r5, #95	@ 0x5f
     75c:	53425f00 	movtpl	r5, #12032	@ 0x2f00
     760:	43575f44 	cmpmi	r7, #68, 30	@ 0x110
     764:	5f524148 	svcpl	0x00524148
     768:	55005f54 	strpl	r5, [r0, #-3924]	@ 0xfffff0ac
     76c:	5f544e49 	svcpl	0x00544e49
     770:	5341454c 	movtpl	r4, #5452	@ 0x154c
     774:	4d5f3854 	ldclmi	8, cr3, [pc, #-336]	@ 62c <vector_table-0x7fff9d4>
     778:	5f205841 	svcpl	0x00205841
     77c:	4e49555f 	mcrmi	5, 2, r5, cr9, cr15, {2}
     780:	454c5f54 	strbmi	r5, [ip, #-3924]	@ 0xfffff0ac
     784:	38545341 	ldmdacc	r4, {r0, r6, r8, r9, ip, lr}^
     788:	58414d5f 	stmdapl	r1, {r0, r1, r2, r3, r4, r6, r8, sl, fp, lr}^
     78c:	5f005f5f 	svcpl	0x00005f5f
     790:	4e49555f 	mcrmi	5, 2, r5, cr9, cr15, {2}
     794:	58414d54 	stmdapl	r1, {r2, r4, r6, r8, sl, fp, lr}^
     798:	6328435f 			@ <UNDEFINED> instruction: 0x6328435f
     79c:	20632029 	rsbcs	r2, r3, r9, lsr #32
     7a0:	55202323 	strpl	r2, [r0, #-803]!	@ 0xfffffcdd
     7a4:	5f004c4c 	svcpl	0x00004c4c
     7a8:	5459425f 	ldrbpl	r4, [r9], #-607	@ 0xfffffda1
     7ac:	524f5f45 	subpl	r5, pc, #276	@ 0x114
     7b0:	5f524544 	svcpl	0x00524544
     7b4:	5f5f205f 	svcpl	0x005f205f
     7b8:	4544524f 	strbmi	r5, [r4, #-591]	@ 0xfffffdb1
     7bc:	494c5f52 	stmdbmi	ip, {r1, r4, r6, r8, r9, sl, fp, ip, lr}^
     7c0:	454c5454 	strbmi	r5, [ip, #-1108]	@ 0xfffffbac
     7c4:	444e455f 	strbmi	r4, [lr], #-1375	@ 0xfffffaa1
     7c8:	5f4e4149 	svcpl	0x004e4149
     7cc:	535f005f 	cmppl	pc, #95	@ 0x5f
     7d0:	535f5359 	cmppl	pc, #1677721601	@ 0x64000001
     7d4:	5f455a49 	svcpl	0x00455a49
     7d8:	20485f54 	subcs	r5, r8, r4, asr pc
     7dc:	465f5f00 	ldrbmi	r5, [pc], -r0, lsl #30
     7e0:	3233544c 	eorscc	r5, r3, #76, 8	@ 0x4c000000
     7e4:	4e494d5f 	mcrmi	13, 2, r4, cr9, cr15, {2}
     7e8:	5f30315f 	svcpl	0x0030315f
     7ec:	5f505845 	svcpl	0x00505845
     7f0:	2d28205f 	stccs	0, cr2, [r8, #-380]!	@ 0xfffffe84
     7f4:	00293733 	eoreq	r3, r9, r3, lsr r7
     7f8:	464c5f5f 			@ <UNDEFINED> instruction: 0x464c5f5f
     7fc:	54434152 	strbpl	r4, [r3], #-338	@ 0xfffffeae
     800:	4942495f 	stmdbmi	r2, {r0, r1, r2, r3, r4, r6, r8, fp, lr}^
     804:	205f5f54 	subscs	r5, pc, r4, asr pc	@ <UNPREDICTABLE>
     808:	4e490030 	mcrmi	0, 2, r0, cr9, cr0, {1}
     80c:	58414d54 	stmdapl	r1, {r2, r4, r6, r8, sl, fp, lr}^
     810:	4e494d5f 	mcrmi	13, 2, r4, cr9, cr15, {2}
     814:	492d2820 	pushmi	{r5, fp, sp}
     818:	414d544e 	cmpmi	sp, lr, asr #8
     81c:	414d5f58 	cmpmi	sp, r8, asr pc
     820:	202d2058 	eorcs	r2, sp, r8, asr r0
     824:	5f002931 	svcpl	0x00002931
     828:	4d52415f 	ldfmie	f4, [r2, #-380]	@ 0xfffffe84
     82c:	4352415f 	cmpmi	r2, #-1073741801	@ 0xc0000017
     830:	00372048 	eorseq	r2, r7, r8, asr #32
     834:	54535f5f 	ldrbpl	r5, [r3], #-3935	@ 0xfffff0a1
     838:	555f4344 	ldrbpl	r4, [pc, #-836]	@ 4fc <vector_table-0x7fffb04>
     83c:	335f4654 	cmpcc	pc, #84, 12	@ 0x5400000
     840:	205f5f32 	subscs	r5, pc, r2, lsr pc	@ <UNPREDICTABLE>
     844:	5f5f0031 	svcpl	0x005f0031
     848:	5f544e49 	svcpl	0x00544e49
     84c:	5341454c 	movtpl	r4, #5452	@ 0x154c
     850:	5f363154 	svcpl	0x00363154
     854:	5f58414d 	svcpl	0x0058414d
     858:	7830205f 	ldmdavc	r0!, {r0, r1, r2, r3, r4, r6, sp}
     85c:	66666637 			@ <UNDEFINED> instruction: 0x66666637
     860:	47495300 	strbmi	r5, [r9, -r0, lsl #6]
     864:	4f54415f 	svcmi	0x0054415f
     868:	5f43494d 	svcpl	0x0043494d
     86c:	204e494d 	subcs	r4, lr, sp, asr #18
     870:	49535f5f 	ldmdbmi	r3, {r0, r1, r2, r3, r4, r6, r8, r9, sl, fp, ip, lr}^
     874:	54415f47 	strbpl	r5, [r1], #-3911	@ 0xfffff0b9
     878:	43494d4f 	movtmi	r4, #40271	@ 0x9d4f
     87c:	4e494d5f 	mcrmi	13, 2, r4, cr9, cr15, {2}
     880:	5f005f5f 	svcpl	0x00005f5f
     884:	4843535f 	stmdami	r3, {r0, r1, r2, r3, r4, r6, r8, r9, ip, lr}^
     888:	4d5f5241 	lfmmi	f5, 2, [pc, #-260]	@ 78c <vector_table-0x7fff874>
     88c:	5f5f5841 	svcpl	0x005f5841
     890:	37783020 	ldrbcc	r3, [r8, -r0, lsr #32]!
     894:	5f5f0066 	svcpl	0x005f0066
     898:	36544c46 	ldrbcc	r4, [r4], -r6, asr #24
     89c:	4f4e5f34 	svcmi	0x004e5f34
     8a0:	4d5f4d52 	ldclmi	13, cr4, [pc, #-328]	@ 760 <vector_table-0x7fff8a0>
     8a4:	5f5f5841 	svcpl	0x005f5841
     8a8:	372e3120 	strcc	r3, [lr, -r0, lsr #2]!
     8ac:	39363739 	ldmdbcc	r6!, {r0, r3, r4, r5, r8, r9, sl, ip, sp}
     8b0:	34333133 	ldrtcc	r3, [r3], #-307	@ 0xfffffecd
     8b4:	33323638 	teqcc	r2, #56, 12	@ 0x3800000
     8b8:	65373531 	ldrvs	r3, [r7, #-1329]!	@ 0xfffffacf
     8bc:	3830332b 	ldmdacc	r0!, {r0, r1, r3, r5, r8, r9, ip, sp}
     8c0:	00343646 	eorseq	r3, r4, r6, asr #12
     8c4:	52415f5f 	subpl	r5, r1, #380	@ 0x17c
     8c8:	45465f4d 	strbmi	r5, [r6, #-3917]	@ 0xfffff0b3
     8cc:	52555441 	subspl	r5, r5, #1090519040	@ 0x41000000
     8d0:	554e5f45 	strbpl	r5, [lr, #-3909]	@ 0xfffff0bb
     8d4:	4952454d 	ldmdbmi	r2, {r0, r2, r3, r6, r8, sl, lr}^
     8d8:	414d5f43 	cmpmi	sp, r3, asr #30
     8dc:	4e494d58 	mcrmi	13, 2, r4, cr9, cr8, {2}
     8e0:	555f5f00 	ldrbpl	r5, [pc, #-3840]	@ fffff9e8 <_estack+0xdfffd9e8>
     8e4:	52464c4c 	subpl	r4, r6, #76, 24	@ 0x4c00
     8e8:	5f544341 	svcpl	0x00544341
     8ec:	54494249 	strbpl	r4, [r9], #-585	@ 0xfffffdb7
     8f0:	30205f5f 	eorcc	r5, r0, pc, asr pc
     8f4:	465f5f00 	ldrbmi	r5, [pc], -r0, lsl #30
     8f8:	3436544c 	ldrtcc	r5, [r6], #-1100	@ 0xfffffbb4
     8fc:	4749445f 	smlsldmi	r4, r9, pc, r4	@ <UNPREDICTABLE>
     900:	31205f5f 			@ <UNDEFINED> instruction: 0x31205f5f
     904:	4e490035 	mcrmi	0, 2, r0, cr9, cr5, {1}
     908:	454c5f54 	strbmi	r5, [ip, #-3924]	@ 0xfffff0ac
     90c:	31545341 	cmpcc	r4, r1, asr #6
     910:	494d5f36 	stmdbmi	sp, {r1, r2, r4, r5, r8, r9, sl, fp, ip, lr}^
     914:	2d28204e 	stccs	0, cr2, [r8, #-312]!	@ 0xfffffec8
     918:	5f544e49 	svcpl	0x00544e49
     91c:	5341454c 	movtpl	r4, #5452	@ 0x154c
     920:	5f363154 	svcpl	0x00363154
     924:	2058414d 	subscs	r4, r8, sp, asr #2
     928:	2931202d 	ldmdbcs	r1!, {r0, r2, r3, r5, sp}
     92c:	415f5f00 	cmpmi	pc, r0, lsl #30
     930:	494d4f54 	stmdbmi	sp, {r2, r4, r6, r8, r9, sl, fp, lr}^
     934:	45525f43 	ldrbmi	r5, [r2, #-3907]	@ 0xfffff0bd
     938:	4558414c 	ldrbmi	r4, [r8, #-332]	@ 0xfffffeb4
     93c:	00302044 	eorseq	r2, r0, r4, asr #32
     940:	50544e49 	subspl	r4, r4, r9, asr #28
     944:	4d5f5254 	lfmmi	f5, 2, [pc, #-336]	@ 7fc <vector_table-0x7fff804>
     948:	5f205841 	svcpl	0x00205841
     94c:	544e495f 	strbpl	r4, [lr], #-2399	@ 0xfffff6a1
     950:	5f525450 	svcpl	0x00525450
     954:	5f58414d 	svcpl	0x0058414d
     958:	5f5f005f 	svcpl	0x005f005f
     95c:	5f4d5241 	svcpl	0x004d5241
     960:	54414546 	strbpl	r4, [r1], #-1350	@ 0xfffffaba
     964:	5f455255 	svcpl	0x00455255
     968:	36315046 	ldrtcc	r5, [r1], -r6, asr #32
     96c:	4c4d465f 	mcrrmi	6, 5, r4, sp, cr15
     970:	535f5f00 	cmppl	pc, #0, 30
     974:	5f455a49 	svcpl	0x00455a49
     978:	5f58414d 	svcpl	0x0058414d
     97c:	7830205f 	ldmdavc	r0!, {r0, r1, r2, r3, r4, r6, sp}
     980:	66666666 	strbtvs	r6, [r6], -r6, ror #12
     984:	66666666 	strbtvs	r6, [r6], -r6, ror #12
     988:	5f5f0055 	svcpl	0x005f0055
     98c:	4343414c 	movtmi	r4, #12620	@ 0x314c
     990:	4d5f4d55 	ldclmi	13, cr4, [pc, #-340]	@ 844 <vector_table-0x7fff7bc>
     994:	5f5f4e49 	svcpl	0x005f4e49
     998:	302d2820 	eorcc	r2, sp, r0, lsr #16
     99c:	33503158 	cmpcc	r0, #88, 2
     9a0:	2d4b4c31 	stclcs	12, cr4, [fp, #-196]	@ 0xffffff3c
     9a4:	50315830 	eorspl	r5, r1, r0, lsr r8
     9a8:	4b4c3133 	blmi	130ce7c <vector_table-0x6cf3184>
     9ac:	5f5f0029 	svcpl	0x005f0029
     9b0:	414c4c55 	cmpmi	ip, r5, asr ip
     9b4:	4d554343 	ldclmi	3, cr4, [r5, #-268]	@ 0xfffffef4
     9b8:	58414d5f 	stmdapl	r1, {r0, r1, r2, r3, r4, r6, r8, sl, fp, lr}^
     9bc:	30205f5f 	eorcc	r5, r0, pc, asr pc
     9c0:	46464658 			@ <UNDEFINED> instruction: 0x46464658
     9c4:	46464646 	strbmi	r4, [r6], -r6, asr #12
     9c8:	46464646 	strbmi	r4, [r6], -r6, asr #12
     9cc:	46464646 	strbmi	r4, [r6], -r6, asr #12
     9d0:	332d5046 			@ <UNDEFINED> instruction: 0x332d5046
     9d4:	4c4c5532 	cfstr64mi	mvdx5, [ip], {50}	@ 0x32
     9d8:	5f5f004b 	svcpl	0x005f004b
     9dc:	43414c55 	movtmi	r4, #7253	@ 0x1c55
     9e0:	5f4d5543 	svcpl	0x004d5543
     9e4:	5f4e494d 	svcpl	0x004e494d
     9e8:	2e30205f 	mrccs	0, 1, r2, cr0, cr15, {2}
     9ec:	4b4c5530 	blmi	1315eb4 <vector_table-0x6cea14c>
     9f0:	4e495500 	cdpmi	5, 4, cr5, cr9, cr0, {0}
     9f4:	5f343654 	svcpl	0x00343654
     9f8:	29632843 	stmdbcs	r3!, {r0, r1, r6, fp, sp}^
     9fc:	555f5f20 	ldrbpl	r5, [pc, #-3872]	@ fffffae4 <_estack+0xdfffdae4>
     a00:	36544e49 	ldrbcc	r4, [r4], -r9, asr #28
     a04:	28435f34 	stmdacs	r3, {r2, r4, r5, r8, r9, sl, fp, ip, lr}^
     a08:	5f002963 	svcpl	0x00002963
     a0c:	544c465f 	strbpl	r4, [ip], #-1631	@ 0xfffff9a1
     a10:	5341485f 	movtpl	r4, #6239	@ 0x185f
     a14:	464e495f 			@ <UNDEFINED> instruction: 0x464e495f
     a18:	54494e49 	strbpl	r4, [r9], #-3657	@ 0xfffff1b7
     a1c:	205f5f59 	subscs	r5, pc, r9, asr pc	@ <UNPREDICTABLE>
     a20:	5f5f0031 	svcpl	0x005f0031
     a24:	41484357 	cmpmi	r8, r7, asr r3
     a28:	5f545f52 	svcpl	0x00545f52
     a2c:	5f00205f 	svcpl	0x0000205f
     a30:	544c465f 	strbpl	r4, [ip], #-1631	@ 0xfffff9a1
     a34:	455f3233 	ldrbmi	r3, [pc, #-563]	@ 809 <vector_table-0x7fff7f7>
     a38:	4c495350 	mcrrmi	3, 5, r5, r9, cr0
     a3c:	5f5f4e4f 	svcpl	0x005f4e4f
     a40:	312e3120 			@ <UNDEFINED> instruction: 0x312e3120
     a44:	39303239 	ldmdbcc	r0!, {r0, r3, r4, r5, r9, ip, sp}
     a48:	35393832 	ldrcc	r3, [r9, #-2098]!	@ 0xfffff7ce
     a4c:	38373035 	ldmdacc	r7!, {r0, r2, r4, r5, ip, sp}
     a50:	65353231 	ldrvs	r3, [r5, #-561]!	@ 0xfffffdcf
     a54:	3346372d 	movtcc	r3, #26413	@ 0x672d
     a58:	5f5f0032 	svcpl	0x005f0032
     a5c:	5f414455 	svcpl	0x00414455
     a60:	54494249 	strbpl	r4, [r9], #-585	@ 0xfffffdb7
     a64:	33205f5f 			@ <UNDEFINED> instruction: 0x33205f5f
     a68:	5f5f0032 	svcpl	0x005f0032
     a6c:	5f4d5241 	svcpl	0x004d5241
     a70:	54414546 	strbpl	r4, [r1], #-1350	@ 0xfffffaba
     a74:	5f455255 	svcpl	0x00455255
     a78:	00495442 	subeq	r5, r9, r2, asr #8
     a7c:	4e495f5f 	mcrmi	15, 2, r5, cr9, cr15, {2}
     a80:	41465f54 	cmpmi	r6, r4, asr pc
     a84:	34365453 	ldrtcc	r5, [r6], #-1107	@ 0xfffffbad
     a88:	5059545f 	subspl	r5, r9, pc, asr r4
     a8c:	205f5f45 	subscs	r5, pc, r5, asr #30
     a90:	676e6f6c 	strbvs	r6, [lr, -ip, ror #30]!
     a94:	6e6f6c20 	cdpvs	12, 6, cr6, cr15, cr0, {1}
     a98:	6e692067 	cdpvs	0, 6, cr2, cr9, cr7, {3}
     a9c:	5f5f0074 	svcpl	0x005f0074
     aa0:	38544e49 	ldmdacc	r4, {r0, r3, r6, r9, sl, fp, lr}^
     aa4:	6328435f 			@ <UNDEFINED> instruction: 0x6328435f
     aa8:	00632029 	rsbeq	r2, r3, r9, lsr #32
     aac:	68745f5f 	ldmdavs	r4!, {r0, r1, r2, r3, r4, r6, r8, r9, sl, fp, ip, lr}^
     ab0:	32626d75 	rsbcc	r6, r2, #7488	@ 0x1d40
     ab4:	31205f5f 			@ <UNDEFINED> instruction: 0x31205f5f
     ab8:	415f5f00 	cmpmi	pc, r0, lsl #30
     abc:	335f4d52 	cmpcc	pc, #5248	@ 0x1480
     ac0:	54494232 	strbpl	r4, [r9], #-562	@ 0xfffffdce
     ac4:	4154535f 	cmpmi	r4, pc, asr r3
     ac8:	31204554 			@ <UNDEFINED> instruction: 0x31204554
     acc:	465f5f00 	ldrbmi	r5, [pc], -r0, lsl #30
     ad0:	43495044 	movtmi	r5, #36932	@ 0x9044
     ad4:	5f005f5f 	svcpl	0x00005f5f
     ad8:	544e495f 	strbpl	r4, [lr], #-2399	@ 0xfffff6a1
     adc:	41454c5f 	cmpmi	r5, pc, asr ip
     ae0:	36315453 			@ <UNDEFINED> instruction: 0x36315453
     ae4:	4449575f 	strbmi	r5, [r9], #-1887	@ 0xfffff8a1
     ae8:	5f5f4854 	svcpl	0x005f4854
     aec:	00363120 	eorseq	r3, r6, r0, lsr #2
     af0:	33544e49 	cmpcc	r4, #1168	@ 0x490
     af4:	494d5f32 	stmdbmi	sp, {r1, r4, r5, r8, r9, sl, fp, ip, lr}^
     af8:	2d28204e 	stccs	0, cr2, [r8, #-312]!	@ 0xfffffec8
     afc:	33544e49 	cmpcc	r4, #1168	@ 0x490
     b00:	414d5f32 	cmpmi	sp, r2, lsr pc
     b04:	202d2058 	eorcs	r2, sp, r8, asr r0
     b08:	5f002931 	svcpl	0x00002931
     b0c:	4d52415f 	ldfmie	f4, [r2, #-380]	@ 0xfffffe84
     b10:	3150465f 	cmpcc	r0, pc, asr r6
     b14:	4f465f36 	svcmi	0x00465f36
     b18:	54414d52 	strbpl	r4, [r1], #-3410	@ 0xfffff2ae
     b1c:	544c415f 	strbpl	r4, [ip], #-351	@ 0xfffffea1
     b20:	414e5245 	cmpmi	lr, r5, asr #4
     b24:	45564954 	ldrbmi	r4, [r6, #-2388]	@ 0xfffff6ac
     b28:	555f5f00 	ldrbpl	r5, [pc, #-3840]	@ fffffc30 <_estack+0xdfffdc30>
     b2c:	43414c4c 	movtmi	r4, #7244	@ 0x1c4c
     b30:	5f4d5543 	svcpl	0x004d5543
     b34:	5f4e494d 	svcpl	0x004e494d
     b38:	2e30205f 	mrccs	0, 1, r2, cr0, cr15, {2}
     b3c:	4c4c5530 	cfstr64mi	mvdx5, [ip], {48}	@ 0x30
     b40:	6975004b 	ldmdbvs	r5!, {r0, r1, r3, r6}^
     b44:	3233746e 	eorscc	r7, r3, #1845493760	@ 0x6e000000
     b48:	5f00745f 	svcpl	0x0000745f
     b4c:	54505f54 	ldrbpl	r5, [r0], #-3924	@ 0xfffff0ac
     b50:	46494452 			@ <UNDEFINED> instruction: 0x46494452
     b54:	5f002046 	svcpl	0x00002046
     b58:	4d52415f 	ldfmie	f4, [r2, #-380]	@ 0xfffffe84
     b5c:	4145465f 	cmpmi	r5, pc, asr r6
     b60:	45525554 	ldrbmi	r5, [r2, #-1364]	@ 0xfffffaac
     b64:	544f445f 	strbpl	r4, [pc], #-1119	@ b6c <vector_table-0x7fff494>
     b68:	444f5250 	strbmi	r5, [pc], #-592	@ b70 <vector_table-0x7fff490>
     b6c:	415f5f00 	cmpmi	pc, r0, lsl #30
     b70:	4e5f4d52 	mrcmi	13, 2, r4, cr15, cr2, {2}
     b74:	004e4f45 	subeq	r4, lr, r5, asr #30
     b78:	4843575f 	stmdami	r3, {r0, r1, r2, r3, r4, r6, r8, r9, sl, ip, lr}^
     b7c:	545f5241 	ldrbpl	r5, [pc], #-577	@ b84 <vector_table-0x7fff47c>
     b80:	4645445f 			@ <UNDEFINED> instruction: 0x4645445f
     b84:	44454e49 	strbmi	r4, [r5], #-3657	@ 0xfffff1b7
     b88:	5f00205f 	svcpl	0x0000205f
     b8c:	4d52415f 	ldfmie	f4, [r2, #-380]	@ 0xfffffe84
     b90:	4145465f 	cmpmi	r5, pc, asr r6
     b94:	45525554 	ldrbmi	r5, [r2, #-1364]	@ 0xfffffaac
     b98:	534d435f 	movtpl	r4, #54111	@ 0xd35f
     b9c:	5f5f0045 	svcpl	0x005f0045
     ba0:	544e4955 	strbpl	r4, [lr], #-2389	@ 0xfffff6ab
     ba4:	5f525450 	svcpl	0x00525450
     ba8:	45505954 	ldrbmi	r5, [r0, #-2388]	@ 0xfffff6ac
     bac:	75205f5f 	strvc	r5, [r0, #-3935]!	@ 0xfffff0a1
     bb0:	6769736e 	strbvs	r7, [r9, -lr, ror #6]!
     bb4:	2064656e 	rsbcs	r6, r4, lr, ror #10
     bb8:	00746e69 	rsbseq	r6, r4, r9, ror #28
     bbc:	4c465f5f 	mcrrmi	15, 5, r5, r6, cr15
     bc0:	5f323354 	svcpl	0x00323354
     bc4:	5f534148 	svcpl	0x00534148
     bc8:	4f4e4544 	svcmi	0x004e4544
     bcc:	5f5f4d52 	svcpl	0x005f4d52
     bd0:	61003120 	tstvs	r0, r0, lsr #2
     bd4:	6d5f7070 	ldclvs	0, cr7, [pc, #-448]	@ a1c <vector_table-0x7fff5e4>
     bd8:	006e6961 	rsbeq	r6, lr, r1, ror #18
     bdc:	43475f5f 	movtmi	r5, #32607	@ 0x7f5f
     be0:	41485f43 	cmpmi	r8, r3, asr #30
     be4:	535f4556 	cmppl	pc, #360710144	@ 0x15800000
     be8:	5f434e59 	svcpl	0x00434e59
     bec:	504d4f43 	subpl	r4, sp, r3, asr #30
     bf0:	5f455241 	svcpl	0x00455241
     bf4:	5f444e41 	svcpl	0x00444e41
     bf8:	50415753 	subpl	r5, r1, r3, asr r7
     bfc:	3120315f 			@ <UNDEFINED> instruction: 0x3120315f
     c00:	535f5f00 	cmppl	pc, #0, 30
     c04:	42495f41 	submi	r5, r9, #260	@ 0x104
     c08:	5f5f5449 	svcpl	0x005f5449
     c0c:	00363120 	eorseq	r3, r6, r0, lsr #2
     c10:	4c4c5f5f 	mcrrmi	15, 5, r5, ip, cr15
     c14:	43415246 	movtmi	r5, #4678	@ 0x1246
     c18:	414d5f54 	cmpmi	sp, r4, asr pc
     c1c:	205f5f58 	subscs	r5, pc, r8, asr pc	@ <UNPREDICTABLE>
     c20:	46375830 			@ <UNDEFINED> instruction: 0x46375830
     c24:	46464646 	strbmi	r4, [r6], -r6, asr #12
     c28:	46464646 	strbmi	r4, [r6], -r6, asr #12
     c2c:	46464646 	strbmi	r4, [r6], -r6, asr #12
     c30:	2d504646 	ldclcs	6, cr4, [r0, #-280]	@ 0xfffffee8
     c34:	4c4c3336 	mcrrmi	3, 3, r3, ip, cr6
     c38:	49550052 	ldmdbmi	r5, {r1, r4, r6}^
     c3c:	414d544e 	cmpmi	sp, lr, asr #8
     c40:	00435f58 	subeq	r5, r3, r8, asr pc
     c44:	4e495f5f 	mcrmi	15, 2, r5, cr9, cr15, {2}
     c48:	41465f54 	cmpmi	r6, r4, asr pc
     c4c:	34365453 	ldrtcc	r5, [r6], #-1107	@ 0xfffffbad
     c50:	58414d5f 	stmdapl	r1, {r0, r1, r2, r3, r4, r6, r8, sl, fp, lr}^
     c54:	30205f5f 	eorcc	r5, r0, pc, asr pc
     c58:	66663778 			@ <UNDEFINED> instruction: 0x66663778
     c5c:	66666666 	strbtvs	r6, [r6], -r6, ror #12
     c60:	66666666 	strbtvs	r6, [r6], -r6, ror #12
     c64:	66666666 	strbtvs	r6, [r6], -r6, ror #12
     c68:	004c4c66 	subeq	r4, ip, r6, ror #24
     c6c:	4453425f 	ldrbmi	r4, [r3], #-607	@ 0xfffffda1
     c70:	5a49535f 	bpl	12559f4 <vector_table-0x6daa60c>
     c74:	5f545f45 	svcpl	0x00545f45
     c78:	5f5f0020 	svcpl	0x005f0020
     c7c:	5f4d5241 	svcpl	0x004d5241
     c80:	54414546 	strbpl	r4, [r1], #-1350	@ 0xfffffaba
     c84:	5f455255 	svcpl	0x00455255
     c88:	36315046 	ldrtcc	r5, [r1], -r6, asr #32
     c8c:	4143535f 	cmpmi	r3, pc, asr r3
     c90:	5f52414c 	svcpl	0x0052414c
     c94:	54495241 	strbpl	r5, [r9], #-577	@ 0xfffffdbf
     c98:	54454d48 	strbpl	r4, [r5], #-3400	@ 0xfffff2b8
     c9c:	53004349 	movwpl	r4, #841	@ 0x349
     ca0:	415f4749 	cmpmi	pc, r9, asr #14
     ca4:	494d4f54 	stmdbmi	sp, {r2, r4, r6, r8, r9, sl, fp, lr}^
     ca8:	414d5f43 	cmpmi	sp, r3, asr #30
     cac:	5f5f0058 	svcpl	0x005f0058
     cb0:	5f544c46 	svcpl	0x00544c46
     cb4:	5f474944 	svcpl	0x00474944
     cb8:	0036205f 	eorseq	r2, r6, pc, asr r0
     cbc:	42445f5f 	submi	r5, r4, #380	@ 0x17c
     cc0:	50455f4c 	subpl	r5, r5, ip, asr #30
     cc4:	4f4c4953 	svcmi	0x004c4953
     cc8:	205f5f4e 	subscs	r5, pc, lr, asr #30
     ccc:	6f642828 	svcvs	0x00642828
     cd0:	656c6275 	strbvs	r6, [ip, #-629]!	@ 0xfffffd8b
     cd4:	322e3229 	eorcc	r3, lr, #-1879048190	@ 0x90000002
     cd8:	34343032 	ldrtcc	r3, [r4], #-50	@ 0xffffffce
     cdc:	39343036 	ldmdbcc	r4!, {r1, r2, r4, r5, ip, sp}
     ce0:	33303532 	teqcc	r0, #209715200	@ 0xc800000
     ce4:	65313331 	ldrvs	r3, [r1, #-817]!	@ 0xfffffccf
     ce8:	4c36312d 	ldfmis	f3, [r6], #-180	@ 0xffffff4c
     cec:	5f5f0029 	svcpl	0x005f0029
     cf0:	5f434347 	svcpl	0x00434347
     cf4:	4d4f5441 	cfstrdmi	mvd5, [pc, #-260]	@ bf8 <vector_table-0x7fff408>
     cf8:	425f4349 	subsmi	r4, pc, #603979777	@ 0x24000001
     cfc:	5f4c4f4f 	svcpl	0x004c4f4f
     d00:	4b434f4c 	blmi	10d4a38 <vector_table-0x6f2b5c8>
     d04:	4552465f 	ldrbmi	r4, [r2, #-1631]	@ 0xfffff9a1
     d08:	00322045 	eorseq	r2, r2, r5, asr #32
     d0c:	43475f5f 	movtmi	r5, #32607	@ 0x7f5f
     d10:	41485f43 	cmpmi	r8, r3, asr #30
     d14:	535f4556 	cmppl	pc, #360710144	@ 0x15800000
     d18:	5f434e59 	svcpl	0x00434e59
     d1c:	504d4f43 	subpl	r4, sp, r3, asr #30
     d20:	5f455241 	svcpl	0x00455241
     d24:	5f444e41 	svcpl	0x00444e41
     d28:	50415753 	subpl	r5, r1, r3, asr r7
     d2c:	3120325f 			@ <UNDEFINED> instruction: 0x3120325f
     d30:	445f5f00 	ldrbmi	r5, [pc], #-3840	@ d38 <vector_table-0x7fff2c8>
     d34:	42465f41 	submi	r5, r6, #260	@ 0x104
     d38:	5f5f5449 	svcpl	0x005f5449
     d3c:	00313320 	eorseq	r3, r1, r0, lsr #6
     d40:	52415f5f 	subpl	r5, r1, #380	@ 0x17c
     d44:	49535f4d 	ldmdbmi	r3, {r0, r2, r3, r6, r8, r9, sl, fp, ip, lr}^
     d48:	464f455a 			@ <UNDEFINED> instruction: 0x464f455a
     d4c:	4e494d5f 	mcrmi	13, 2, r4, cr9, cr15, {2}
     d50:	4c414d49 	mcrrmi	13, 4, r4, r1, cr9
     d54:	554e455f 	strbpl	r4, [lr, #-1375]	@ 0xfffffaa1
     d58:	0031204d 	eorseq	r2, r1, sp, asr #32
     d5c:	53555f5f 	cmppl	r5, #380	@ 0x17c
     d60:	495f5345 	ldmdbmi	pc, {r0, r2, r6, r8, r9, ip, lr}^	@ <UNPREDICTABLE>
     d64:	4654494e 	ldrbmi	r4, [r4], -lr, asr #18
     d68:	5f494e49 	svcpl	0x00494e49
     d6c:	0031205f 	eorseq	r2, r1, pc, asr r0
     d70:	45445f5f 	strbmi	r5, [r4, #-3935]	@ 0xfffff0a1
     d74:	454e4946 	strbmi	r4, [lr, #-2374]	@ 0xfffff6ba
     d78:	74705f44 	ldrbtvc	r5, [r0], #-3908	@ 0xfffff0bc
     d7c:	66696472 			@ <UNDEFINED> instruction: 0x66696472
     d80:	20745f66 	rsbscs	r5, r4, r6, ror #30
     d84:	475f5f00 	ldrbmi	r5, [pc, -r0, lsl #30]
     d88:	495f4343 	ldmdbmi	pc, {r0, r1, r6, r8, r9, lr}^	@ <UNPREDICTABLE>
     d8c:	355f4345 	ldrbcc	r4, [pc, #-837]	@ a4f <vector_table-0x7fff5b1>
     d90:	30203935 	eorcc	r3, r0, r5, lsr r9
     d94:	475f5f00 	ldrbmi	r5, [pc, -r0, lsl #30]
     d98:	415f4343 	cmpmi	pc, r3, asr #6
     d9c:	494d4f54 	stmdbmi	sp, {r2, r4, r6, r8, r9, sl, fp, lr}^
     da0:	4f4c5f43 	svcmi	0x004c5f43
     da4:	4c5f474e 	mrrcmi	7, 4, r4, pc, cr14	@ <UNPREDICTABLE>
     da8:	5f4b434f 	svcpl	0x004b434f
     dac:	45455246 	strbmi	r5, [r5, #-582]	@ 0xfffffdba
     db0:	49003220 	stmdbmi	r0, {r5, r9, ip, sp}
     db4:	465f544e 	ldrbmi	r5, [pc], -lr, asr #8
     db8:	38545341 	ldmdacc	r4, {r0, r6, r8, r9, ip, lr}^
     dbc:	58414d5f 	stmdapl	r1, {r0, r1, r2, r3, r4, r6, r8, sl, fp, lr}^
     dc0:	495f5f20 	ldmdbmi	pc, {r5, r8, r9, sl, fp, ip, lr}^	@ <UNPREDICTABLE>
     dc4:	465f544e 	ldrbmi	r5, [pc], -lr, asr #8
     dc8:	38545341 	ldmdacc	r4, {r0, r6, r8, r9, ip, lr}^
     dcc:	58414d5f 	stmdapl	r1, {r0, r1, r2, r3, r4, r6, r8, sl, fp, lr}^
     dd0:	5f005f5f 	svcpl	0x00005f5f
     dd4:	4153555f 	cmpmi	r3, pc, asr r5
     dd8:	4d554343 	ldclmi	3, cr4, [r5, #-268]	@ 0xfffffef4
     ddc:	5350455f 	cmppl	r0, #398458880	@ 0x17c00000
     de0:	4e4f4c49 	cdpmi	12, 4, cr4, cr15, cr9, {2}
     de4:	30205f5f 	eorcc	r5, r0, pc, asr pc
     de8:	2d503178 	ldfcse	f3, [r0, #-480]	@ 0xfffffe20
     dec:	4b485538 	blmi	12162d4 <vector_table-0x6de9d2c>
     df0:	505f5f00 	subspl	r5, pc, r0, lsl #30
     df4:	49445254 	stmdbmi	r4, {r2, r4, r6, r9, ip, lr}^
     df8:	4d5f4646 	ldclmi	6, cr4, [pc, #-280]	@ ce8 <vector_table-0x7fff318>
     dfc:	5f5f5841 	svcpl	0x005f5841
     e00:	37783020 	ldrbcc	r3, [r8, -r0, lsr #32]!
     e04:	66666666 	strbtvs	r6, [r6], -r6, ror #12
     e08:	00666666 	rsbeq	r6, r6, r6, ror #12
     e0c:	4c465f5f 	mcrrmi	15, 5, r5, r6, cr15
     e10:	5f323354 	svcpl	0x00323354
     e14:	5f534148 	svcpl	0x00534148
     e18:	45495551 	strbmi	r5, [r9, #-1361]	@ 0xfffffaaf
     e1c:	414e5f54 	cmpmi	lr, r4, asr pc
     e20:	205f5f4e 	subscs	r5, pc, lr, asr #30
     e24:	425f0031 	subsmi	r0, pc, #49	@ 0x31
     e28:	535f4453 	cmppl	pc, #1392508928	@ 0x53000000
     e2c:	5f455a49 	svcpl	0x00455a49
     e30:	45445f54 	strbmi	r5, [r4, #-3924]	@ 0xfffff0ac
     e34:	454e4946 	strbmi	r4, [lr, #-2374]	@ 0xfffff6ba
     e38:	00205f44 	eoreq	r5, r0, r4, asr #30
     e3c:	4c555f5f 	mrrcmi	15, 5, r5, r5, cr15	@ <UNPREDICTABLE>
     e40:	55434341 	strbpl	r4, [r3, #-833]	@ 0xfffffcbf
     e44:	414d5f4d 	cmpmi	sp, sp, asr #30
     e48:	205f5f58 	subscs	r5, pc, r8, asr pc	@ <UNPREDICTABLE>
     e4c:	46465830 			@ <UNDEFINED> instruction: 0x46465830
     e50:	46464646 	strbmi	r4, [r6], -r6, asr #12
     e54:	46464646 	strbmi	r4, [r6], -r6, asr #12
     e58:	46464646 	strbmi	r4, [r6], -r6, asr #12
     e5c:	2d504646 	ldclcs	6, cr4, [r0, #-280]	@ 0xfffffee8
     e60:	4c553233 	lfmmi	f3, 2, [r5], {51}	@ 0x33
     e64:	5f5f004b 	svcpl	0x005f004b
     e68:	41524655 	cmpmi	r2, r5, asr r6
     e6c:	4d5f5443 	cfldrdmi	mvd5, [pc, #-268]	@ d68 <vector_table-0x7fff298>
     e70:	5f5f5841 	svcpl	0x005f5841
     e74:	46583020 	ldrbmi	r3, [r8], -r0, lsr #32
     e78:	50464646 	subpl	r4, r6, r6, asr #12
     e7c:	5536312d 	ldrpl	r3, [r6, #-301]!	@ 0xfffffed3
     e80:	5f5f0052 	svcpl	0x005f0052
     e84:	41524653 	cmpmi	r2, r3, asr r6
     e88:	4d5f5443 	cfldrdmi	mvd5, [pc, #-268]	@ d84 <vector_table-0x7fff27c>
     e8c:	5f5f5841 	svcpl	0x005f5841
     e90:	37583020 	ldrbcc	r3, [r8, -r0, lsr #32]
     e94:	372d5046 	strcc	r5, [sp, -r6, asr #32]!
     e98:	5f005248 	svcpl	0x00005248
     e9c:	554e475f 	strbpl	r4, [lr, #-1887]	@ 0xfffff8a1
     ea0:	205f5f43 	subscs	r5, pc, r3, asr #30
     ea4:	5f003331 	svcpl	0x00003331
     ea8:	4d52415f 	ldfmie	f4, [r2, #-380]	@ 0xfffffe84
     eac:	4145465f 	cmpmi	r5, pc, asr r6
     eb0:	45525554 	ldrbmi	r5, [r2, #-1364]	@ 0xfffffaac
     eb4:	4148535f 	cmpmi	r8, pc, asr r3
     eb8:	5f5f0032 	svcpl	0x005f0032
     ebc:	36544e49 	ldrbcc	r4, [r4], -r9, asr #28
     ec0:	414d5f34 	cmpmi	sp, r4, lsr pc
     ec4:	205f5f58 	subscs	r5, pc, r8, asr pc	@ <UNPREDICTABLE>
     ec8:	66377830 			@ <UNDEFINED> instruction: 0x66377830
     ecc:	66666666 	strbtvs	r6, [r6], -r6, ror #12
     ed0:	66666666 	strbtvs	r6, [r6], -r6, ror #12
     ed4:	66666666 	strbtvs	r6, [r6], -r6, ror #12
     ed8:	4c4c6666 	mcrrmi	6, 6, r6, ip, cr6
     edc:	544e4900 	strbpl	r4, [lr], #-2304	@ 0xfffff700
     ee0:	494d5f38 	stmdbmi	sp, {r3, r4, r5, r8, r9, sl, fp, ip, lr}^
     ee4:	2d28204e 	stccs	0, cr2, [r8, #-312]!	@ 0xfffffec8
     ee8:	38544e49 	ldmdacc	r4, {r0, r3, r6, r9, sl, fp, lr}^
     eec:	58414d5f 	stmdapl	r1, {r0, r1, r2, r3, r4, r6, r8, sl, fp, lr}^
     ef0:	31202d20 			@ <UNDEFINED> instruction: 0x31202d20
     ef4:	49530029 	ldmdbmi	r3, {r0, r3, r5}^
     ef8:	54415f47 	strbpl	r5, [r1], #-3911	@ 0xfffff0b9
     efc:	43494d4f 	movtmi	r4, #40271	@ 0x9d4f
     f00:	4e494d5f 	mcrmi	13, 2, r4, cr9, cr15, {2}
     f04:	495f5f00 	ldmdbmi	pc, {r8, r9, sl, fp, ip, lr}^	@ <UNPREDICTABLE>
     f08:	5f38544e 	svcpl	0x0038544e
     f0c:	5f58414d 	svcpl	0x0058414d
     f10:	7830205f 	ldmdavc	r0!, {r0, r1, r2, r3, r4, r6, sp}
     f14:	5f006637 	svcpl	0x00006637
     f18:	464c555f 			@ <UNDEFINED> instruction: 0x464c555f
     f1c:	54434152 	strbpl	r4, [r3], #-338	@ 0xfffffeae
     f20:	5350455f 	cmppl	r0, #398458880	@ 0x17c00000
     f24:	4e4f4c49 	cdpmi	12, 4, cr4, cr15, cr9, {2}
     f28:	30205f5f 	eorcc	r5, r0, pc, asr pc
     f2c:	2d503178 	ldfcse	f3, [r0, #-480]	@ 0xfffffe20
     f30:	4c553233 	lfmmi	f3, 2, [r5], {51}	@ 0x33
     f34:	5f5f0052 	svcpl	0x005f0052
     f38:	5f544e49 	svcpl	0x00544e49
     f3c:	5341454c 	movtpl	r4, #5452	@ 0x154c
     f40:	5f323354 	svcpl	0x00323354
     f44:	45505954 	ldrbmi	r5, [r0, #-2388]	@ 0xfffff6ac
     f48:	6c205f5f 	stcvs	15, cr5, [r0], #-380	@ 0xfffffe84
     f4c:	20676e6f 	rsbcs	r6, r7, pc, ror #28
     f50:	00746e69 	rsbseq	r6, r4, r9, ror #28
     f54:	4c555f5f 	mrrcmi	15, 5, r5, r5, cr15	@ <UNPREDICTABLE>
     f58:	43415246 	movtmi	r5, #4678	@ 0x1246
     f5c:	42495f54 	submi	r5, r9, #84, 30	@ 0x150
     f60:	5f5f5449 	svcpl	0x005f5449
     f64:	5f003020 	svcpl	0x00003020
     f68:	414c4c5f 	cmpmi	ip, pc, asr ip
     f6c:	4d554343 	ldclmi	3, cr4, [r5, #-268]	@ 0xfffffef4
     f70:	4942465f 	stmdbmi	r2, {r0, r1, r2, r3, r4, r6, r9, sl, lr}^
     f74:	205f5f54 	subscs	r5, pc, r4, asr pc	@ <UNPREDICTABLE>
     f78:	5f003133 	svcpl	0x00003133
     f7c:	4e49555f 	mcrmi	5, 2, r5, cr9, cr15, {2}
     f80:	454c5f54 	strbmi	r5, [ip, #-3924]	@ 0xfffff0ac
     f84:	36545341 	ldrbcc	r5, [r4], -r1, asr #6
     f88:	414d5f34 	cmpmi	sp, r4, lsr pc
     f8c:	205f5f58 	subscs	r5, pc, r8, asr pc	@ <UNPREDICTABLE>
     f90:	66667830 			@ <UNDEFINED> instruction: 0x66667830
     f94:	66666666 	strbtvs	r6, [r6], -r6, ror #12
     f98:	66666666 	strbtvs	r6, [r6], -r6, ror #12
     f9c:	66666666 	strbtvs	r6, [r6], -r6, ror #12
     fa0:	4c556666 	mrrcmi	6, 6, r6, r5, cr6
     fa4:	5f5f004c 	svcpl	0x005f004c
     fa8:	5f544c46 	svcpl	0x00544c46
     fac:	49444152 	stmdbmi	r4, {r1, r4, r6, r8, lr}^
     fb0:	205f5f58 	subscs	r5, pc, r8, asr pc	@ <UNPREDICTABLE>
     fb4:	74730032 	ldrbtvc	r0, [r3], #-50	@ 0xffffffce
     fb8:	5f747261 	svcpl	0x00747261
     fbc:	74756f72 	ldrbtvc	r6, [r5], #-3954	@ 0xfffff08e
     fc0:	73656e69 	cmnvc	r5, #1680	@ 0x690
     fc4:	544e4900 	strbpl	r4, [lr], #-2304	@ 0xfffff700
     fc8:	4d5f3233 	lfmmi	f3, 2, [pc, #-204]	@ f04 <vector_table-0x7fff0fc>
     fcc:	5f004e49 	svcpl	0x00004e49
     fd0:	4c4c555f 	cfstr64mi	mvdx5, [ip], {95}	@ 0x5f
     fd4:	43415246 	movtmi	r5, #4678	@ 0x1246
     fd8:	494d5f54 	stmdbmi	sp, {r2, r4, r6, r8, r9, sl, fp, ip, lr}^
     fdc:	205f5f4e 	subscs	r5, pc, lr, asr #30
     fe0:	55302e30 	ldrpl	r2, [r0, #-3632]!	@ 0xfffff1d0
     fe4:	00524c4c 	subseq	r4, r2, ip, asr #24
     fe8:	42445f5f 	submi	r5, r4, #380	@ 0x17c
     fec:	41485f4c 	cmpmi	r8, ip, asr #30
     ff0:	55515f53 	ldrbpl	r5, [r1, #-3923]	@ 0xfffff0ad
     ff4:	5f544549 	svcpl	0x00544549
     ff8:	5f4e414e 	svcpl	0x004e414e
     ffc:	0031205f 	eorseq	r2, r1, pc, asr r0
    1000:	41555f5f 	cmpmi	r5, pc, asr pc
    1004:	4d554343 	ldclmi	3, cr4, [r5, #-268]	@ 0xfffffef4
    1008:	4e494d5f 	mcrmi	13, 2, r4, cr9, cr15, {2}
    100c:	30205f5f 	eorcc	r5, r0, pc, asr pc
    1010:	4b55302e 	blmi	154d0d0 <vector_table-0x6ab2f30>
    1014:	544e4900 	strbpl	r4, [lr], #-2304	@ 0xfffff700
    1018:	4d5f3631 	ldclmi	6, cr3, [pc, #-196]	@ f5c <vector_table-0x7fff0a4>
    101c:	5f004e49 	svcpl	0x00004e49
    1020:	52464c5f 	subpl	r4, r6, #24320	@ 0x5f00
    1024:	5f544341 	svcpl	0x00544341
    1028:	49535045 	ldmdbmi	r3, {r0, r2, r6, ip, lr}^
    102c:	5f4e4f4c 	svcpl	0x004e4f4c
    1030:	7830205f 	ldmdavc	r0!, {r0, r1, r2, r3, r4, r6, sp}
    1034:	332d5031 			@ <UNDEFINED> instruction: 0x332d5031
    1038:	00524c31 	subseq	r4, r2, r1, lsr ip
    103c:	4e495f5f 	mcrmi	15, 2, r5, cr9, cr15, {2}
    1040:	41465f54 	cmpmi	r6, r4, asr pc
    1044:	5f385453 	svcpl	0x00385453
    1048:	45505954 	ldrbmi	r5, [r0, #-2388]	@ 0xfffff6ac
    104c:	69205f5f 	stmdbvs	r0!, {r0, r1, r2, r3, r4, r6, r8, r9, sl, fp, ip, lr}
    1050:	5f00746e 	svcpl	0x0000746e
    1054:	544c465f 	strbpl	r4, [ip], #-1631	@ 0xfffff9a1
    1058:	485f3436 	ldmdami	pc, {r1, r2, r4, r5, sl, ip, sp}^	@ <UNPREDICTABLE>
    105c:	495f5341 	ldmdbmi	pc, {r0, r6, r8, r9, ip, lr}^	@ <UNPREDICTABLE>
    1060:	4e49464e 	cdpmi	6, 4, cr4, cr9, cr14, {2}
    1064:	5f595449 	svcpl	0x00595449
    1068:	0031205f 	eorseq	r2, r1, pc, asr r0
    106c:	544e4955 	strbpl	r4, [lr], #-2389	@ 0xfffff6ab
    1070:	5f525450 	svcpl	0x00525450
    1074:	2058414d 	subscs	r4, r8, sp, asr #2
    1078:	49555f5f 	ldmdbmi	r5, {r0, r1, r2, r3, r4, r6, r8, r9, sl, fp, ip, lr}^
    107c:	5450544e 	ldrbpl	r5, [r0], #-1102	@ 0xfffffbb2
    1080:	414d5f52 	cmpmi	sp, r2, asr pc
    1084:	005f5f58 	subseq	r5, pc, r8, asr pc	@ <UNPREDICTABLE>
    1088:	4c465f5f 	mcrrmi	15, 5, r5, r6, cr15
    108c:	58323354 	ldmdapl	r2!, {r2, r4, r6, r8, r9, ip, sp}
    1090:	4e45445f 	mcrmi	4, 2, r4, cr5, cr15, {2}
    1094:	5f4d524f 	svcpl	0x004d524f
    1098:	5f4e494d 	svcpl	0x004e494d
    109c:	2e34205f 	mrccs	0, 1, r2, cr4, cr15, {2}
    10a0:	36303439 			@ <UNDEFINED> instruction: 0x36303439
    10a4:	35343635 	ldrcc	r3, [r4, #-1589]!	@ 0xfffff9cb
    10a8:	32313438 	eorscc	r3, r1, #56, 8	@ 0x38000000
    10ac:	34353634 	ldrtcc	r3, [r5], #-1588	@ 0xfffff9cc
    10b0:	32332d65 	eorscc	r2, r3, #6464	@ 0x1940
    10b4:	32334634 	eorscc	r4, r3, #52, 12	@ 0x3400000
    10b8:	5f5f0078 	svcpl	0x005f0078
    10bc:	43434153 	movtmi	r4, #12627	@ 0x3153
    10c0:	465f4d55 			@ <UNDEFINED> instruction: 0x465f4d55
    10c4:	5f544942 	svcpl	0x00544942
    10c8:	0037205f 	eorseq	r2, r7, pc, asr r0
    10cc:	43575f5f 	cmpmi	r7, #380	@ 0x17c
    10d0:	5f524148 	svcpl	0x00524148
    10d4:	45505954 	ldrbmi	r5, [r0, #-2388]	@ 0xfffff6ac
    10d8:	75205f5f 	strvc	r5, [r0, #-3935]!	@ 0xfffff0a1
    10dc:	6769736e 	strbvs	r7, [r9, -lr, ror #6]!
    10e0:	2064656e 	rsbcs	r6, r4, lr, ror #10
    10e4:	00746e69 	rsbseq	r6, r4, r9, ror #28
    10e8:	42445f5f 	submi	r5, r4, #380	@ 0x17c
    10ec:	494d5f4c 	stmdbmi	sp, {r2, r3, r6, r8, r9, sl, fp, ip, lr}^
    10f0:	205f5f4e 	subscs	r5, pc, lr, asr #30
    10f4:	6f642828 	svcvs	0x00642828
    10f8:	656c6275 	strbvs	r6, [ip, #-629]!	@ 0xfffffd8b
    10fc:	322e3229 	eorcc	r3, lr, #-1879048190	@ 0x90000002
    1100:	37303532 			@ <UNDEFINED> instruction: 0x37303532
    1104:	38353833 	ldmdacc	r5!, {r0, r1, r4, r5, fp, ip, sp}
    1108:	32373035 	eorscc	r3, r7, #53	@ 0x35
    110c:	65343130 	ldrvs	r3, [r4, #-304]!	@ 0xfffffed0
    1110:	3830332d 	ldmdacc	r0!, {r0, r2, r3, r5, r8, r9, ip, sp}
    1114:	5f00294c 	svcpl	0x0000294c
    1118:	544c465f 	strbpl	r4, [ip], #-1631	@ 0xfffff9a1
    111c:	4d5f3436 	cfldrdmi	mvd3, [pc, #-216]	@ 104c <vector_table-0x7ffefb4>
    1120:	5f5f4e49 	svcpl	0x005f4e49
    1124:	322e3220 	eorcc	r3, lr, #32, 4
    1128:	37303532 			@ <UNDEFINED> instruction: 0x37303532
    112c:	38353833 	ldmdacc	r5!, {r0, r1, r4, r5, fp, ip, sp}
    1130:	32373035 	eorscc	r3, r7, #53	@ 0x35
    1134:	65343130 	ldrvs	r3, [r4, #-304]!	@ 0xfffffed0
    1138:	3830332d 	ldmdacc	r0!, {r0, r2, r3, r5, r8, r9, ip, sp}
    113c:	00343646 	eorseq	r3, r4, r6, asr #12
    1140:	38544e49 	ldmdacc	r4, {r0, r3, r6, r9, sl, fp, lr}^
    1144:	6328435f 			@ <UNDEFINED> instruction: 0x6328435f
    1148:	5f5f2029 	svcpl	0x005f2029
    114c:	38544e49 	ldmdacc	r4, {r0, r3, r6, r9, sl, fp, lr}^
    1150:	6328435f 			@ <UNDEFINED> instruction: 0x6328435f
    1154:	5f5f0029 	svcpl	0x005f0029
    1158:	43415246 	movtmi	r5, #4678	@ 0x1246
    115c:	494d5f54 	stmdbmi	sp, {r2, r4, r6, r8, r9, sl, fp, ip, lr}^
    1160:	205f5f4e 	subscs	r5, pc, lr, asr #30
    1164:	2e302d28 	cdpcs	13, 3, cr2, cr0, cr8, {1}
    1168:	302d5235 	eorcc	r5, sp, r5, lsr r2
    116c:	2952352e 	ldmdbcs	r2, {r1, r2, r3, r5, r8, sl, ip, sp}^
    1170:	48435700 	stmdami	r3, {r8, r9, sl, ip, lr}^
    1174:	4d5f5241 	lfmmi	f5, 2, [pc, #-260]	@ 1078 <vector_table-0x7ffef88>
    1178:	5f005841 	svcpl	0x00005841
    117c:	4343475f 	movtmi	r4, #14175	@ 0x375f
    1180:	4f54415f 	svcmi	0x0054415f
    1184:	5f43494d 	svcpl	0x0043494d
    1188:	5f544e49 	svcpl	0x00544e49
    118c:	4b434f4c 	blmi	10d4ec4 <vector_table-0x6f2b13c>
    1190:	4552465f 	ldrbmi	r4, [r2, #-1631]	@ 0xfffff9a1
    1194:	00322045 	eorseq	r2, r2, r5, asr #32
    1198:	4e495f5f 	mcrmi	15, 2, r5, cr9, cr15, {2}
    119c:	58414d54 	stmdapl	r1, {r2, r4, r6, r8, sl, fp, lr}^
    11a0:	58414d5f 	stmdapl	r1, {r0, r1, r2, r3, r4, r6, r8, sl, fp, lr}^
    11a4:	30205f5f 	eorcc	r5, r0, pc, asr pc
    11a8:	66663778 			@ <UNDEFINED> instruction: 0x66663778
    11ac:	66666666 	strbtvs	r6, [r6], -r6, ror #12
    11b0:	66666666 	strbtvs	r6, [r6], -r6, ror #12
    11b4:	66666666 	strbtvs	r6, [r6], -r6, ror #12
    11b8:	004c4c66 	subeq	r4, ip, r6, ror #24
    11bc:	41484357 	cmpmi	r8, r7, asr r3
    11c0:	414d5f52 	cmpmi	sp, r2, asr pc
    11c4:	5f5f2058 	svcpl	0x005f2058
    11c8:	41484357 	cmpmi	r8, r7, asr r3
    11cc:	414d5f52 	cmpmi	sp, r2, asr pc
    11d0:	005f5f58 	subseq	r5, pc, r8, asr pc	@ <UNPREDICTABLE>
    11d4:	41555f5f 	cmpmi	r5, pc, asr pc
    11d8:	4d554343 	ldclmi	3, cr4, [r5, #-268]	@ 0xfffffef4
    11dc:	5350455f 	cmppl	r0, #398458880	@ 0x17c00000
    11e0:	4e4f4c49 	cdpmi	12, 4, cr4, cr15, cr9, {2}
    11e4:	30205f5f 	eorcc	r5, r0, pc, asr pc
    11e8:	2d503178 	ldfcse	f3, [r0, #-480]	@ 0xfffffe20
    11ec:	4b553631 	blmi	154eab8 <vector_table-0x6ab1548>
    11f0:	415f5f00 	cmpmi	pc, r0, lsl #30
    11f4:	4d554343 	ldclmi	3, cr4, [r5, #-268]	@ 0xfffffef4
    11f8:	4942495f 	stmdbmi	r2, {r0, r1, r2, r3, r4, r6, r8, fp, lr}^
    11fc:	205f5f54 	subscs	r5, pc, r4, asr pc	@ <UNPREDICTABLE>
    1200:	5f003631 	svcpl	0x00003631
    1204:	42444c5f 	submi	r4, r4, #24320	@ 0x5f00
    1208:	45445f4c 	strbmi	r5, [r4, #-3916]	@ 0xfffff0b4
    120c:	4d524f4e 	ldclmi	15, cr4, [r2, #-312]	@ 0xfffffec8
    1210:	4e494d5f 	mcrmi	13, 2, r4, cr9, cr15, {2}
    1214:	34205f5f 	strtcc	r5, [r0], #-3935	@ 0xfffff0a1
    1218:	3034392e 	eorscc	r3, r4, lr, lsr #18
    121c:	34363536 	ldrtcc	r3, [r6], #-1334	@ 0xfffffaca
    1220:	31343835 	teqcc	r4, r5, lsr r8
    1224:	35363432 	ldrcc	r3, [r6, #-1074]!	@ 0xfffffbce
    1228:	332d6534 			@ <UNDEFINED> instruction: 0x332d6534
    122c:	004c3432 	subeq	r3, ip, r2, lsr r4
    1230:	4c465f5f 	mcrrmi	15, 5, r5, r6, cr15
    1234:	5f343654 	svcpl	0x00343654
    1238:	5f58414d 	svcpl	0x0058414d
    123c:	455f3031 	ldrbmi	r3, [pc, #-49]	@ 1213 <vector_table-0x7ffeded>
    1240:	5f5f5058 	svcpl	0x005f5058
    1244:	38303320 	ldmdacc	r0!, {r5, r8, r9, ip, sp}
    1248:	535f5f00 	cmppl	pc, #0, 30
    124c:	55434341 	strbpl	r4, [r3, #-833]	@ 0xfffffcbf
    1250:	42495f4d 	submi	r5, r9, #308	@ 0x134
    1254:	5f5f5449 	svcpl	0x005f5449
    1258:	5f003820 	svcpl	0x00003820
    125c:	5a49535f 	bpl	1255fe0 <vector_table-0x6daa020>
    1260:	5f464f45 	svcpl	0x00464f45
    1264:	44525450 	ldrbmi	r5, [r2], #-1104	@ 0xfffffbb0
    1268:	5f464649 	svcpl	0x00464649
    126c:	205f5f54 	subscs	r5, pc, r4, asr pc	@ <UNPREDICTABLE>
    1270:	49550034 	ldmdbmi	r5, {r2, r4, r5}^
    1274:	4c5f544e 	cfldrdmi	mvd5, [pc], {78}	@ 0x4e
    1278:	54534145 	ldrbpl	r4, [r3], #-325	@ 0xfffffebb
    127c:	4d5f3233 	lfmmi	f3, 2, [pc, #-204]	@ 11b8 <vector_table-0x7ffee48>
    1280:	5f005841 	svcpl	0x00005841
    1284:	5246535f 	subpl	r5, r6, #2080374785	@ 0x7c000001
    1288:	5f544341 	svcpl	0x00544341
    128c:	5f4e494d 	svcpl	0x004e494d
    1290:	2d28205f 	stccs	0, cr2, [r8, #-380]!	@ 0xfffffe84
    1294:	48352e30 	ldmdami	r5!, {r4, r5, r9, sl, fp, sp}
    1298:	2e302d52 	mrccs	13, 1, r2, cr0, cr2, {2}
    129c:	29524835 	ldmdbcs	r2, {r0, r2, r4, r5, fp, lr}^
    12a0:	555f5f00 	ldrbpl	r5, [pc, #-3840]	@ 3a8 <vector_table-0x7fffc58>
    12a4:	495f4153 	ldmdbmi	pc, {r0, r1, r4, r6, r8, lr}^	@ <UNPREDICTABLE>
    12a8:	5f544942 	svcpl	0x00544942
    12ac:	3631205f 			@ <UNDEFINED> instruction: 0x3631205f
    12b0:	52545000 	subspl	r5, r4, #0
    12b4:	46464944 	strbmi	r4, [r6], -r4, asr #18
    12b8:	4e494d5f 	mcrmi	13, 2, r4, cr9, cr15, {2}
    12bc:	502d2820 	eorpl	r2, sp, r0, lsr #16
    12c0:	49445254 	stmdbmi	r4, {r2, r4, r6, r9, ip, lr}^
    12c4:	4d5f4646 	ldclmi	6, cr4, [pc, #-280]	@ 11b4 <vector_table-0x7ffee4c>
    12c8:	2d205841 	stccs	8, cr5, [r0, #-260]!	@ 0xfffffefc
    12cc:	00293120 	eoreq	r3, r9, r0, lsr #2
    12d0:	544e4955 	strbpl	r4, [lr], #-2389	@ 0xfffff6ab
    12d4:	5341465f 	movtpl	r4, #5727	@ 0x165f
    12d8:	5f343654 	svcpl	0x00343654
    12dc:	2058414d 	subscs	r4, r8, sp, asr #2
    12e0:	49555f5f 	ldmdbmi	r5, {r0, r1, r2, r3, r4, r6, r8, r9, sl, fp, ip, lr}^
    12e4:	465f544e 	ldrbmi	r5, [pc], -lr, asr #8
    12e8:	36545341 	ldrbcc	r5, [r4], -r1, asr #6
    12ec:	414d5f34 	cmpmi	sp, r4, lsr pc
    12f0:	005f5f58 	subseq	r5, pc, r8, asr pc	@ <UNPREDICTABLE>
    12f4:	52415f5f 	subpl	r5, r1, #380	@ 0x17c
    12f8:	52415f4d 	subpl	r5, r1, #308	@ 0x134
    12fc:	455f4843 	ldrbmi	r4, [pc, #-2115]	@ ac1 <vector_table-0x7fff53f>
    1300:	495f5458 	ldmdbmi	pc, {r3, r4, r6, sl, ip, lr}^	@ <UNPREDICTABLE>
    1304:	5f564944 	svcpl	0x00564944
    1308:	0031205f 	eorseq	r2, r1, pc, asr r0
    130c:	54505f5f 	ldrbpl	r5, [r0], #-3935	@ 0xfffff0a1
    1310:	46494452 			@ <UNDEFINED> instruction: 0x46494452
    1314:	20545f46 	subscs	r5, r4, r6, asr #30
    1318:	415f5f00 	cmpmi	pc, r0, lsl #30
    131c:	465f4d52 			@ <UNDEFINED> instruction: 0x465f4d52
    1320:	55544145 	ldrbpl	r4, [r4, #-325]	@ 0xfffffebb
    1324:	555f4552 	ldrbpl	r4, [pc, #-1362]	@ dda <vector_table-0x7fff226>
    1328:	494c414e 	stmdbmi	ip, {r1, r2, r3, r6, r8, lr}^
    132c:	44454e47 	strbmi	r4, [r5], #-3655	@ 0xfffff1b9
    1330:	5f003120 	svcpl	0x00003120
    1334:	5a49535f 	bpl	12560b8 <vector_table-0x6da9f48>
    1338:	5f464f45 	svcpl	0x00464f45
    133c:	414f4c46 	cmpmi	pc, r6, asr #24
    1340:	205f5f54 	subscs	r5, pc, r4, asr pc	@ <UNPREDICTABLE>
    1344:	5f5f0034 	svcpl	0x005f0034
    1348:	43415355 	movtmi	r5, #4949	@ 0x1355
    134c:	5f4d5543 	svcpl	0x004d5543
    1350:	5f58414d 	svcpl	0x0058414d
    1354:	5830205f 	ldmdapl	r0!, {r0, r1, r2, r3, r4, r6, sp}
    1358:	46464646 	strbmi	r4, [r6], -r6, asr #12
    135c:	55382d50 	ldrpl	r2, [r8, #-3408]!	@ 0xfffff2b0
    1360:	5f004b48 	svcpl	0x00004b48
    1364:	4e49555f 	mcrmi	5, 2, r5, cr9, cr15, {2}
    1368:	5f323354 	svcpl	0x00323354
    136c:	29632843 	stmdbcs	r3!, {r0, r1, r6, fp, sp}^
    1370:	23206320 			@ <UNDEFINED> instruction: 0x23206320
    1374:	4c552023 	mrrcmi	0, 2, r2, r5, cr3
    1378:	555f5f00 	ldrbpl	r5, [pc, #-3840]	@ 480 <vector_table-0x7fffb80>
    137c:	465f4144 	ldrbmi	r4, [pc], -r4, asr #2
    1380:	5f544942 	svcpl	0x00544942
    1384:	3233205f 	eorscc	r2, r3, #95	@ 0x5f
    1388:	544e4900 	strbpl	r4, [lr], #-2304	@ 0xfffff700
    138c:	5f58414d 	svcpl	0x0058414d
    1390:	004e494d 	subeq	r4, lr, sp, asr #18
    1394:	544e4955 	strbpl	r4, [lr], #-2389	@ 0xfffff6ab
    1398:	5341465f 	movtpl	r4, #5727	@ 0x165f
    139c:	4d5f3854 	ldclmi	8, cr3, [pc, #-336]	@ 1254 <vector_table-0x7ffedac>
    13a0:	5f005841 	svcpl	0x00005841
    13a4:	544e495f 	strbpl	r4, [lr], #-2399	@ 0xfffff6a1
    13a8:	4843575f 	stmdami	r3, {r0, r1, r2, r3, r4, r6, r8, r9, sl, ip, lr}^
    13ac:	545f5241 	ldrbpl	r5, [pc], #-577	@ 13b4 <vector_table-0x7ffec4c>
    13b0:	0020485f 	eoreq	r4, r0, pc, asr r8
    13b4:	48545f5f 	ldmdami	r4, {r0, r1, r2, r3, r4, r6, r8, r9, sl, fp, ip, lr}^
    13b8:	45424d55 	strbmi	r4, [r2, #-3413]	@ 0xfffff2ab
    13bc:	205f5f4c 	subscs	r5, pc, ip, asr #30
    13c0:	5f5f0031 	svcpl	0x005f0031
    13c4:	495f4144 	ldmdbmi	pc, {r2, r6, r8, lr}^	@ <UNPREDICTABLE>
    13c8:	5f544942 	svcpl	0x00544942
    13cc:	3233205f 	eorscc	r2, r3, #95	@ 0x5f
    13d0:	425f5f00 	subsmi	r5, pc, #0, 30
    13d4:	45474749 	strbmi	r4, [r7, #-1865]	@ 0xfffff8b7
    13d8:	415f5453 	cmpmi	pc, r3, asr r4	@ <UNPREDICTABLE>
    13dc:	4e47494c 	vmlsmi.f16	s9, s14, s24	@ <UNPREDICTABLE>
    13e0:	544e454d 	strbpl	r4, [lr], #-1357	@ 0xfffffab3
    13e4:	38205f5f 	stmdacc	r0!, {r0, r1, r2, r3, r4, r6, r8, r9, sl, fp, ip, lr}
    13e8:	4c5f5f00 	mrrcmi	15, 0, r5, pc, cr0	@ <UNPREDICTABLE>
    13ec:	55434341 	strbpl	r4, [r3, #-833]	@ 0xfffffcbf
    13f0:	42495f4d 	submi	r5, r9, #308	@ 0x134
    13f4:	5f5f5449 	svcpl	0x005f5449
    13f8:	00323320 	eorseq	r3, r2, r0, lsr #6
    13fc:	53555f5f 	cmppl	r5, #380	@ 0x17c
    1400:	43415246 	movtmi	r5, #4678	@ 0x1246
    1404:	414d5f54 	cmpmi	sp, r4, asr pc
    1408:	205f5f58 	subscs	r5, pc, r8, asr pc	@ <UNPREDICTABLE>
    140c:	46465830 			@ <UNDEFINED> instruction: 0x46465830
    1410:	55382d50 	ldrpl	r2, [r8, #-3408]!	@ 0xfffff2b0
    1414:	5f005248 	svcpl	0x00005248
    1418:	4e49555f 	mcrmi	5, 2, r5, cr9, cr15, {2}
    141c:	41465f54 	cmpmi	r6, r4, asr pc
    1420:	5f385453 	svcpl	0x00385453
    1424:	5f58414d 	svcpl	0x0058414d
    1428:	7830205f 	ldmdavc	r0!, {r0, r1, r2, r3, r4, r6, sp}
    142c:	66666666 	strbtvs	r6, [r6], -r6, ror #12
    1430:	66666666 	strbtvs	r6, [r6], -r6, ror #12
    1434:	5f5f0055 	svcpl	0x005f0055
    1438:	4544524f 	strbmi	r5, [r4, #-591]	@ 0xfffffdb1
    143c:	494c5f52 	stmdbmi	ip, {r1, r4, r6, r8, r9, sl, fp, ip, lr}^
    1440:	454c5454 	strbmi	r5, [ip, #-1108]	@ 0xfffffbac
    1444:	444e455f 	strbmi	r4, [lr], #-1375	@ 0xfffffaa1
    1448:	5f4e4149 	svcpl	0x004e4149
    144c:	3231205f 	eorscc	r2, r1, #95	@ 0x5f
    1450:	5f003433 	svcpl	0x00003433
    1454:	5641485f 			@ <UNDEFINED> instruction: 0x5641485f
    1458:	50535f45 	subspl	r5, r3, r5, asr #30
    145c:	4c554345 	mrrcmi	3, 4, r4, r5, cr5
    1460:	4f495441 	svcmi	0x00495441
    1464:	41535f4e 	cmpmi	r3, lr, asr #30
    1468:	565f4546 	ldrbpl	r4, [pc], -r6, asr #10
    146c:	45554c41 	ldrbmi	r4, [r5, #-3137]	@ 0xfffff3bf
    1470:	5f003120 	svcpl	0x00003120
    1474:	414c4c5f 	cmpmi	ip, pc, asr ip
    1478:	4d554343 	ldclmi	3, cr4, [r5, #-268]	@ 0xfffffef4
    147c:	4e494d5f 	mcrmi	13, 2, r4, cr9, cr15, {2}
    1480:	28205f5f 	stmdacs	r0!, {r0, r1, r2, r3, r4, r6, r8, r9, sl, fp, ip, lr}
    1484:	3158302d 	cmpcc	r8, sp, lsr #32
    1488:	4c313350 	ldcmi	3, cr3, [r1], #-320	@ 0xfffffec0
    148c:	302d4b4c 	eorcc	r4, sp, ip, asr #22
    1490:	33503158 	cmpcc	r0, #88, 2
    1494:	4b4c4c31 	blmi	1314560 <vector_table-0x6cebaa0>
    1498:	535f0029 	cmppl	pc, #41	@ 0x29
    149c:	54455a49 	strbpl	r5, [r5], #-2633	@ 0xfffff5b7
    14a0:	5f00205f 	svcpl	0x0000205f
    14a4:	5f41535f 	svcpl	0x0041535f
    14a8:	54494246 	strbpl	r4, [r9], #-582	@ 0xfffffdba
    14ac:	31205f5f 			@ <UNDEFINED> instruction: 0x31205f5f
    14b0:	5f5f0035 	svcpl	0x005f0035
    14b4:	36544c46 	ldrbcc	r4, [r4], -r6, asr #24
    14b8:	494d5f34 	stmdbmi	sp, {r2, r4, r5, r8, r9, sl, fp, ip, lr}^
    14bc:	30315f4e 	eorscc	r5, r1, lr, asr #30
    14c0:	5058455f 	subspl	r4, r8, pc, asr r5
    14c4:	28205f5f 	stmdacs	r0!, {r0, r1, r2, r3, r4, r6, r8, r9, sl, fp, ip, lr}
    14c8:	3730332d 	ldrcc	r3, [r0, -sp, lsr #6]!
    14cc:	5f5f0029 	svcpl	0x005f0029
    14d0:	5f4d5241 	svcpl	0x004d5241
    14d4:	54414546 	strbpl	r4, [r1], #-1350	@ 0xfffffaba
    14d8:	5f455255 	svcpl	0x00455255
    14dc:	5f495442 	svcpl	0x00495442
    14e0:	41464544 	cmpmi	r6, r4, asr #10
    14e4:	00544c55 	subseq	r4, r4, r5, asr ip
    14e8:	41535f5f 	cmpmi	r3, pc, asr pc
    14ec:	4d554343 	ldclmi	3, cr4, [r5, #-268]	@ 0xfffffef4
    14f0:	5350455f 	cmppl	r0, #398458880	@ 0x17c00000
    14f4:	4e4f4c49 	cdpmi	12, 4, cr4, cr15, cr9, {2}
    14f8:	30205f5f 	eorcc	r5, r0, pc, asr pc
    14fc:	2d503178 	ldfcse	f3, [r0, #-480]	@ 0xfffffe20
    1500:	004b4837 	subeq	r4, fp, r7, lsr r8
    1504:	4343475f 	movtmi	r4, #14175	@ 0x375f
    1508:	58414d5f 	stmdapl	r1, {r0, r1, r2, r3, r4, r6, r8, sl, fp, lr}^
    150c:	494c415f 	stmdbmi	ip, {r0, r1, r2, r3, r4, r6, r8, lr}^
    1510:	545f4e47 	ldrbpl	r4, [pc], #-3655	@ 1518 <vector_table-0x7ffeae8>
    1514:	5f5f0020 	svcpl	0x005f0020
    1518:	5f4d5241 	svcpl	0x004d5241
    151c:	54414546 	strbpl	r4, [r1], #-1350	@ 0xfffffaba
    1520:	5f455255 	svcpl	0x00455255
    1524:	5f434150 	svcpl	0x00434150
    1528:	41464544 	cmpmi	r6, r4, asr #10
    152c:	00544c55 	subseq	r4, r4, r5, asr ip
    1530:	4e495f5f 	mcrmi	15, 2, r5, cr9, cr15, {2}
    1534:	41465f54 	cmpmi	r6, r4, asr pc
    1538:	36315453 			@ <UNDEFINED> instruction: 0x36315453
    153c:	5059545f 	subspl	r5, r9, pc, asr r4
    1540:	205f5f45 	subscs	r5, pc, r5, asr #30
    1544:	00746e69 	rsbseq	r6, r4, r9, ror #28
    1548:	4c465f5f 	mcrrmi	15, 5, r5, r6, cr15
    154c:	5f323354 	svcpl	0x00323354
    1550:	49434544 	stmdbmi	r3, {r2, r6, r8, sl, lr}^
    1554:	5f4c414d 	svcpl	0x004c414d
    1558:	5f474944 	svcpl	0x00474944
    155c:	0039205f 	eorseq	r2, r9, pc, asr r0
    1560:	656e5f5f 	strbvs	r5, [lr, #-3935]!	@ 0xfffff0a1
    1564:	4e5f6465 	cdpmi	4, 5, cr6, cr15, cr5, {3}
    1568:	004c4c55 	subeq	r4, ip, r5, asr ip
    156c:	49555f5f 	ldmdbmi	r5, {r0, r1, r2, r3, r4, r6, r8, r9, sl, fp, ip, lr}^
    1570:	3631544e 	ldrtcc	r5, [r1], -lr, asr #8
    1574:	5059545f 	subspl	r5, r9, pc, asr r4
    1578:	205f5f45 	subscs	r5, pc, r5, asr #30
    157c:	726f6873 	rsbvc	r6, pc, #7536640	@ 0x730000
    1580:	6e752074 	mrcvs	0, 3, r2, cr5, cr4, {3}
    1584:	6e676973 			@ <UNDEFINED> instruction: 0x6e676973
    1588:	69206465 	stmdbvs	r0!, {r0, r2, r5, r6, sl, sp, lr}
    158c:	4100746e 	tstmi	r0, lr, ror #8
    1590:	4e47494c 	vmlsmi.f16	s9, s14, s24	@ <UNPREDICTABLE>
    1594:	55003420 	strpl	r3, [r0, #-1056]	@ 0xfffffbe0
    1598:	5f544e49 	svcpl	0x00544e49
    159c:	5341454c 	movtpl	r4, #5452	@ 0x154c
    15a0:	5f343654 	svcpl	0x00343654
    15a4:	0058414d 	subseq	r4, r8, sp, asr #2
    15a8:	43575f5f 	cmpmi	r7, #380	@ 0x17c
    15ac:	5f524148 	svcpl	0x00524148
    15b0:	54444957 	strbpl	r4, [r4], #-2391	@ 0xfffff6a9
    15b4:	205f5f48 	subscs	r5, pc, r8, asr #30
    15b8:	5f003233 	svcpl	0x00003233
    15bc:	544c465f 	strbpl	r4, [ip], #-1631	@ 0xfffff9a1
    15c0:	485f3233 	ldmdami	pc, {r0, r1, r4, r5, r9, ip, sp}^	@ <UNPREDICTABLE>
    15c4:	495f5341 	ldmdbmi	pc, {r0, r6, r8, r9, ip, lr}^	@ <UNPREDICTABLE>
    15c8:	4e49464e 	cdpmi	6, 4, cr4, cr9, cr14, {2}
    15cc:	5f595449 	svcpl	0x00595449
    15d0:	0031205f 	eorseq	r2, r1, pc, asr r0
    15d4:	48555f5f 	ldmdami	r5, {r0, r1, r2, r3, r4, r6, r8, r9, sl, fp, ip, lr}^
    15d8:	42495f51 	submi	r5, r9, #324	@ 0x144
    15dc:	5f5f5449 	svcpl	0x005f5449
    15e0:	5f003020 	svcpl	0x00003020
    15e4:	5246555f 	subpl	r5, r6, #398458880	@ 0x17c00000
    15e8:	5f544341 	svcpl	0x00544341
    15ec:	54494246 	strbpl	r4, [r9], #-582	@ 0xfffffdba
    15f0:	31205f5f 			@ <UNDEFINED> instruction: 0x31205f5f
    15f4:	5f5f0036 	svcpl	0x005f0036
    15f8:	5f4d5241 	svcpl	0x004d5241
    15fc:	54414546 	strbpl	r4, [r1], #-1350	@ 0xfffffaba
    1600:	5f455255 	svcpl	0x00455255
    1604:	205a4c43 	subscs	r4, sl, r3, asr #24
    1608:	5f5f0031 	svcpl	0x005f0031
    160c:	474e4f4c 	strbmi	r4, [lr, -ip, asr #30]
    1610:	4e4f4c5f 	mcrmi	12, 2, r4, cr15, cr15, {2}
    1614:	414d5f47 	cmpmi	sp, r7, asr #30
    1618:	205f5f58 	subscs	r5, pc, r8, asr pc	@ <UNPREDICTABLE>
    161c:	66377830 			@ <UNDEFINED> instruction: 0x66377830
    1620:	66666666 	strbtvs	r6, [r6], -r6, ror #12
    1624:	66666666 	strbtvs	r6, [r6], -r6, ror #12
    1628:	66666666 	strbtvs	r6, [r6], -r6, ror #12
    162c:	4c4c6666 	mcrrmi	6, 6, r6, ip, cr6
    1630:	495f5f00 	ldmdbmi	pc, {r8, r9, sl, fp, ip, lr}^	@ <UNPREDICTABLE>
    1634:	3436544e 	ldrtcc	r5, [r6], #-1102	@ 0xfffffbb2
    1638:	5059545f 	subspl	r5, r9, pc, asr r4
    163c:	205f5f45 	subscs	r5, pc, r5, asr #30
    1640:	676e6f6c 	strbvs	r6, [lr, -ip, ror #30]!
    1644:	6e6f6c20 	cdpvs	12, 6, cr6, cr15, cr0, {1}
    1648:	6e692067 	cdpvs	0, 6, cr2, cr9, cr7, {3}
    164c:	5f5f0074 	svcpl	0x005f0074
    1650:	5f544c46 	svcpl	0x00544c46
    1654:	5f58414d 	svcpl	0x0058414d
    1658:	455f3031 	ldrbmi	r3, [pc, #-49]	@ 162f <vector_table-0x7ffe9d1>
    165c:	5f5f5058 	svcpl	0x005f5058
    1660:	00383320 	eorseq	r3, r8, r0, lsr #6
    1664:	4c4c5f5f 	mcrrmi	15, 5, r5, ip, cr15
    1668:	55434341 	strbpl	r4, [r3, #-833]	@ 0xfffffcbf
    166c:	414d5f4d 	cmpmi	sp, sp, asr #30
    1670:	205f5f58 	subscs	r5, pc, r8, asr pc	@ <UNPREDICTABLE>
    1674:	46375830 			@ <UNDEFINED> instruction: 0x46375830
    1678:	46464646 	strbmi	r4, [r6], -r6, asr #12
    167c:	46464646 	strbmi	r4, [r6], -r6, asr #12
    1680:	46464646 	strbmi	r4, [r6], -r6, asr #12
    1684:	2d504646 	ldclcs	6, cr4, [r0, #-280]	@ 0xfffffee8
    1688:	4c4c3133 	stfmie	f3, [ip], {51}	@ 0x33
    168c:	554e004b 	strbpl	r0, [lr, #-75]	@ 0xffffffb5
    1690:	28204c4c 	stmdacs	r0!, {r2, r3, r6, sl, fp, lr}
    1694:	696f7628 	stmdbvs	pc!, {r3, r5, r9, sl, ip, sp, lr}^	@ <UNPREDICTABLE>
    1698:	292a2064 	stmdbcs	sl!, {r2, r5, r6, sp}
    169c:	50002930 	andpl	r2, r0, r0, lsr r9
    16a0:	49445254 	stmdbmi	r4, {r2, r4, r6, r9, ip, lr}^
    16a4:	4d5f4646 	ldclmi	6, cr4, [pc, #-280]	@ 1594 <vector_table-0x7ffea6c>
    16a8:	5f205841 	svcpl	0x00205841
    16ac:	5254505f 	subspl	r5, r4, #95	@ 0x5f
    16b0:	46464944 	strbmi	r4, [r6], -r4, asr #18
    16b4:	58414d5f 	stmdapl	r1, {r0, r1, r2, r3, r4, r6, r8, sl, fp, lr}^
    16b8:	5f005f5f 	svcpl	0x00005f5f
    16bc:	414c4c5f 	cmpmi	ip, pc, asr ip
    16c0:	4d554343 	ldclmi	3, cr4, [r5, #-268]	@ 0xfffffef4
    16c4:	5350455f 	cmppl	r0, #398458880	@ 0x17c00000
    16c8:	4e4f4c49 	cdpmi	12, 4, cr4, cr15, cr9, {2}
    16cc:	30205f5f 	eorcc	r5, r0, pc, asr pc
    16d0:	2d503178 	ldfcse	f3, [r0, #-480]	@ 0xfffffe20
    16d4:	4c4c3133 	stfmie	f3, [ip], {51}	@ 0x33
    16d8:	4957004b 	ldmdbmi	r7, {r0, r1, r3, r6}^
    16dc:	4d5f544e 	cfldrdmi	mvd5, [pc, #-312]	@ 15ac <vector_table-0x7ffea54>
    16e0:	5f004e49 	svcpl	0x00004e49
    16e4:	544c465f 	strbpl	r4, [ip], #-1631	@ 0xfffff9a1
    16e8:	5f583233 	svcpl	0x00583233
    16ec:	544e414d 	strbpl	r4, [lr], #-333	@ 0xfffffeb3
    16f0:	4749445f 	smlsldmi	r4, r9, pc, r4	@ <UNPREDICTABLE>
    16f4:	35205f5f 	strcc	r5, [r0, #-3935]!	@ 0xfffff0a1
    16f8:	5f5f0033 	svcpl	0x005f0033
    16fc:	495f4f4e 	ldmdbmi	pc, {r1, r2, r3, r6, r8, r9, sl, fp, lr}^	@ <UNPREDICTABLE>
    1700:	4e494c4e 	cdpmi	12, 4, cr4, cr9, cr14, {2}
    1704:	205f5f45 	subscs	r5, pc, r5, asr #30
    1708:	5f5f0031 	svcpl	0x005f0031
    170c:	5f4d5241 	svcpl	0x004d5241
    1710:	54414546 	strbpl	r4, [r1], #-1350	@ 0xfffffaba
    1714:	5f455255 	svcpl	0x00455255
    1718:	52504f43 	subspl	r4, r0, #268	@ 0x10c
    171c:	5f00434f 	svcpl	0x0000434f
    1720:	464c555f 			@ <UNDEFINED> instruction: 0x464c555f
    1724:	54434152 	strbpl	r4, [r3], #-338	@ 0xfffffeae
    1728:	4e494d5f 	mcrmi	13, 2, r4, cr9, cr15, {2}
    172c:	30205f5f 	eorcc	r5, r0, pc, asr pc
    1730:	4c55302e 	mrrcmi	0, 2, r3, r5, cr14
    1734:	5f5f0052 	svcpl	0x005f0052
    1738:	5f544c46 	svcpl	0x00544c46
    173c:	544e414d 	strbpl	r4, [lr], #-333	@ 0xfffffeb3
    1740:	4749445f 	smlsldmi	r4, r9, pc, r4	@ <UNPREDICTABLE>
    1744:	32205f5f 	eorcc	r5, r0, #380	@ 0x17c
    1748:	5f5f0034 	svcpl	0x005f0034
    174c:	5f4d5241 	svcpl	0x004d5241
    1750:	48435241 	stmdami	r3, {r0, r6, r9, ip, lr}^
    1754:	465f5f00 	ldrbmi	r5, [pc], -r0, lsl #30
    1758:	3436544c 	ldrtcc	r5, [r6], #-1100	@ 0xfffffbb4
    175c:	4345445f 	movtmi	r4, #21599	@ 0x545f
    1760:	4c414d49 	mcrrmi	13, 4, r4, r1, cr9
    1764:	4749445f 	smlsldmi	r4, r9, pc, r4	@ <UNPREDICTABLE>
    1768:	31205f5f 			@ <UNDEFINED> instruction: 0x31205f5f
    176c:	475f0037 	smmlarmi	pc, r7, r0, r0	@ <UNPREDICTABLE>
    1770:	535f4343 	cmppl	pc, #201326593	@ 0xc000001
    1774:	5f455a49 	svcpl	0x00455a49
    1778:	5f002054 	svcpl	0x00002054
    177c:	4745525f 	smlsldmi	r5, r5, pc, r2	@ <UNPREDICTABLE>
    1780:	45545349 	ldrbmi	r5, [r4, #-841]	@ 0xfffffcb7
    1784:	52505f52 	subspl	r5, r0, #328	@ 0x148
    1788:	58494645 	stmdapl	r9, {r0, r2, r6, r9, sl, lr}^
    178c:	00205f5f 	eoreq	r5, r0, pc, asr pc
    1790:	505f545f 	subspl	r5, pc, pc, asr r4	@ <UNPREDICTABLE>
    1794:	49445254 	stmdbmi	r4, {r2, r4, r6, r9, ip, lr}^
    1798:	205f4646 	subscs	r4, pc, r6, asr #12
    179c:	465f5f00 	ldrbmi	r5, [pc], -r0, lsl #30
    17a0:	3233544c 	eorscc	r5, r3, #76, 8	@ 0x4c000000
    17a4:	4e494d5f 	mcrmi	13, 2, r4, cr9, cr15, {2}
    17a8:	5058455f 	subspl	r4, r8, pc, asr r5
    17ac:	28205f5f 	stmdacs	r0!, {r0, r1, r2, r3, r4, r6, r8, r9, sl, fp, ip, lr}
    17b0:	3532312d 	ldrcc	r3, [r2, #-301]!	@ 0xfffffed3
    17b4:	49570029 	ldmdbmi	r7, {r0, r3, r5}^
    17b8:	4d5f544e 	cfldrdmi	mvd5, [pc, #-312]	@ 1688 <vector_table-0x7ffe978>
    17bc:	5f005841 	svcpl	0x00005841
    17c0:	4341555f 	movtmi	r5, #5471	@ 0x155f
    17c4:	5f4d5543 	svcpl	0x004d5543
    17c8:	54494249 	strbpl	r4, [r9], #-585	@ 0xfffffdb7
    17cc:	31205f5f 			@ <UNDEFINED> instruction: 0x31205f5f
    17d0:	5f5f0036 	svcpl	0x005f0036
    17d4:	544e4955 	strbpl	r4, [lr], #-2389	@ 0xfffff6ab
    17d8:	5341465f 	movtpl	r4, #5727	@ 0x165f
    17dc:	5f363154 	svcpl	0x00363154
    17e0:	5f58414d 	svcpl	0x0058414d
    17e4:	7830205f 	ldmdavc	r0!, {r0, r1, r2, r3, r4, r6, sp}
    17e8:	66666666 	strbtvs	r6, [r6], -r6, ror #12
    17ec:	66666666 	strbtvs	r6, [r6], -r6, ror #12
    17f0:	5f5f0055 	svcpl	0x005f0055
    17f4:	544e4955 	strbpl	r4, [lr], #-2389	@ 0xfffff6ab
    17f8:	5341465f 	movtpl	r4, #5727	@ 0x165f
    17fc:	5f363154 	svcpl	0x00363154
    1800:	45505954 	ldrbmi	r5, [r0, #-2388]	@ 0xfffff6ac
    1804:	75205f5f 	strvc	r5, [r0, #-3935]!	@ 0xfffff0a1
    1808:	6769736e 	strbvs	r7, [r9, -lr, ror #6]!
    180c:	2064656e 	rsbcs	r6, r4, lr, ror #10
    1810:	00746e69 	rsbseq	r6, r4, r9, ror #28
    1814:	4c465f5f 	mcrrmi	15, 5, r5, r6, cr15
    1818:	5f323354 	svcpl	0x00323354
    181c:	5f58414d 	svcpl	0x0058414d
    1820:	5f505845 	svcpl	0x00505845
    1824:	3231205f 	eorscc	r2, r1, #95	@ 0x5f
    1828:	5f5f0038 	svcpl	0x005f0038
    182c:	5f4c4244 	svcpl	0x004c4244
    1830:	5f4e494d 	svcpl	0x004e494d
    1834:	455f3031 	ldrbmi	r3, [pc, #-49]	@ 180b <vector_table-0x7ffe7f5>
    1838:	5f5f5058 	svcpl	0x005f5058
    183c:	332d2820 			@ <UNDEFINED> instruction: 0x332d2820
    1840:	00293730 	eoreq	r3, r9, r0, lsr r7
    1844:	53555f5f 	cmppl	r5, #380	@ 0x17c
    1848:	55434341 	strbpl	r4, [r3, #-833]	@ 0xfffffcbf
    184c:	42495f4d 	submi	r5, r9, #308	@ 0x134
    1850:	5f5f5449 	svcpl	0x005f5449
    1854:	5f003820 	svcpl	0x00003820
    1858:	5548545f 	strbpl	r5, [r8, #-1119]	@ 0xfffffba1
    185c:	495f424d 	ldmdbmi	pc, {r0, r2, r3, r6, r9, lr}^	@ <UNPREDICTABLE>
    1860:	5245544e 	subpl	r5, r5, #1308622848	@ 0x4e000000
    1864:	4b524f57 	blmi	14955c8 <vector_table-0x6b6aa38>
    1868:	31205f5f 			@ <UNDEFINED> instruction: 0x31205f5f
    186c:	4e495500 	cdpmi	5, 4, cr5, cr9, cr0, {0}
    1870:	454c5f54 	strbmi	r5, [ip, #-3924]	@ 0xfffff0ac
    1874:	31545341 	cmpcc	r4, r1, asr #6
    1878:	414d5f36 	cmpmi	sp, r6, lsr pc
    187c:	5f5f0058 	svcpl	0x005f0058
    1880:	33544c46 	cmpcc	r4, #17920	@ 0x4600
    1884:	49445f32 	stmdbmi	r4, {r1, r4, r5, r8, r9, sl, fp, ip, lr}^
    1888:	205f5f47 	subscs	r5, pc, r7, asr #30
    188c:	5f5f0036 	svcpl	0x005f0036
    1890:	36544c46 	ldrbcc	r4, [r4], -r6, asr #24
    1894:	45445f34 	strbmi	r5, [r4, #-3892]	@ 0xfffff0cc
    1898:	4d524f4e 	ldclmi	15, cr4, [r2, #-312]	@ 0xfffffec8
    189c:	4e494d5f 	mcrmi	13, 2, r4, cr9, cr15, {2}
    18a0:	34205f5f 	strtcc	r5, [r0], #-3935	@ 0xfffff0a1
    18a4:	3034392e 	eorscc	r3, r4, lr, lsr #18
    18a8:	34363536 	ldrtcc	r3, [r6], #-1334	@ 0xfffffaca
    18ac:	31343835 	teqcc	r4, r5, lsr r8
    18b0:	35363432 	ldrcc	r3, [r6, #-1074]!	@ 0xfffffbce
    18b4:	332d6534 			@ <UNDEFINED> instruction: 0x332d6534
    18b8:	36463432 			@ <UNDEFINED> instruction: 0x36463432
    18bc:	5f5f0034 	svcpl	0x005f0034
    18c0:	36544c46 	ldrbcc	r4, [r4], -r6, asr #24
    18c4:	41485f34 	cmpmi	r8, r4, lsr pc
    18c8:	45445f53 	strbmi	r5, [r4, #-3923]	@ 0xfffff0ad
    18cc:	4d524f4e 	ldclmi	15, cr4, [r2, #-312]	@ 0xfffffec8
    18d0:	31205f5f 			@ <UNDEFINED> instruction: 0x31205f5f
    18d4:	5f545f00 	svcpl	0x00545f00
    18d8:	455a4953 	ldrbmi	r4, [sl, #-2387]	@ 0xfffff6ad
    18dc:	5f00205f 	svcpl	0x0000205f
    18e0:	544c465f 	strbpl	r4, [ip], #-1631	@ 0xfffff9a1
    18e4:	4156455f 	cmpmi	r6, pc, asr r5
    18e8:	454d5f4c 	strbmi	r5, [sp, #-3916]	@ 0xfffff0b4
    18ec:	444f4854 	strbmi	r4, [pc], #-2132	@ 18f4 <vector_table-0x7ffe70c>
    18f0:	30205f5f 	eorcc	r5, r0, pc, asr pc
    18f4:	465f5f00 	ldrbmi	r5, [pc], -r0, lsl #30
    18f8:	3233544c 	eorscc	r5, r3, #76, 8	@ 0x4c000000
    18fc:	41485f58 	cmpmi	r8, r8, asr pc
    1900:	45445f53 	strbmi	r5, [r4, #-3923]	@ 0xfffff0ad
    1904:	4d524f4e 	ldclmi	15, cr4, [r2, #-312]	@ 0xfffffec8
    1908:	31205f5f 			@ <UNDEFINED> instruction: 0x31205f5f
    190c:	415f5f00 	cmpmi	pc, r0, lsl #30
    1910:	505f4d52 	subspl	r4, pc, r2, asr sp	@ <UNPREDICTABLE>
    1914:	31205343 			@ <UNDEFINED> instruction: 0x31205343
    1918:	495f5f00 	ldmdbmi	pc, {r8, r9, sl, fp, ip, lr}^	@ <UNPREDICTABLE>
    191c:	4c5f544e 	cfldrdmi	mvd5, [pc], {78}	@ 0x4e
    1920:	54534145 	ldrbpl	r4, [r3], #-325	@ 0xfffffebb
    1924:	4d5f3436 	cfldrdmi	mvd3, [pc, #-216]	@ 1854 <vector_table-0x7ffe7ac>
    1928:	5f5f5841 	svcpl	0x005f5841
    192c:	37783020 	ldrbcc	r3, [r8, -r0, lsr #32]!
    1930:	66666666 	strbtvs	r6, [r6], -r6, ror #12
    1934:	66666666 	strbtvs	r6, [r6], -r6, ror #12
    1938:	66666666 	strbtvs	r6, [r6], -r6, ror #12
    193c:	4c666666 	stclmi	6, cr6, [r6], #-408	@ 0xfffffe68
    1940:	5f5f004c 	svcpl	0x005f004c
    1944:	55434341 	strbpl	r4, [r3, #-833]	@ 0xfffffcbf
    1948:	42465f4d 	submi	r5, r6, #308	@ 0x134
    194c:	5f5f5449 	svcpl	0x005f5449
    1950:	00353120 	eorseq	r3, r5, r0, lsr #2
    1954:	43475f5f 	movtmi	r5, #32607	@ 0x7f5f
    1958:	54415f43 	strbpl	r5, [r1], #-3907	@ 0xfffff0bd
    195c:	43494d4f 	movtmi	r4, #40271	@ 0x9d4f
    1960:	4843575f 	stmdami	r3, {r0, r1, r2, r3, r4, r6, r8, r9, sl, ip, lr}^
    1964:	545f5241 	ldrbpl	r5, [pc], #-577	@ 196c <vector_table-0x7ffe694>
    1968:	434f4c5f 	movtmi	r4, #64607	@ 0xfc5f
    196c:	52465f4b 	subpl	r5, r6, #300	@ 0x12c
    1970:	32204545 	eorcc	r4, r0, #289406976	@ 0x11400000
    1974:	555f5f00 	ldrbpl	r5, [pc, #-3840]	@ a7c <vector_table-0x7fff584>
    1978:	4343414c 	movtmi	r4, #12620	@ 0x314c
    197c:	495f4d55 	ldmdbmi	pc, {r0, r2, r4, r6, r8, sl, fp, lr}^	@ <UNPREDICTABLE>
    1980:	5f544942 	svcpl	0x00544942
    1984:	3233205f 	eorscc	r2, r3, #95	@ 0x5f
    1988:	535f5f00 	cmppl	pc, #0, 30
    198c:	5f455a49 	svcpl	0x00455a49
    1990:	205f5f54 	subscs	r5, pc, r4, asr pc	@ <UNPREDICTABLE>
    1994:	4c5f5f00 	mrrcmi	15, 0, r5, pc, cr0	@ <UNPREDICTABLE>
    1998:	4152464c 	cmpmi	r2, ip, asr #12
    199c:	465f5443 	ldrbmi	r5, [pc], -r3, asr #8
    19a0:	5f544942 	svcpl	0x00544942
    19a4:	3336205f 	teqcc	r6, #95	@ 0x5f
    19a8:	4e495500 	cdpmi	5, 4, cr5, cr9, cr0, {0}
    19ac:	41465f54 	cmpmi	r6, r4, asr pc
    19b0:	34365453 	ldrtcc	r5, [r6], #-1107	@ 0xfffffbad
    19b4:	58414d5f 	stmdapl	r1, {r0, r1, r2, r3, r4, r6, r8, sl, fp, lr}^
    19b8:	465f5f00 	ldrbmi	r5, [pc], -r0, lsl #30
    19bc:	3233544c 	eorscc	r5, r3, #76, 8	@ 0x4c000000
    19c0:	494d5f58 	stmdbmi	sp, {r3, r4, r6, r8, r9, sl, fp, ip, lr}^
    19c4:	58455f4e 	stmdapl	r5, {r1, r2, r3, r6, r8, r9, sl, fp, ip, lr}^
    19c8:	205f5f50 	subscs	r5, pc, r0, asr pc	@ <UNPREDICTABLE>
    19cc:	30312d28 	eorscc	r2, r1, r8, lsr #26
    19d0:	00293132 	eoreq	r3, r9, r2, lsr r1
    19d4:	4e495f5f 	mcrmi	15, 2, r5, cr9, cr15, {2}
    19d8:	454c5f54 	strbmi	r5, [ip, #-3924]	@ 0xfffff0ac
    19dc:	38545341 	ldmdacc	r4, {r0, r6, r8, r9, ip, lr}^
    19e0:	4449575f 	strbmi	r5, [r9], #-1887	@ 0xfffff8a1
    19e4:	5f5f4854 	svcpl	0x005f4854
    19e8:	5f003820 	svcpl	0x00003820
    19ec:	4153555f 	cmpmi	r3, pc, asr r5
    19f0:	4942465f 	stmdbmi	r2, {r0, r1, r2, r3, r4, r6, r9, sl, lr}^
    19f4:	205f5f54 	subscs	r5, pc, r4, asr pc	@ <UNPREDICTABLE>
    19f8:	5f003631 	svcpl	0x00003631
    19fc:	4e49555f 	mcrmi	5, 2, r5, cr9, cr15, {2}
    1a00:	4d5f3854 	ldclmi	8, cr3, [pc, #-336]	@ 18b8 <vector_table-0x7ffe748>
    1a04:	5f5f5841 	svcpl	0x005f5841
    1a08:	66783020 	ldrbtvs	r3, [r8], -r0, lsr #32
    1a0c:	5f5f0066 	svcpl	0x005f0066
    1a10:	544e4955 	strbpl	r4, [lr], #-2389	@ 0xfffff6ab
    1a14:	4d5f3631 	ldclmi	6, cr3, [pc, #-196]	@ 1958 <vector_table-0x7ffe6a8>
    1a18:	5f5f5841 	svcpl	0x005f5841
    1a1c:	66783020 	ldrbtvs	r3, [r8], -r0, lsr #32
    1a20:	00666666 	rsbeq	r6, r6, r6, ror #12
    1a24:	695f5f5f 	ldmdbvs	pc, {r0, r1, r2, r3, r4, r6, r8, r9, sl, fp, ip, lr}^	@ <UNPREDICTABLE>
    1a28:	775f746e 	ldrbvc	r7, [pc, -lr, ror #8]
    1a2c:	72616863 	rsbvc	r6, r1, #6488064	@ 0x630000
    1a30:	685f745f 	ldmdavs	pc, {r0, r1, r2, r3, r4, r6, sl, ip, sp, lr}^	@ <UNPREDICTABLE>
    1a34:	4e490020 	cdpmi	0, 4, cr0, cr9, cr0, {1}
    1a38:	454c5f54 	strbmi	r5, [ip, #-3924]	@ 0xfffff0ac
    1a3c:	38545341 	ldmdacc	r4, {r0, r6, r8, r9, ip, lr}^
    1a40:	58414d5f 	stmdapl	r1, {r0, r1, r2, r3, r4, r6, r8, sl, fp, lr}^
    1a44:	495f5f20 	ldmdbmi	pc, {r5, r8, r9, sl, fp, ip, lr}^	@ <UNPREDICTABLE>
    1a48:	4c5f544e 	cfldrdmi	mvd5, [pc], {78}	@ 0x4e
    1a4c:	54534145 	ldrbpl	r4, [r3], #-325	@ 0xfffffebb
    1a50:	414d5f38 	cmpmi	sp, r8, lsr pc
    1a54:	005f5f58 	subseq	r5, pc, r8, asr pc	@ <UNPREDICTABLE>
    1a58:	52415f5f 	subpl	r5, r1, #380	@ 0x17c
    1a5c:	45465f4d 	strbmi	r5, [r6, #-3917]	@ 0xfffff0b3
    1a60:	52555441 	subspl	r5, r5, #1090519040	@ 0x41000000
    1a64:	4d465f45 	stclmi	15, cr5, [r6, #-276]	@ 0xfffffeec
    1a68:	5f5f0041 	svcpl	0x005f0041
    1a6c:	43434155 	movtmi	r4, #12629	@ 0x3155
    1a70:	465f4d55 			@ <UNDEFINED> instruction: 0x465f4d55
    1a74:	5f544942 	svcpl	0x00544942
    1a78:	3631205f 			@ <UNDEFINED> instruction: 0x3631205f
    1a7c:	5f5f5f00 	svcpl	0x005f5f00
    1a80:	5f746e69 	svcpl	0x00746e69
    1a84:	64727470 	ldrbtvs	r7, [r2], #-1136	@ 0xfffffb90
    1a88:	5f666669 	svcpl	0x00666669
    1a8c:	20685f74 	rsbcs	r5, r8, r4, ror pc
    1a90:	5a495300 	bpl	1256698 <vector_table-0x6da9968>
    1a94:	414d5f45 	cmpmi	sp, r5, asr #30
    1a98:	5f5f2058 	svcpl	0x005f2058
    1a9c:	455a4953 	ldrbmi	r4, [sl, #-2387]	@ 0xfffff6ad
    1aa0:	58414d5f 	stmdapl	r1, {r0, r1, r2, r3, r4, r6, r8, sl, fp, lr}^
    1aa4:	5f005f5f 	svcpl	0x00005f5f
    1aa8:	4454535f 	ldrbmi	r5, [r4], #-863	@ 0xfffffca1
    1aac:	45565f43 	ldrbmi	r5, [r6, #-3907]	@ 0xfffff0bd
    1ab0:	4f495352 	svcmi	0x00495352
    1ab4:	205f5f4e 	subscs	r5, pc, lr, asr #30
    1ab8:	31313032 	teqcc	r1, r2, lsr r0
    1abc:	004c3231 	subeq	r3, ip, r1, lsr r2
    1ac0:	4e495f5f 	mcrmi	15, 2, r5, cr9, cr15, {2}
    1ac4:	58414d54 	stmdapl	r1, {r2, r4, r6, r8, sl, fp, lr}^
    1ac8:	4449575f 	strbmi	r5, [r9], #-1887	@ 0xfffff8a1
    1acc:	5f5f4854 	svcpl	0x005f4854
    1ad0:	00343620 	eorseq	r3, r4, r0, lsr #12
    1ad4:	52415f5f 	subpl	r5, r1, #380	@ 0x17c
    1ad8:	45465f4d 	strbmi	r5, [r6, #-3917]	@ 0xfffff0b3
    1adc:	52555441 	subspl	r5, r5, #1090519040	@ 0x41000000
    1ae0:	44435f45 	strbmi	r5, [r3], #-3909	@ 0xfffff0bb
    1ae4:	5f5f0045 	svcpl	0x005f0045
    1ae8:	5f4c4244 	svcpl	0x004c4244
    1aec:	495f5349 	ldmdbmi	pc, {r0, r3, r6, r8, r9, ip, lr}^	@ <UNPREDICTABLE>
    1af0:	365f4345 	ldrbcc	r4, [pc], -r5, asr #6
    1af4:	39353530 	ldmdbcc	r5!, {r4, r5, r8, sl, ip, sp}
    1af8:	31205f5f 			@ <UNDEFINED> instruction: 0x31205f5f
    1afc:	495f5f00 	ldmdbmi	pc, {r8, r9, sl, fp, ip, lr}^	@ <UNPREDICTABLE>
    1b00:	4c5f544e 	cfldrdmi	mvd5, [pc], {78}	@ 0x4e
    1b04:	54534145 	ldrbpl	r4, [r3], #-325	@ 0xfffffebb
    1b08:	545f3631 	ldrbpl	r3, [pc], #-1585	@ 1b10 <vector_table-0x7ffe4f0>
    1b0c:	5f455059 	svcpl	0x00455059
    1b10:	6873205f 	ldmdavs	r3!, {r0, r1, r2, r3, r4, r6, sp}^
    1b14:	2074726f 	rsbscs	r7, r4, pc, ror #4
    1b18:	00746e69 	rsbseq	r6, r4, r9, ror #28
    1b1c:	4c465f5f 	mcrrmi	15, 5, r5, r6, cr15
    1b20:	5f343654 	svcpl	0x00343654
    1b24:	5f534148 	svcpl	0x00534148
    1b28:	45495551 	strbmi	r5, [r9, #-1361]	@ 0xfffffaaf
    1b2c:	414e5f54 	cmpmi	lr, r4, asr pc
    1b30:	205f5f4e 	subscs	r5, pc, lr, asr #30
    1b34:	5f5f0031 	svcpl	0x005f0031
    1b38:	4152464c 	cmpmi	r2, ip, asr #12
    1b3c:	465f5443 	ldrbmi	r5, [pc], -r3, asr #8
    1b40:	5f544942 	svcpl	0x00544942
    1b44:	3133205f 	teqcc	r3, pc, asr r0
    1b48:	544e4900 	strbpl	r4, [lr], #-2304	@ 0xfffff700
    1b4c:	5341465f 	movtpl	r4, #5727	@ 0x165f
    1b50:	4d5f3854 	ldclmi	8, cr3, [pc, #-336]	@ 1a08 <vector_table-0x7ffe5f8>
    1b54:	28204e49 	stmdacs	r0!, {r0, r3, r6, r9, sl, fp, lr}
    1b58:	544e492d 	strbpl	r4, [lr], #-2349	@ 0xfffff6d3
    1b5c:	5341465f 	movtpl	r4, #5727	@ 0x165f
    1b60:	4d5f3854 	ldclmi	8, cr3, [pc, #-336]	@ 1a18 <vector_table-0x7ffe5e8>
    1b64:	2d205841 	stccs	8, cr5, [r0, #-260]!	@ 0xfffffefc
    1b68:	00293120 	eoreq	r3, r9, r0, lsr #2
    1b6c:	656e5f5f 	strbvs	r5, [lr, #-3935]!	@ 0xfffff0a1
    1b70:	775f6465 	ldrbvc	r6, [pc, -r5, ror #8]
    1b74:	72616863 	rsbvc	r6, r1, #6488064	@ 0x630000
    1b78:	5f00745f 	svcpl	0x0000745f
    1b7c:	554e475f 	strbpl	r4, [lr, #-1887]	@ 0xfffff8a1
    1b80:	54535f43 	ldrbpl	r5, [r3], #-3907	@ 0xfffff0bd
    1b84:	495f4344 	ldmdbmi	pc, {r2, r6, r8, r9, lr}^	@ <UNPREDICTABLE>
    1b88:	4e494c4e 	cdpmi	12, 4, cr4, cr9, cr14, {2}
    1b8c:	205f5f45 	subscs	r5, pc, r5, asr #30
    1b90:	5f5f0031 	svcpl	0x005f0031
    1b94:	5f4c4244 	svcpl	0x004c4244
    1b98:	5f474944 	svcpl	0x00474944
    1b9c:	3531205f 	ldrcc	r2, [r1, #-95]!	@ 0xffffffa1
    1ba0:	445f5f00 	ldrbmi	r5, [pc], #-3840	@ 1ba8 <vector_table-0x7ffe458>
    1ba4:	4e494645 	cdpmi	6, 4, cr4, cr9, cr5, {2}
    1ba8:	775f4445 	ldrbvc	r4, [pc, -r5, asr #8]
    1bac:	72616863 	rsbvc	r6, r1, #6488064	@ 0x630000
    1bb0:	0020745f 	eoreq	r7, r0, pc, asr r4
    1bb4:	52415f5f 	subpl	r5, r1, #380	@ 0x17c
    1bb8:	5f4c454d 	svcpl	0x004c454d
    1bbc:	0031205f 	eorseq	r2, r1, pc, asr r0
    1bc0:	52415f5f 	subpl	r5, r1, #380	@ 0x17c
    1bc4:	52415f4d 	subpl	r5, r1, #308	@ 0x134
    1bc8:	495f4843 	ldmdbmi	pc, {r0, r1, r6, fp, lr}^	@ <UNPREDICTABLE>
    1bcc:	545f4153 	ldrbpl	r4, [pc], #-339	@ 1bd4 <vector_table-0x7ffe42c>
    1bd0:	424d5548 	submi	r5, sp, #72, 10	@ 0x12000000
    1bd4:	4c5f5f00 	mrrcmi	15, 0, r5, pc, cr0	@ <UNPREDICTABLE>
    1bd8:	55434341 	strbpl	r4, [r3, #-833]	@ 0xfffffcbf
    1bdc:	42465f4d 	submi	r5, r6, #308	@ 0x134
    1be0:	5f5f5449 	svcpl	0x005f5449
    1be4:	00313320 	eorseq	r3, r1, r0, lsr #6
    1be8:	54555f5f 	ldrbpl	r5, [r5], #-3935	@ 0xfffff0a1
    1bec:	42495f51 	submi	r5, r9, #324	@ 0x144
    1bf0:	5f5f5449 	svcpl	0x005f5449
    1bf4:	53003020 	movwpl	r3, #32
    1bf8:	5f455a49 	svcpl	0x00455a49
    1bfc:	0058414d 	subseq	r4, r8, sp, asr #2
    1c00:	4c465f5f 	mcrrmi	15, 5, r5, r6, cr15
    1c04:	494d5f54 	stmdbmi	sp, {r2, r4, r6, r8, r9, sl, fp, ip, lr}^
    1c08:	205f5f4e 	subscs	r5, pc, lr, asr #30
    1c0c:	37312e31 			@ <UNDEFINED> instruction: 0x37312e31
    1c10:	34393435 	ldrtcc	r3, [r9], #-1077	@ 0xfffffbcb
    1c14:	38303533 	ldmdacc	r0!, {r0, r1, r4, r5, r8, sl, ip, sp}
    1c18:	38323232 	ldmdacc	r2!, {r1, r4, r5, r9, ip, sp}
    1c1c:	2d653537 	cfstr64cs	mvdx3, [r5, #-220]!	@ 0xffffff24
    1c20:	00463833 	subeq	r3, r6, r3, lsr r8
    1c24:	74736574 	ldrbtvc	r6, [r3], #-1396	@ 0xfffffa8c
    1c28:	0074735f 	rsbseq	r7, r4, pc, asr r3
    1c2c:	4c465f5f 	mcrrmi	15, 5, r5, r6, cr15
    1c30:	58323354 	ldmdapl	r2!, {r2, r4, r6, r8, r9, ip, sp}
    1c34:	4749445f 	smlsldmi	r4, r9, pc, r4	@ <UNPREDICTABLE>
    1c38:	31205f5f 			@ <UNDEFINED> instruction: 0x31205f5f
    1c3c:	5f5f0035 	svcpl	0x005f0035
    1c40:	55434341 	strbpl	r4, [r3, #-833]	@ 0xfffffcbf
    1c44:	50455f4d 	subpl	r5, r5, sp, asr #30
    1c48:	4f4c4953 	svcmi	0x004c4953
    1c4c:	205f5f4e 	subscs	r5, pc, lr, asr #30
    1c50:	50317830 	eorspl	r7, r1, r0, lsr r8
    1c54:	4b35312d 	blmi	d4e110 <vector_table-0x72b1ef0>
    1c58:	555f5f00 	ldrbpl	r5, [pc, #-3840]	@ d60 <vector_table-0x7fff2a0>
    1c5c:	465f5144 	ldrbmi	r5, [pc], -r4, asr #2
    1c60:	5f544942 	svcpl	0x00544942
    1c64:	3436205f 	ldrtcc	r2, [r6], #-95	@ 0xffffffa1
    1c68:	495f5f00 	ldmdbmi	pc, {r8, r9, sl, fp, ip, lr}^	@ <UNPREDICTABLE>
    1c6c:	465f544e 	ldrbmi	r5, [pc], -lr, asr #8
    1c70:	31545341 	cmpcc	r4, r1, asr #6
    1c74:	414d5f36 	cmpmi	sp, r6, lsr pc
    1c78:	205f5f58 	subscs	r5, pc, r8, asr pc	@ <UNPREDICTABLE>
    1c7c:	66377830 			@ <UNDEFINED> instruction: 0x66377830
    1c80:	66666666 	strbtvs	r6, [r6], -r6, ror #12
    1c84:	5f006666 	svcpl	0x00006666
    1c88:	4d52415f 	ldfmie	f4, [r2, #-380]	@ 0xfffffe84
    1c8c:	4352415f 	cmpmi	r2, #-1073741801	@ 0xc0000017
    1c90:	53495f48 	movtpl	r5, #40776	@ 0x9f48
    1c94:	48545f41 	ldmdami	r4, {r0, r6, r8, r9, sl, fp, ip, lr}^
    1c98:	20424d55 	subcs	r4, r2, r5, asr sp
    1c9c:	49550032 	ldmdbmi	r5, {r1, r4, r5}^
    1ca0:	465f544e 	ldrbmi	r5, [pc], -lr, asr #8
    1ca4:	33545341 	cmpcc	r4, #67108865	@ 0x4000001
    1ca8:	414d5f32 	cmpmi	sp, r2, lsr pc
    1cac:	5f5f2058 	svcpl	0x005f2058
    1cb0:	544e4955 	strbpl	r4, [lr], #-2389	@ 0xfffff6ab
    1cb4:	5341465f 	movtpl	r4, #5727	@ 0x165f
    1cb8:	5f323354 	svcpl	0x00323354
    1cbc:	5f58414d 	svcpl	0x0058414d
    1cc0:	5f5f005f 	svcpl	0x005f005f
    1cc4:	5f515455 	svcpl	0x00515455
    1cc8:	54494246 	strbpl	r4, [r9], #-582	@ 0xfffffdba
    1ccc:	31205f5f 			@ <UNDEFINED> instruction: 0x31205f5f
    1cd0:	5f003832 	svcpl	0x00003832
    1cd4:	4843575f 	stmdami	r3, {r0, r1, r2, r3, r4, r6, r8, r9, sl, ip, lr}^
    1cd8:	545f5241 	ldrbpl	r5, [pc], #-577	@ 1ce0 <vector_table-0x7ffe320>
    1cdc:	5f5f0020 	svcpl	0x005f0020
    1ce0:	52414843 	subpl	r4, r1, #4390912	@ 0x430000
    1ce4:	5449425f 	strbpl	r4, [r9], #-607	@ 0xfffffda1
    1ce8:	38205f5f 	stmdacc	r0!, {r0, r1, r2, r3, r4, r6, r8, r9, sl, fp, ip, lr}
    1cec:	48435700 	stmdami	r3, {r8, r9, sl, ip, lr}^
    1cf0:	4d5f5241 	lfmmi	f5, 2, [pc, #-260]	@ 1bf4 <vector_table-0x7ffe40c>
    1cf4:	5f004e49 	svcpl	0x00004e49
    1cf8:	544c465f 	strbpl	r4, [ip], #-1631	@ 0xfffff9a1
    1cfc:	5f583233 	svcpl	0x00583233
    1d00:	495f5349 	ldmdbmi	pc, {r0, r3, r6, r8, r9, ip, lr}^	@ <UNPREDICTABLE>
    1d04:	365f4345 	ldrbcc	r4, [pc], -r5, asr #6
    1d08:	39353530 	ldmdbcc	r5!, {r4, r5, r8, sl, ip, sp}
    1d0c:	31205f5f 			@ <UNDEFINED> instruction: 0x31205f5f
    1d10:	415f5f00 	cmpmi	pc, r0, lsl #30
    1d14:	465f4d52 			@ <UNDEFINED> instruction: 0x465f4d52
    1d18:	5f5f0050 	svcpl	0x005f0050
    1d1c:	50544e49 	subspl	r4, r4, r9, asr #28
    1d20:	575f5254 			@ <UNDEFINED> instruction: 0x575f5254
    1d24:	48544449 	ldmdami	r4, {r0, r3, r6, sl, lr}^
    1d28:	33205f5f 			@ <UNDEFINED> instruction: 0x33205f5f
    1d2c:	5f5f0032 	svcpl	0x005f0032
    1d30:	544e4955 	strbpl	r4, [lr], #-2389	@ 0xfffff6ab
    1d34:	41454c5f 	cmpmi	r5, pc, asr ip
    1d38:	5f385453 	svcpl	0x00385453
    1d3c:	45505954 	ldrbmi	r5, [r0, #-2388]	@ 0xfffff6ac
    1d40:	75205f5f 	strvc	r5, [r0, #-3935]!	@ 0xfffff0a1
    1d44:	6769736e 	strbvs	r7, [r9, -lr, ror #6]!
    1d48:	2064656e 	rsbcs	r6, r4, lr, ror #10
    1d4c:	72616863 	rsbvc	r6, r1, #6488064	@ 0x630000
    1d50:	4c5f5f00 	mrrcmi	15, 0, r5, pc, cr0	@ <UNPREDICTABLE>
    1d54:	5f4c4244 	svcpl	0x004c4244
    1d58:	5f58414d 	svcpl	0x0058414d
    1d5c:	2e31205f 	mrccs	0, 1, r2, cr1, cr15, {2}
    1d60:	36373937 			@ <UNDEFINED> instruction: 0x36373937
    1d64:	33313339 	teqcc	r1, #-469762048	@ 0xe4000000
    1d68:	32363834 	eorscc	r3, r6, #52, 16	@ 0x340000
    1d6c:	37353133 			@ <UNDEFINED> instruction: 0x37353133
    1d70:	30332b65 	eorscc	r2, r3, r5, ror #22
    1d74:	5f004c38 	svcpl	0x00004c38
    1d78:	4e49465f 	mcrmi	6, 2, r4, cr9, cr15, {2}
    1d7c:	5f455449 	svcpl	0x00455449
    1d80:	4854414d 	ldmdami	r4, {r0, r2, r3, r6, r8, lr}^
    1d84:	4c4e4f5f 	mcrrmi	15, 5, r4, lr, cr15
    1d88:	205f5f59 	subscs	r5, pc, r9, asr pc	@ <UNPREDICTABLE>
    1d8c:	5f5f0030 	svcpl	0x005f0030
    1d90:	43434153 	movtmi	r4, #12627	@ 0x3153
    1d94:	4d5f4d55 	ldclmi	13, cr4, [pc, #-340]	@ 1c48 <vector_table-0x7ffe3b8>
    1d98:	5f5f5841 	svcpl	0x005f5841
    1d9c:	37583020 	ldrbcc	r3, [r8, -r0, lsr #32]
    1da0:	50464646 	subpl	r4, r6, r6, asr #12
    1da4:	4b48372d 	blmi	120fa60 <vector_table-0x6df05a0>
    1da8:	615f5f00 	cmpvs	pc, r0, lsl #30
    1dac:	5f5f6d72 	svcpl	0x005f6d72
    1db0:	5f003120 	svcpl	0x00003120
    1db4:	42444c5f 	submi	r4, r4, #24320	@ 0x5f00
    1db8:	414d5f4c 	cmpmi	sp, ip, asr #30
    1dbc:	445f544e 	ldrbmi	r5, [pc], #-1102	@ 1dc4 <vector_table-0x7ffe23c>
    1dc0:	5f5f4749 	svcpl	0x005f4749
    1dc4:	00333520 	eorseq	r3, r3, r0, lsr #10
    1dc8:	31544e49 	cmpcc	r4, r9, asr #28
    1dcc:	494d5f36 	stmdbmi	sp, {r1, r2, r4, r5, r8, r9, sl, fp, ip, lr}^
    1dd0:	2d28204e 	stccs	0, cr2, [r8, #-312]!	@ 0xfffffec8
    1dd4:	31544e49 	cmpcc	r4, r9, asr #28
    1dd8:	414d5f36 	cmpmi	sp, r6, lsr pc
    1ddc:	202d2058 	eorcs	r2, sp, r8, asr r0
    1de0:	5f002931 	svcpl	0x00002931
    1de4:	5f51545f 	svcpl	0x0051545f
    1de8:	54494249 	strbpl	r4, [r9], #-585	@ 0xfffffdb7
    1dec:	30205f5f 	eorcc	r5, r0, pc, asr pc
    1df0:	555f5f00 	ldrbpl	r5, [pc, #-3840]	@ ef8 <vector_table-0x7fff108>
    1df4:	465f4148 	ldrbmi	r4, [pc], -r8, asr #2
    1df8:	5f544942 	svcpl	0x00544942
    1dfc:	0038205f 	eorseq	r2, r8, pc, asr r0
    1e00:	50544e49 	subspl	r4, r4, r9, asr #28
    1e04:	4d5f5254 	lfmmi	f5, 2, [pc, #-336]	@ 1cbc <vector_table-0x7ffe344>
    1e08:	28204e49 	stmdacs	r0!, {r0, r3, r6, r9, sl, fp, lr}
    1e0c:	544e492d 	strbpl	r4, [lr], #-2349	@ 0xfffff6d3
    1e10:	5f525450 	svcpl	0x00525450
    1e14:	2058414d 	subscs	r4, r8, sp, asr #2
    1e18:	2931202d 	ldmdbcs	r1!, {r0, r2, r3, r5, sp}
    1e1c:	475f5f00 	ldrbmi	r5, [pc, -r0, lsl #30]
    1e20:	415f4343 	cmpmi	pc, r3, asr #6
    1e24:	465f4d53 			@ <UNDEFINED> instruction: 0x465f4d53
    1e28:	5f47414c 	svcpl	0x0047414c
    1e2c:	5054554f 	subspl	r5, r4, pc, asr #10
    1e30:	5f535455 	svcpl	0x00535455
    1e34:	0031205f 	eorseq	r2, r1, pc, asr r0
    1e38:	43475f5f 	movtmi	r5, #32607	@ 0x7f5f
    1e3c:	54415f43 	strbpl	r5, [r1], #-3907	@ 0xfffff0bd
    1e40:	43494d4f 	movtmi	r4, #40271	@ 0x9d4f
    1e44:	5345545f 	movtpl	r5, #21599	@ 0x545f
    1e48:	4e415f54 	mcrmi	15, 2, r5, cr1, cr4, {2}
    1e4c:	45535f44 	ldrbmi	r5, [r3, #-3908]	@ 0xfffff0bc
    1e50:	52545f54 	subspl	r5, r4, #84, 30	@ 0x150
    1e54:	41564555 	cmpmi	r6, r5, asr r5
    1e58:	0031204c 	eorseq	r2, r1, ip, asr #32
    1e5c:	5f544e49 	svcpl	0x00544e49
    1e60:	54534146 	ldrbpl	r4, [r3], #-326	@ 0xfffffeba
    1e64:	494d5f38 	stmdbmi	sp, {r3, r4, r5, r8, r9, sl, fp, ip, lr}^
    1e68:	5f5f004e 	svcpl	0x005f004e
    1e6c:	5f464c45 	svcpl	0x00464c45
    1e70:	0031205f 	eorseq	r2, r1, pc, asr r0
    1e74:	52415f5f 	subpl	r5, r1, #380	@ 0x17c
    1e78:	52415f4d 	subpl	r5, r1, #308	@ 0x134
    1e7c:	505f4843 	subspl	r4, pc, r3, asr #16
    1e80:	49464f52 	stmdbmi	r6, {r1, r4, r6, r8, r9, sl, fp, lr}^
    1e84:	5000454c 	andpl	r4, r0, ip, asr #10
    1e88:	53444e45 	movtpl	r4, #20037	@ 0x4e45
    1e8c:	52505f56 	subspl	r5, r0, #344	@ 0x158
    1e90:	4c5f4f49 	mrrcmi	15, 4, r4, pc, cr9	@ <UNPREDICTABLE>
    1e94:	5345574f 	movtpl	r5, #22351	@ 0x574f
    1e98:	30282054 	eorcc	r2, r8, r4, asr r0
    1e9c:	55464678 	strbpl	r4, [r6, #-1656]	@ 0xfffff988
    1ea0:	5f00294c 	svcpl	0x0000294c
    1ea4:	544e495f 	strbpl	r4, [lr], #-2399	@ 0xfffff6a1
    1ea8:	435f3631 	cmpmi	pc, #51380224	@ 0x3100000
    1eac:	20296328 	eorcs	r6, r9, r8, lsr #6
    1eb0:	5f5f0063 	svcpl	0x005f0063
    1eb4:	5f434347 	svcpl	0x00434347
    1eb8:	45564148 	ldrbmi	r4, [r6, #-328]	@ 0xfffffeb8
    1ebc:	4157445f 	cmpmi	r7, pc, asr r4
    1ec0:	5f324652 	svcpl	0x00324652
    1ec4:	5f494643 	svcpl	0x00494643
    1ec8:	204d5341 	subcs	r5, sp, r1, asr #6
    1ecc:	5f5f0031 	svcpl	0x005f0031
    1ed0:	544e4955 	strbpl	r4, [lr], #-2389	@ 0xfffff6ab
    1ed4:	4d5f3436 	cfldrdmi	mvd3, [pc, #-216]	@ 1e04 <vector_table-0x7ffe1fc>
    1ed8:	5f5f5841 	svcpl	0x005f5841
    1edc:	66783020 	ldrbtvs	r3, [r8], -r0, lsr #32
    1ee0:	66666666 	strbtvs	r6, [r6], -r6, ror #12
    1ee4:	66666666 	strbtvs	r6, [r6], -r6, ror #12
    1ee8:	66666666 	strbtvs	r6, [r6], -r6, ror #12
    1eec:	55666666 	strbpl	r6, [r6, #-1638]!	@ 0xfffff99a
    1ef0:	5f004c4c 	svcpl	0x00004c4c
    1ef4:	43414c5f 	movtmi	r4, #7263	@ 0x1c5f
    1ef8:	5f4d5543 	svcpl	0x004d5543
    1efc:	5f58414d 	svcpl	0x0058414d
    1f00:	5830205f 	ldmdapl	r0!, {r0, r1, r2, r3, r4, r6, sp}
    1f04:	46464637 			@ <UNDEFINED> instruction: 0x46464637
    1f08:	46464646 	strbmi	r4, [r6], -r6, asr #12
    1f0c:	46464646 	strbmi	r4, [r6], -r6, asr #12
    1f10:	46464646 	strbmi	r4, [r6], -r6, asr #12
    1f14:	31332d50 	teqcc	r3, r0, asr sp
    1f18:	5f004b4c 	svcpl	0x00004b4c
    1f1c:	544e495f 	strbpl	r4, [lr], #-2399	@ 0xfffff6a1
    1f20:	5341465f 	movtpl	r4, #5727	@ 0x165f
    1f24:	5f323354 	svcpl	0x00323354
    1f28:	5f58414d 	svcpl	0x0058414d
    1f2c:	7830205f 	ldmdavc	r0!, {r0, r1, r2, r3, r4, r6, sp}
    1f30:	66666637 			@ <UNDEFINED> instruction: 0x66666637
    1f34:	66666666 	strbtvs	r6, [r6], -r6, ror #12
    1f38:	555f5f00 	ldrbpl	r5, [pc, #-3840]	@ 1040 <vector_table-0x7ffefc0>
    1f3c:	41524653 	cmpmi	r2, r3, asr r6
    1f40:	455f5443 	ldrbmi	r5, [pc, #-1091]	@ 1b05 <vector_table-0x7ffe4fb>
    1f44:	4c495350 	mcrrmi	3, 5, r5, r9, cr0
    1f48:	5f5f4e4f 	svcpl	0x005f4e4f
    1f4c:	31783020 	cmncc	r8, r0, lsr #32
    1f50:	55382d50 	ldrpl	r2, [r8, #-3408]!	@ 0xfffff2b0
    1f54:	5f005248 	svcpl	0x00005248
    1f58:	4f54415f 	svcmi	0x0054415f
    1f5c:	5f43494d 	svcpl	0x0043494d
    1f60:	55514341 	ldrbpl	r4, [r1, #-833]	@ 0xfffffcbf
    1f64:	20455249 	subcs	r5, r5, r9, asr #4
    1f68:	4e490032 	mcrmi	0, 2, r0, cr9, cr2, {1}
    1f6c:	52545054 	subspl	r5, r4, #84	@ 0x54
    1f70:	4e494d5f 	mcrmi	13, 2, r4, cr9, cr15, {2}
    1f74:	415f5f00 	cmpmi	pc, r0, lsl #30
    1f78:	465f4d52 			@ <UNDEFINED> instruction: 0x465f4d52
    1f7c:	55544145 	ldrbpl	r4, [r4, #-325]	@ 0xfffffebb
    1f80:	435f4552 	cmpmi	pc, #343932928	@ 0x14800000
    1f84:	4f52504f 	svcmi	0x0052504f
    1f88:	35312043 	ldrcc	r2, [r1, #-67]!	@ 0xffffffbd
    1f8c:	535f5f00 	cmppl	pc, #0, 30
    1f90:	5f434454 	svcpl	0x00434454
    1f94:	0031205f 	eorseq	r2, r1, pc, asr r0
    1f98:	4843575f 	stmdami	r3, {r0, r1, r2, r3, r4, r6, r8, r9, sl, ip, lr}^
    1f9c:	545f5241 	ldrbpl	r5, [pc], #-577	@ 1fa4 <vector_table-0x7ffe05c>
    1fa0:	4645445f 			@ <UNDEFINED> instruction: 0x4645445f
    1fa4:	44454e49 	strbmi	r4, [r5], #-3657	@ 0xfffff1b7
    1fa8:	5f5f0020 	svcpl	0x005f0020
    1fac:	455a4953 	ldrbmi	r4, [sl, #-2387]	@ 0xfffff6ad
    1fb0:	4c5f464f 	mrrcmi	6, 4, r4, pc, cr15	@ <UNPREDICTABLE>
    1fb4:	5f474e4f 	svcpl	0x00474e4f
    1fb8:	0034205f 	eorseq	r2, r4, pc, asr r0
    1fbc:	42445f5f 	submi	r5, r4, #380	@ 0x17c
    1fc0:	414d5f4c 	cmpmi	sp, ip, asr #30
    1fc4:	58455f58 	stmdapl	r5, {r3, r4, r6, r8, r9, sl, fp, ip, lr}^
    1fc8:	205f5f50 	subscs	r5, pc, r0, asr pc	@ <UNPREDICTABLE>
    1fcc:	34323031 	ldrtcc	r3, [r2], #-49	@ 0xffffffcf
    1fd0:	735f5f00 	cmpvc	pc, #0, 30
    1fd4:	5f657a69 	svcpl	0x00657a69
    1fd8:	5f002074 	svcpl	0x00002074
    1fdc:	4f54415f 	svcmi	0x0054415f
    1fe0:	5f43494d 	svcpl	0x0043494d
    1fe4:	534e4f43 	movtpl	r4, #61251	@ 0xef43
    1fe8:	20454d55 	subcs	r4, r5, r5, asr sp
    1fec:	54500031 	ldrbpl	r0, [r0], #-49	@ 0xffffffcf
    1ff0:	46494452 			@ <UNDEFINED> instruction: 0x46494452
    1ff4:	414d5f46 	cmpmi	sp, r6, asr #30
    1ff8:	5f5f0058 	svcpl	0x005f0058
    1ffc:	5f544e49 	svcpl	0x00544e49
    2000:	54534146 	ldrbpl	r4, [r3], #-326	@ 0xfffffeba
    2004:	575f3233 	smmlarpl	pc, r3, r2, r3	@ <UNPREDICTABLE>
    2008:	48544449 	ldmdami	r4, {r0, r3, r6, sl, lr}^
    200c:	33205f5f 			@ <UNDEFINED> instruction: 0x33205f5f
    2010:	5f5f0032 	svcpl	0x005f0032
    2014:	5f4d5241 	svcpl	0x004d5241
    2018:	36314642 	ldrtcc	r4, [r1], -r2, asr #12
    201c:	524f465f 	subpl	r4, pc, #99614720	@ 0x5f00000
    2020:	5f54414d 	svcpl	0x0054414d
    2024:	45544c41 	ldrbmi	r4, [r4, #-3137]	@ 0xfffff3bf
    2028:	54414e52 	strbpl	r4, [r1], #-3666	@ 0xfffff1ae
    202c:	00455649 	subeq	r5, r5, r9, asr #12
    2030:	49575f5f 	ldmdbmi	r7, {r0, r1, r2, r3, r4, r6, r8, r9, sl, fp, ip, lr}^
    2034:	545f544e 	ldrbpl	r5, [pc], #-1102	@ 203c <vector_table-0x7ffdfc4>
    2038:	5f455059 	svcpl	0x00455059
    203c:	6e75205f 	mrcvs	0, 3, r2, cr5, cr15, {2}
    2040:	6e676973 			@ <UNDEFINED> instruction: 0x6e676973
    2044:	69206465 	stmdbvs	r0!, {r0, r2, r5, r6, sl, sp, lr}
    2048:	5f00746e 	svcpl	0x0000746e
    204c:	4e4f4c5f 	mcrmi	12, 2, r4, cr15, cr15, {2}
    2050:	414d5f47 	cmpmi	sp, r7, asr #30
    2054:	205f5f58 	subscs	r5, pc, r8, asr pc	@ <UNPREDICTABLE>
    2058:	66377830 			@ <UNDEFINED> instruction: 0x66377830
    205c:	66666666 	strbtvs	r6, [r6], -r6, ror #12
    2060:	004c6666 	subeq	r6, ip, r6, ror #12
    2064:	4e495f5f 	mcrmi	15, 2, r5, cr9, cr15, {2}
    2068:	5f363154 	svcpl	0x00363154
    206c:	5f58414d 	svcpl	0x0058414d
    2070:	7830205f 	ldmdavc	r0!, {r0, r1, r2, r3, r4, r6, sp}
    2074:	66666637 			@ <UNDEFINED> instruction: 0x66666637
    2078:	555f5f00 	ldrbpl	r5, [pc, #-3840]	@ 1180 <vector_table-0x7ffee80>
    207c:	4152464c 	cmpmi	r2, ip, asr #12
    2080:	465f5443 	ldrbmi	r5, [pc], -r3, asr #8
    2084:	5f544942 	svcpl	0x00544942
    2088:	3233205f 	eorscc	r2, r3, #95	@ 0x5f
    208c:	535f5f00 	cmppl	pc, #0, 30
    2090:	52414843 	subpl	r4, r1, #4390912	@ 0x430000
    2094:	4449575f 	strbmi	r5, [r9], #-1887	@ 0xfffff8a1
    2098:	5f5f4854 	svcpl	0x005f4854
    209c:	5f003820 	svcpl	0x00003820
    20a0:	43575f54 	cmpmi	r7, #84, 30	@ 0x150
    20a4:	5f524148 	svcpl	0x00524148
    20a8:	5f5f0020 	svcpl	0x005f0020
    20ac:	55434341 	strbpl	r4, [r3, #-833]	@ 0xfffffcbf
    20b0:	494d5f4d 	stmdbmi	sp, {r0, r2, r3, r6, r8, r9, sl, fp, ip, lr}^
    20b4:	205f5f4e 	subscs	r5, pc, lr, asr #30
    20b8:	58302d28 	ldmdapl	r0!, {r3, r5, r8, sl, fp, sp}
    20bc:	35315031 	ldrcc	r5, [r1, #-49]!	@ 0xffffffcf
    20c0:	58302d4b 	ldmdapl	r0!, {r0, r1, r3, r6, r8, sl, fp, sp}
    20c4:	35315031 	ldrcc	r5, [r1, #-49]!	@ 0xffffffcf
    20c8:	5f00294b 	svcpl	0x0000294b
    20cc:	5a49535f 	bpl	1256e50 <vector_table-0x6da91b0>
    20d0:	5f464f45 	svcpl	0x00464f45
    20d4:	42554f44 	subsmi	r4, r5, #68, 30	@ 0x110
    20d8:	5f5f454c 	svcpl	0x005f454c
    20dc:	5f003820 	svcpl	0x00003820
    20e0:	554e475f 	strbpl	r4, [lr, #-1887]	@ 0xfffff8a1
    20e4:	41505f43 	cmpmi	r0, r3, asr #30
    20e8:	4c484354 	mcrrmi	3, 5, r4, r8, cr4
    20ec:	4c455645 	mcrrmi	6, 4, r5, r5, cr5
    20f0:	31205f5f 			@ <UNDEFINED> instruction: 0x31205f5f
    20f4:	72617000 	rsbvc	r7, r1, #0
    20f8:	55006d61 	strpl	r6, [r0, #-3425]	@ 0xfffff29f
    20fc:	5f544e49 	svcpl	0x00544e49
    2100:	5341454c 	movtpl	r4, #5452	@ 0x154c
    2104:	5f343654 	svcpl	0x00343654
    2108:	2058414d 	subscs	r4, r8, sp, asr #2
    210c:	49555f5f 	ldmdbmi	r5, {r0, r1, r2, r3, r4, r6, r8, r9, sl, fp, ip, lr}^
    2110:	4c5f544e 	cfldrdmi	mvd5, [pc], {78}	@ 0x4e
    2114:	54534145 	ldrbpl	r4, [r3], #-325	@ 0xfffffebb
    2118:	4d5f3436 	cfldrdmi	mvd3, [pc, #-216]	@ 2048 <vector_table-0x7ffdfb8>
    211c:	5f5f5841 	svcpl	0x005f5841
    2120:	475f5f00 	ldrbmi	r5, [pc, -r0, lsl #30]
    2124:	545f5858 	ldrbpl	r5, [pc], #-2136	@ 212c <vector_table-0x7ffded4>
    2128:	49455059 	stmdbmi	r5, {r0, r3, r4, r6, ip, lr}^
    212c:	5f4f464e 	svcpl	0x004f464e
    2130:	41555145 	cmpmi	r5, r5, asr #2
    2134:	5954494c 	ldmdbpl	r4, {r2, r3, r6, r8, fp, lr}^
    2138:	4c4e495f 	mcrrmi	9, 5, r4, lr, cr15	@ <UNPREDICTABLE>
    213c:	20454e49 	subcs	r4, r5, r9, asr #28
    2140:	5f5f0030 	svcpl	0x005f0030
    2144:	43415246 	movtmi	r5, #4678	@ 0x1246
    2148:	414d5f54 	cmpmi	sp, r4, asr pc
    214c:	205f5f58 	subscs	r5, pc, r8, asr pc	@ <UNPREDICTABLE>
    2150:	46375830 			@ <UNDEFINED> instruction: 0x46375830
    2154:	2d504646 	ldclcs	6, cr4, [r0, #-280]	@ 0xfffffee8
    2158:	00523531 	subseq	r3, r2, r1, lsr r5
    215c:	49575f5f 	ldmdbmi	r7, {r0, r1, r2, r3, r4, r6, r8, r9, sl, fp, ip, lr}^
    2160:	4d5f544e 	cfldrdmi	mvd5, [pc, #-312]	@ 2030 <vector_table-0x7ffdfd0>
    2164:	5f5f4e49 	svcpl	0x005f4e49
    2168:	00553020 	subseq	r3, r5, r0, lsr #32
    216c:	4c555f5f 	mrrcmi	15, 5, r5, r5, cr15	@ <UNPREDICTABLE>
    2170:	55434341 	strbpl	r4, [r3, #-833]	@ 0xfffffcbf
    2174:	42465f4d 	submi	r5, r6, #308	@ 0x134
    2178:	5f5f5449 	svcpl	0x005f5449
    217c:	00323320 	eorseq	r3, r2, r0, lsr #6
    2180:	4c465f5f 	mcrrmi	15, 5, r5, r6, cr15
    2184:	4f4e5f54 	svcmi	0x004e5f54
    2188:	4d5f4d52 	ldclmi	13, cr4, [pc, #-328]	@ 2048 <vector_table-0x7ffdfb8>
    218c:	5f5f5841 	svcpl	0x005f5841
    2190:	342e3320 	strtcc	r3, [lr], #-800	@ 0xfffffce0
    2194:	32383230 	eorscc	r3, r8, #48, 4
    2198:	36363433 			@ <UNDEFINED> instruction: 0x36363433
    219c:	32353833 	eorscc	r3, r5, #3342336	@ 0x330000
    21a0:	65363838 	ldrvs	r3, [r6, #-2104]!	@ 0xfffff7c8
    21a4:	4638332b 	ldrtmi	r3, [r8], -fp, lsr #6
    21a8:	555f5f00 	ldrbpl	r5, [pc, #-3840]	@ 12b0 <vector_table-0x7ffed50>
    21ac:	43415246 	movtmi	r5, #4678	@ 0x1246
    21b0:	494d5f54 	stmdbmi	sp, {r2, r4, r6, r8, r9, sl, fp, ip, lr}^
    21b4:	205f5f4e 	subscs	r5, pc, lr, asr #30
    21b8:	55302e30 	ldrpl	r2, [r0, #-3632]!	@ 0xfffff1d0
    21bc:	5f5f0052 	svcpl	0x005f0052
    21c0:	5f4d5241 	svcpl	0x004d5241
    21c4:	4e4f454e 	cdpmi	5, 4, cr4, cr15, cr14, {2}
    21c8:	0050465f 	subseq	r4, r0, pc, asr r6
    21cc:	544e4955 	strbpl	r4, [lr], #-2389	@ 0xfffff6ab
    21d0:	435f3233 	cmpmi	pc, #805306371	@ 0x30000003
    21d4:	20296328 	eorcs	r6, r9, r8, lsr #6
    21d8:	49555f5f 	ldmdbmi	r5, {r0, r1, r2, r3, r4, r6, r8, r9, sl, fp, ip, lr}^
    21dc:	3233544e 	eorscc	r5, r3, #1308622848	@ 0x4e000000
    21e0:	6328435f 			@ <UNDEFINED> instruction: 0x6328435f
    21e4:	5f5f0029 	svcpl	0x005f0029
    21e8:	43445453 	movtmi	r5, #17491	@ 0x4453
    21ec:	4654555f 			@ <UNDEFINED> instruction: 0x4654555f
    21f0:	5f36315f 	svcpl	0x0036315f
    21f4:	0031205f 	eorseq	r2, r1, pc, asr r0
    21f8:	4c555f5f 	mrrcmi	15, 5, r5, r5, cr15	@ <UNPREDICTABLE>
    21fc:	4343414c 	movtmi	r4, #12620	@ 0x314c
    2200:	495f4d55 	ldmdbmi	pc, {r0, r2, r4, r6, r8, sl, fp, lr}^	@ <UNPREDICTABLE>
    2204:	5f544942 	svcpl	0x00544942
    2208:	3233205f 	eorscc	r2, r3, #95	@ 0x5f
    220c:	544e4900 	strbpl	r4, [lr], #-2304	@ 0xfffff700
    2210:	4d5f3436 	cfldrdmi	mvd3, [pc, #-216]	@ 2140 <vector_table-0x7ffdec0>
    2214:	5f205841 	svcpl	0x00205841
    2218:	544e495f 	strbpl	r4, [lr], #-2399	@ 0xfffff6a1
    221c:	4d5f3436 	cfldrdmi	mvd3, [pc, #-216]	@ 214c <vector_table-0x7ffdeb4>
    2220:	5f5f5841 	svcpl	0x005f5841
    2224:	4e495500 	cdpmi	5, 4, cr5, cr9, cr0, {0}
    2228:	41465f54 	cmpmi	r6, r4, asr pc
    222c:	32335453 	eorscc	r5, r3, #1392508928	@ 0x53000000
    2230:	58414d5f 	stmdapl	r1, {r0, r1, r2, r3, r4, r6, r8, sl, fp, lr}^
    2234:	465f5f00 	ldrbmi	r5, [pc], -r0, lsl #30
    2238:	54434152 	strbpl	r4, [r3], #-338	@ 0xfffffeae
    223c:	4942495f 	stmdbmi	r2, {r0, r1, r2, r3, r4, r6, r8, fp, lr}^
    2240:	205f5f54 	subscs	r5, pc, r4, asr pc	@ <UNPREDICTABLE>
    2244:	5f5f0030 	svcpl	0x005f0030
    2248:	4c42444c 	cfstrdmi	mvd4, [r2], {76}	@ 0x4c
    224c:	4e494d5f 	mcrmi	13, 2, r4, cr9, cr15, {2}
    2250:	32205f5f 	eorcc	r5, r0, #380	@ 0x17c
    2254:	3532322e 	ldrcc	r3, [r2, #-558]!	@ 0xfffffdd2
    2258:	38333730 	ldmdacc	r3!, {r4, r5, r8, r9, sl, ip, sp}
    225c:	30353835 	eorscc	r3, r5, r5, lsr r8
    2260:	31303237 	teqcc	r0, r7, lsr r2
    2264:	332d6534 			@ <UNDEFINED> instruction: 0x332d6534
    2268:	004c3830 	subeq	r3, ip, r0, lsr r8
    226c:	4d544e49 	ldclmi	14, cr4, [r4, #-292]	@ 0xfffffedc
    2270:	435f5841 	cmpmi	pc, #4259840	@ 0x410000
    2274:	20296328 	eorcs	r6, r9, r8, lsr #6
    2278:	4e495f5f 	mcrmi	15, 2, r5, cr9, cr15, {2}
    227c:	58414d54 	stmdapl	r1, {r2, r4, r6, r8, sl, fp, lr}^
    2280:	6328435f 			@ <UNDEFINED> instruction: 0x6328435f
    2284:	5f5f0029 	svcpl	0x005f0029
    2288:	4c42444c 	cfstrdmi	mvd4, [r2], {76}	@ 0x4c
    228c:	5341485f 	movtpl	r4, #6239	@ 0x185f
    2290:	464e495f 			@ <UNDEFINED> instruction: 0x464e495f
    2294:	54494e49 	strbpl	r4, [r9], #-3657	@ 0xfffff1b7
    2298:	205f5f59 	subscs	r5, pc, r9, asr pc	@ <UNPREDICTABLE>
    229c:	5f5f0031 	svcpl	0x005f0031
    22a0:	5f434347 	svcpl	0x00434347
    22a4:	5f434549 	svcpl	0x00434549
    22a8:	5f393535 	svcpl	0x00393535
    22ac:	504d4f43 	subpl	r4, sp, r3, asr #30
    22b0:	2058454c 	subscs	r4, r8, ip, asr #10
    22b4:	5f5f0030 	svcpl	0x005f0030
    22b8:	544e4955 	strbpl	r4, [lr], #-2389	@ 0xfffff6ab
    22bc:	4d5f3233 	lfmmi	f3, 2, [pc, #-204]	@ 21f8 <vector_table-0x7ffde08>
    22c0:	5f5f5841 	svcpl	0x005f5841
    22c4:	66783020 	ldrbtvs	r3, [r8], -r0, lsr #32
    22c8:	66666666 	strbtvs	r6, [r6], -r6, ror #12
    22cc:	55666666 	strbpl	r6, [r6, #-1638]!	@ 0xfffff99a
    22d0:	682f004c 	stmdavs	pc!, {r2, r3, r6}	@ <UNPREDICTABLE>
    22d4:	2f656d6f 	svccs	0x00656d6f
    22d8:	616c6173 	smcvs	50707	@ 0xc613
    22dc:	6f632f68 	svcvs	0x00632f68
    22e0:	78657472 	stmdavc	r5!, {r1, r4, r5, r6, sl, ip, sp, lr}^
    22e4:	2d336d2d 	ldccs	13, cr6, [r3, #-180]!	@ 0xffffff4c
    22e8:	7261656c 	rsbvc	r6, r1, #108, 10	@ 0x1b000000
    22ec:	676e696e 	strbvs	r6, [lr, -lr, ror #18]!
    22f0:	6d72612f 	ldfvse	f6, [r2, #-188]!	@ 0xffffff44
    22f4:	726f632d 	rsbvc	r6, pc, #-1275068416	@ 0xb4000000
    22f8:	2d786574 	cfldr64cs	mvdx6, [r8, #-464]!	@ 0xfffffe30
    22fc:	722d334d 	eorvc	r3, sp, #872415233	@ 0x34000001
    2300:	646e756f 	strbtvs	r7, [lr], #-1391	@ 0xfffffa91
    2304:	626f722d 	rsbvs	r7, pc, #-805306366	@ 0xd0000002
    2308:	732d6e69 			@ <UNDEFINED> instruction: 0x732d6e69
    230c:	64656863 	strbtvs	r6, [r5], #-2147	@ 0xfffff79d
    2310:	72656c75 	rsbvc	r6, r5, #29952	@ 0x7500
    2314:	4c5f5f00 	mrrcmi	15, 0, r5, pc, cr0	@ <UNPREDICTABLE>
    2318:	5f4c4244 	svcpl	0x004c4244
    231c:	5f4e494d 	svcpl	0x004e494d
    2320:	5f505845 	svcpl	0x00505845
    2324:	2d28205f 	stccs	0, cr2, [r8, #-380]!	@ 0xfffffe84
    2328:	31323031 	teqcc	r2, r1, lsr r0
    232c:	5f5f0029 	svcpl	0x005f0029
    2330:	464c4c55 			@ <UNDEFINED> instruction: 0x464c4c55
    2334:	54434152 	strbpl	r4, [r3], #-338	@ 0xfffffeae
    2338:	4942465f 	stmdbmi	r2, {r0, r1, r2, r3, r4, r6, r9, sl, lr}^
    233c:	205f5f54 	subscs	r5, pc, r4, asr pc	@ <UNPREDICTABLE>
    2340:	5f003436 	svcpl	0x00003436
    2344:	5a49535f 	bpl	12570c8 <vector_table-0x6da8f38>
    2348:	5f464f45 	svcpl	0x00464f45
    234c:	41484357 	cmpmi	r8, r7, asr r3
    2350:	5f545f52 	svcpl	0x00545f52
    2354:	0034205f 	eorseq	r2, r4, pc, asr r0
    2358:	544e4955 	strbpl	r4, [lr], #-2389	@ 0xfffff6ab
    235c:	28435f38 	stmdacs	r3, {r3, r4, r5, r8, r9, sl, fp, ip, lr}^
    2360:	5f202963 	svcpl	0x00202963
    2364:	4e49555f 	mcrmi	5, 2, r5, cr9, cr15, {2}
    2368:	435f3854 	cmpmi	pc, #84, 16	@ 0x540000
    236c:	00296328 	eoreq	r6, r9, r8, lsr #6
    2370:	4c465f5f 	mcrrmi	15, 5, r5, r6, cr15
    2374:	5f54414f 	svcpl	0x0054414f
    2378:	44524f57 	ldrbmi	r4, [r2], #-3927	@ 0xfffff0a9
    237c:	44524f5f 	ldrbmi	r4, [r2], #-3935	@ 0xfffff0a1
    2380:	5f5f5245 	svcpl	0x005f5245
    2384:	4f5f5f20 	svcmi	0x005f5f20
    2388:	52454452 	subpl	r4, r5, #1375731712	@ 0x52000000
    238c:	54494c5f 	strbpl	r4, [r9], #-3167	@ 0xfffff3a1
    2390:	5f454c54 	svcpl	0x00454c54
    2394:	49444e45 	stmdbmi	r4, {r0, r2, r6, r9, sl, fp, lr}^
    2398:	5f5f4e41 	svcpl	0x005f4e41
    239c:	415f5f00 	cmpmi	pc, r0, lsl #30
    23a0:	4d554343 	ldclmi	3, cr4, [r5, #-268]	@ 0xfffffef4
    23a4:	58414d5f 	stmdapl	r1, {r0, r1, r2, r3, r4, r6, r8, sl, fp, lr}^
    23a8:	30205f5f 	eorcc	r5, r0, pc, asr pc
    23ac:	46463758 			@ <UNDEFINED> instruction: 0x46463758
    23b0:	46464646 	strbmi	r4, [r6], -r6, asr #12
    23b4:	312d5046 			@ <UNDEFINED> instruction: 0x312d5046
    23b8:	5f004b35 	svcpl	0x00004b35
    23bc:	5a49535f 	bpl	1257140 <vector_table-0x6da8ec0>
    23c0:	49575f45 	ldmdbmi	r7, {r0, r2, r6, r8, r9, sl, fp, ip, lr}^
    23c4:	5f485444 	svcpl	0x00485444
    23c8:	3233205f 	eorscc	r2, r3, #95	@ 0x5f
    23cc:	415f5f00 	cmpmi	pc, r0, lsl #30
    23d0:	465f4d52 			@ <UNDEFINED> instruction: 0x465f4d52
    23d4:	55544145 	ldrbpl	r4, [r4, #-325]	@ 0xfffffebb
    23d8:	4d5f4552 	cfldr64mi	mvdx4, [pc, #-328]	@ 2298 <vector_table-0x7ffdd68>
    23dc:	49004556 	stmdbmi	r0, {r1, r2, r4, r6, r8, sl, lr}
    23e0:	4c5f544e 	cfldrdmi	mvd5, [pc], {78}	@ 0x4e
    23e4:	54534145 	ldrbpl	r4, [r3], #-325	@ 0xfffffebb
    23e8:	4d5f3233 	lfmmi	f3, 2, [pc, #-204]	@ 2324 <vector_table-0x7ffdcdc>
    23ec:	49004e49 	stmdbmi	r0, {r0, r3, r6, r9, sl, fp, lr}
    23f0:	3436544e 	ldrtcc	r5, [r6], #-1102	@ 0xfffffbb2
    23f4:	6328435f 			@ <UNDEFINED> instruction: 0x6328435f
    23f8:	5f5f2029 	svcpl	0x005f2029
    23fc:	36544e49 	ldrbcc	r4, [r4], -r9, asr #28
    2400:	28435f34 	stmdacs	r3, {r2, r4, r5, r8, r9, sl, fp, ip, lr}^
    2404:	5f002963 	svcpl	0x00002963
    2408:	65656e5f 	strbvs	r6, [r5, #-3679]!	@ 0xfffff1a1
    240c:	69735f64 	ldmdbvs	r3!, {r2, r5, r6, r8, r9, sl, fp, ip, lr}^
    2410:	745f657a 	ldrbvc	r6, [pc], #-1402	@ 2418 <vector_table-0x7ffdbe8>
    2414:	535f5f00 	cmppl	pc, #0, 30
    2418:	415f4749 	cmpmi	pc, r9, asr #14
    241c:	494d4f54 	stmdbmi	sp, {r2, r4, r6, r8, r9, sl, fp, lr}^
    2420:	494d5f43 	stmdbmi	sp, {r0, r1, r6, r8, r9, sl, fp, ip, lr}^
    2424:	205f5f4e 	subscs	r5, pc, lr, asr #30
    2428:	5f5f2d28 	svcpl	0x005f2d28
    242c:	5f474953 	svcpl	0x00474953
    2430:	4d4f5441 	cfstrdmi	mvd5, [pc, #-260]	@ 2334 <vector_table-0x7ffdccc>
    2434:	4d5f4349 	ldclmi	3, cr4, [pc, #-292]	@ 2318 <vector_table-0x7ffdce8>
    2438:	5f5f5841 	svcpl	0x005f5841
    243c:	31202d20 			@ <UNDEFINED> instruction: 0x31202d20
    2440:	5f5f0029 	svcpl	0x005f0029
    2444:	52464c4c 	subpl	r4, r6, #76, 24	@ 0x4c00
    2448:	5f544341 	svcpl	0x00544341
    244c:	49535045 	ldmdbmi	r3, {r0, r2, r6, ip, lr}^
    2450:	5f4e4f4c 	svcpl	0x004e4f4c
    2454:	7830205f 	ldmdavc	r0!, {r0, r1, r2, r3, r4, r6, sp}
    2458:	362d5031 			@ <UNDEFINED> instruction: 0x362d5031
    245c:	524c4c33 	subpl	r4, ip, #13056	@ 0x3300
    2460:	4e495500 	cdpmi	5, 4, cr5, cr9, cr0, {0}
    2464:	5f323354 	svcpl	0x00323354
    2468:	594d0043 	stmdbpl	sp, {r0, r1, r6}^
    246c:	4145485f 	cmpmi	r5, pc, asr r8
    2470:	20485f50 	subcs	r5, r8, r0, asr pc
    2474:	4c5f5f00 	mrrcmi	15, 0, r5, pc, cr0	@ <UNPREDICTABLE>
    2478:	5f474e4f 	svcpl	0x00474e4f
    247c:	54444957 	strbpl	r4, [r4], #-2391	@ 0xfffff6a9
    2480:	205f5f48 	subscs	r5, pc, r8, asr #30
    2484:	5f003233 	svcpl	0x00003233
    2488:	5246535f 	subpl	r5, r6, #2080374785	@ 0x7c000001
    248c:	5f544341 	svcpl	0x00544341
    2490:	54494246 	strbpl	r4, [r9], #-582	@ 0xfffffdba
    2494:	37205f5f 			@ <UNDEFINED> instruction: 0x37205f5f
    2498:	435f5f00 	cmpmi	pc, #0, 30
    249c:	33524148 	cmpcc	r2, #72, 2
    24a0:	59545f32 	ldmdbpl	r4, {r1, r4, r5, r8, r9, sl, fp, ip, lr}^
    24a4:	5f5f4550 	svcpl	0x005f4550
    24a8:	6e6f6c20 	cdpvs	12, 6, cr6, cr15, cr0, {1}
    24ac:	6e752067 	cdpvs	0, 7, cr2, cr5, cr7, {3}
    24b0:	6e676973 			@ <UNDEFINED> instruction: 0x6e676973
    24b4:	69206465 	stmdbvs	r0!, {r0, r2, r5, r6, sl, sp, lr}
    24b8:	5f00746e 	svcpl	0x0000746e
    24bc:	5246535f 	subpl	r5, r6, #2080374785	@ 0x7c000001
    24c0:	5f544341 	svcpl	0x00544341
    24c4:	54494249 	strbpl	r4, [r9], #-585	@ 0xfffffdb7
    24c8:	30205f5f 	eorcc	r5, r0, pc, asr pc
    24cc:	485f5f00 	ldmdami	pc, {r8, r9, sl, fp, ip, lr}^	@ <UNPREDICTABLE>
    24d0:	42495f51 	submi	r5, r9, #324	@ 0x144
    24d4:	5f5f5449 	svcpl	0x005f5449
    24d8:	49003020 	stmdbmi	r0, {r5, ip, sp}
    24dc:	3436544e 	ldrtcc	r5, [r6], #-1102	@ 0xfffffbb2
    24e0:	4e494d5f 	mcrmi	13, 2, r4, cr9, cr15, {2}
    24e4:	492d2820 	pushmi	{r5, fp, sp}
    24e8:	3436544e 	ldrtcc	r5, [r6], #-1102	@ 0xfffffbb2
    24ec:	58414d5f 	stmdapl	r1, {r0, r1, r2, r3, r4, r6, r8, sl, fp, lr}^
    24f0:	31202d20 			@ <UNDEFINED> instruction: 0x31202d20
    24f4:	5f5f0029 	svcpl	0x005f0029
    24f8:	52455355 	subpl	r5, r5, #1409286145	@ 0x54000001
    24fc:	42414c5f 	submi	r4, r1, #24320	@ 0x5f00
    2500:	505f4c45 	subspl	r4, pc, r5, asr #24
    2504:	49464552 	stmdbmi	r6, {r1, r4, r6, r8, sl, lr}^
    2508:	205f5f58 	subscs	r5, pc, r8, asr pc	@ <UNPREDICTABLE>
    250c:	465f5f00 	ldrbmi	r5, [pc], -r0, lsl #30
    2510:	445f544c 	ldrbmi	r5, [pc], #-1100	@ 2518 <vector_table-0x7ffdae8>
    2514:	524f4e45 	subpl	r4, pc, #1104	@ 0x450
    2518:	494d5f4d 	stmdbmi	sp, {r0, r2, r3, r6, r8, r9, sl, fp, ip, lr}^
    251c:	205f5f4e 	subscs	r5, pc, lr, asr #30
    2520:	30342e31 	eorscc	r2, r4, r1, lsr lr
    2524:	38393231 	ldmdacc	r9!, {r0, r4, r5, r9, ip, sp}
    2528:	33343634 	teqcc	r4, #52, 12	@ 0x3400000
    252c:	31383432 	teqcc	r8, r2, lsr r4
    2530:	2d653137 	stfcse	f3, [r5, #-220]!	@ 0xffffff24
    2534:	00463534 	subeq	r3, r6, r4, lsr r5
    2538:	49555f5f 	ldmdbmi	r5, {r0, r1, r2, r3, r4, r6, r8, r9, sl, fp, ip, lr}^
    253c:	4c5f544e 	cfldrdmi	mvd5, [pc], {78}	@ 0x4e
    2540:	54534145 	ldrbpl	r4, [r3], #-325	@ 0xfffffebb
    2544:	545f3233 	ldrbpl	r3, [pc], #-563	@ 254c <vector_table-0x7ffdab4>
    2548:	5f455059 	svcpl	0x00455059
    254c:	6f6c205f 	svcvs	0x006c205f
    2550:	7520676e 	strvc	r6, [r0, #-1902]!	@ 0xfffff892
    2554:	6769736e 	strbvs	r7, [r9, -lr, ror #6]!
    2558:	2064656e 	rsbcs	r6, r4, lr, ror #10
    255c:	00746e69 	rsbseq	r6, r4, r9, ror #28
    2560:	51445f5f 	cmppl	r4, pc, asr pc
    2564:	4942465f 	stmdbmi	r2, {r0, r1, r2, r3, r4, r6, r9, sl, lr}^
    2568:	205f5f54 	subscs	r5, pc, r4, asr pc	@ <UNPREDICTABLE>
    256c:	5f003336 	svcpl	0x00003336
    2570:	4148555f 	cmpmi	r8, pc, asr r5
    2574:	4942495f 	stmdbmi	r2, {r0, r1, r2, r3, r4, r6, r8, fp, lr}^
    2578:	205f5f54 	subscs	r5, pc, r4, asr pc	@ <UNPREDICTABLE>
    257c:	4e490038 	mcrmi	0, 2, r0, cr9, cr8, {1}
    2580:	41465f54 	cmpmi	r6, r4, asr pc
    2584:	34365453 	ldrtcc	r5, [r6], #-1107	@ 0xfffffbad
    2588:	58414d5f 	stmdapl	r1, {r0, r1, r2, r3, r4, r6, r8, sl, fp, lr}^
    258c:	495f5f20 	ldmdbmi	pc, {r5, r8, r9, sl, fp, ip, lr}^	@ <UNPREDICTABLE>
    2590:	465f544e 	ldrbmi	r5, [pc], -lr, asr #8
    2594:	36545341 	ldrbcc	r5, [r4], -r1, asr #6
    2598:	414d5f34 	cmpmi	sp, r4, lsr pc
    259c:	005f5f58 	subseq	r5, pc, r8, asr pc	@ <UNPREDICTABLE>
    25a0:	52415f5f 	subpl	r5, r1, #380	@ 0x17c
    25a4:	45465f4d 	strbmi	r5, [r6, #-3917]	@ 0xfffff0b3
    25a8:	52555441 	subspl	r5, r5, #1090519040	@ 0x41000000
    25ac:	444c5f45 	strbmi	r5, [ip], #-3909	@ 0xfffff0bb
    25b0:	20584552 	subscs	r4, r8, r2, asr r5
    25b4:	5f5f0037 	svcpl	0x005f0037
    25b8:	5f474953 	svcpl	0x00474953
    25bc:	4d4f5441 	cfstrdmi	mvd5, [pc, #-260]	@ 24c0 <vector_table-0x7ffdb40>
    25c0:	575f4349 	ldrbpl	r4, [pc, -r9, asr #6]
    25c4:	48544449 	ldmdami	r4, {r0, r3, r6, sl, lr}^
    25c8:	33205f5f 			@ <UNDEFINED> instruction: 0x33205f5f
    25cc:	5f5f0032 	svcpl	0x005f0032
    25d0:	5f4d5241 	svcpl	0x004d5241
    25d4:	54414546 	strbpl	r4, [r1], #-1350	@ 0xfffffaba
    25d8:	5f455255 	svcpl	0x00455255
    25dc:	36314642 	ldrtcc	r4, [r1], -r2, asr #12
    25e0:	4345565f 	movtmi	r5, #22111	@ 0x565f
    25e4:	5f524f54 	svcpl	0x00524f54
    25e8:	54495241 	strbpl	r5, [r9], #-577	@ 0xfffffdbf
    25ec:	54454d48 	strbpl	r4, [r5], #-3400	@ 0xfffff2b8
    25f0:	5f004349 	svcpl	0x00004349
    25f4:	5248535f 	subpl	r5, r8, #2080374785	@ 0x7c000001
    25f8:	414d5f54 	cmpmi	sp, r4, asr pc
    25fc:	205f5f58 	subscs	r5, pc, r8, asr pc	@ <UNPREDICTABLE>
    2600:	66377830 			@ <UNDEFINED> instruction: 0x66377830
    2604:	5f006666 	svcpl	0x00006666
    2608:	4d52415f 	ldfmie	f4, [r2, #-380]	@ 0xfffffe84
    260c:	3150465f 	cmpcc	r0, pc, asr r6
    2610:	52415f36 	subpl	r5, r1, #54, 30	@ 0xd8
    2614:	5f005347 	svcpl	0x00005347
    2618:	44524f5f 	ldrbmi	r4, [r2], #-3935	@ 0xfffff0a1
    261c:	505f5245 	subspl	r5, pc, r5, asr #4
    2620:	455f5044 	ldrbmi	r5, [pc, #-68]	@ 25e4 <vector_table-0x7ffda1c>
    2624:	4149444e 	cmpmi	r9, lr, asr #8
    2628:	205f5f4e 	subscs	r5, pc, lr, asr #30
    262c:	32313433 	eorscc	r3, r1, #855638016	@ 0x33000000
    2630:	544e4900 	strbpl	r4, [lr], #-2304	@ 0xfffff700
    2634:	41454c5f 	cmpmi	r5, pc, asr ip
    2638:	34365453 	ldrtcc	r5, [r6], #-1107	@ 0xfffffbad
    263c:	4e494d5f 	mcrmi	13, 2, r4, cr9, cr15, {2}
    2640:	535f5f00 	cmppl	pc, #0, 30
    2644:	42495f51 	submi	r5, r9, #324	@ 0x144
    2648:	5f5f5449 	svcpl	0x005f5449
    264c:	5f003020 	svcpl	0x00003020
    2650:	544c465f 	strbpl	r4, [ip], #-1631	@ 0xfffff9a1
    2654:	4e5f3233 	mrcmi	2, 2, r3, cr15, cr3, {1}
    2658:	5f4d524f 	svcpl	0x004d524f
    265c:	5f58414d 	svcpl	0x0058414d
    2660:	2e33205f 	mrccs	0, 1, r2, cr3, cr15, {2}
    2664:	38323034 	ldmdacc	r2!, {r2, r4, r5, ip, sp}
    2668:	36343332 			@ <UNDEFINED> instruction: 0x36343332
    266c:	35383336 	ldrcc	r3, [r8, #-822]!	@ 0xfffffcca
    2670:	36383832 			@ <UNDEFINED> instruction: 0x36383832
    2674:	38332b65 	ldmdacc	r3!, {r0, r2, r5, r6, r8, r9, fp, sp}
    2678:	00323346 	eorseq	r3, r2, r6, asr #6
    267c:	4c465f5f 	mcrrmi	15, 5, r5, r6, cr15
    2680:	45445f54 	strbmi	r5, [r4, #-3924]	@ 0xfffff0ac
    2684:	414d4943 	cmpmi	sp, r3, asr #18
    2688:	49445f4c 	stmdbmi	r4, {r2, r3, r6, r8, r9, sl, fp, ip, lr}^
    268c:	205f5f47 	subscs	r5, pc, r7, asr #30
    2690:	5f5f0039 	svcpl	0x005f0039
    2694:	33544e49 	cmpcc	r4, #1168	@ 0x490
    2698:	414d5f32 	cmpmi	sp, r2, lsr pc
    269c:	205f5f58 	subscs	r5, pc, r8, asr pc	@ <UNPREDICTABLE>
    26a0:	66377830 			@ <UNDEFINED> instruction: 0x66377830
    26a4:	66666666 	strbtvs	r6, [r6], -r6, ror #12
    26a8:	004c6666 	subeq	r6, ip, r6, ror #12
    26ac:	49575f5f 	ldmdbmi	r7, {r0, r1, r2, r3, r4, r6, r8, r9, sl, fp, ip, lr}^
    26b0:	575f544e 	ldrbpl	r5, [pc, -lr, asr #8]
    26b4:	48544449 	ldmdami	r4, {r0, r3, r6, sl, lr}^
    26b8:	33205f5f 			@ <UNDEFINED> instruction: 0x33205f5f
    26bc:	4e490032 	mcrmi	0, 2, r0, cr9, cr2, {1}
    26c0:	454c5f54 	strbmi	r5, [ip, #-3924]	@ 0xfffff0ac
    26c4:	36545341 	ldrbcc	r5, [r4], -r1, asr #6
    26c8:	494d5f34 	stmdbmi	sp, {r2, r4, r5, r8, r9, sl, fp, ip, lr}^
    26cc:	2d28204e 	stccs	0, cr2, [r8, #-312]!	@ 0xfffffec8
    26d0:	5f544e49 	svcpl	0x00544e49
    26d4:	5341454c 	movtpl	r4, #5452	@ 0x154c
    26d8:	5f343654 	svcpl	0x00343654
    26dc:	2058414d 	subscs	r4, r8, sp, asr #2
    26e0:	2931202d 	ldmdbcs	r1!, {r0, r2, r3, r5, sp}
    26e4:	555f5f00 	ldrbpl	r5, [pc, #-3840]	@ 17ec <vector_table-0x7ffe814>
    26e8:	465f5151 			@ <UNDEFINED> instruction: 0x465f5151
    26ec:	5f544942 	svcpl	0x00544942
    26f0:	0038205f 	eorseq	r2, r8, pc, asr r0
    26f4:	53555f5f 	cmppl	r5, #380	@ 0x17c
    26f8:	42495f51 	submi	r5, r9, #324	@ 0x144
    26fc:	5f5f5449 	svcpl	0x005f5449
    2700:	49003020 	stmdbmi	r0, {r5, ip, sp}
    2704:	465f544e 	ldrbmi	r5, [pc], -lr, asr #8
    2708:	36545341 	ldrbcc	r5, [r4], -r1, asr #6
    270c:	494d5f34 	stmdbmi	sp, {r2, r4, r5, r8, r9, sl, fp, ip, lr}^
    2710:	2d28204e 	stccs	0, cr2, [r8, #-312]!	@ 0xfffffec8
    2714:	5f544e49 	svcpl	0x00544e49
    2718:	54534146 	ldrbpl	r4, [r3], #-326	@ 0xfffffeba
    271c:	4d5f3436 	cfldrdmi	mvd3, [pc, #-216]	@ 264c <vector_table-0x7ffd9b4>
    2720:	2d205841 	stccs	8, cr5, [r0, #-260]!	@ 0xfffffefc
    2724:	00293120 	eoreq	r3, r9, r0, lsr #2
    2728:	544e4955 	strbpl	r4, [lr], #-2389	@ 0xfffff6ab
    272c:	4d5f3631 	ldclmi	6, cr3, [pc, #-196]	@ 2670 <vector_table-0x7ffd990>
    2730:	5f205841 	svcpl	0x00205841
    2734:	4e49555f 	mcrmi	5, 2, r5, cr9, cr15, {2}
    2738:	5f363154 	svcpl	0x00363154
    273c:	5f58414d 	svcpl	0x0058414d
    2740:	5f5f005f 	svcpl	0x005f005f
    2744:	41524655 	cmpmi	r2, r5, asr r6
    2748:	455f5443 	ldrbmi	r5, [pc, #-1091]	@ 230d <vector_table-0x7ffdcf3>
    274c:	4c495350 	mcrrmi	3, 5, r5, r9, cr0
    2750:	5f5f4e4f 	svcpl	0x005f4e4f
    2754:	31783020 	cmncc	r8, r0, lsr #32
    2758:	36312d50 			@ <UNDEFINED> instruction: 0x36312d50
    275c:	5f005255 	svcpl	0x00005255
    2760:	41484357 	cmpmi	r8, r7, asr r3
    2764:	5f545f52 	svcpl	0x00545f52
    2768:	4c434544 	cfstr64mi	mvdx4, [r3], {68}	@ 0x44
    276c:	44455241 	strbmi	r5, [r5], #-577	@ 0xfffffdbf
    2770:	5f5f0020 	svcpl	0x005f0020
    2774:	5f585847 	svcpl	0x00585847
    2778:	5f494241 	svcpl	0x00494241
    277c:	53524556 	cmppl	r2, #360710144	@ 0x15800000
    2780:	204e4f49 	subcs	r4, lr, r9, asr #30
    2784:	38313031 	ldmdacc	r1!, {r0, r4, r5, ip, sp}
    2788:	495f5f00 	ldmdbmi	pc, {r8, r9, sl, fp, ip, lr}^	@ <UNPREDICTABLE>
    278c:	4c5f544e 	cfldrdmi	mvd5, [pc], {78}	@ 0x4e
    2790:	54534145 	ldrbpl	r4, [r3], #-325	@ 0xfffffebb
    2794:	575f3436 	smmlarpl	pc, r6, r4, r3	@ <UNPREDICTABLE>
    2798:	48544449 	ldmdami	r4, {r0, r3, r6, sl, lr}^
    279c:	36205f5f 	qsaxcc	r5, r0, pc	@ <UNPREDICTABLE>
    27a0:	5f5f0034 	svcpl	0x005f0034
    27a4:	33544e49 	cmpcc	r4, #1168	@ 0x490
    27a8:	59545f32 	ldmdbpl	r4, {r1, r4, r5, r8, r9, sl, fp, ip, lr}^
    27ac:	5f5f4550 	svcpl	0x005f4550
    27b0:	6e6f6c20 	cdpvs	12, 6, cr6, cr15, cr0, {1}
    27b4:	6e692067 	cdpvs	0, 6, cr2, cr9, cr7, {3}
    27b8:	5f5f0074 	svcpl	0x005f0074
    27bc:	33544c46 	cmpcc	r4, #17920	@ 0x4600
    27c0:	4d5f5832 	ldclmi	8, cr5, [pc, #-200]	@ 2700 <vector_table-0x7ffd900>
    27c4:	315f4e49 	cmpcc	pc, r9, asr #28
    27c8:	58455f30 	stmdapl	r5, {r4, r5, r8, r9, sl, fp, ip, lr}^
    27cc:	205f5f50 	subscs	r5, pc, r0, asr pc	@ <UNPREDICTABLE>
    27d0:	30332d28 	eorscc	r2, r3, r8, lsr #26
    27d4:	5f002937 	svcpl	0x00002937
    27d8:	4d52415f 	ldfmie	f4, [r2, #-380]	@ 0xfffffe84
    27dc:	4145465f 	cmpmi	r5, pc, asr r6
    27e0:	45525554 	ldrbmi	r5, [r2, #-1364]	@ 0xfffffaac
    27e4:	3146425f 	cmpcc	r6, pc, asr r2
    27e8:	43535f36 	cmpmi	r3, #54, 30	@ 0xd8
    27ec:	52414c41 	subpl	r4, r1, #16640	@ 0x4100
    27f0:	4952415f 	ldmdbmi	r2, {r0, r1, r2, r3, r4, r6, r8, lr}^
    27f4:	454d4854 	strbmi	r4, [sp, #-2132]	@ 0xfffff7ac
    27f8:	00434954 	subeq	r4, r3, r4, asr r9
    27fc:	52415f5f 	subpl	r5, r1, #380	@ 0x17c
    2800:	45465f4d 	strbmi	r5, [r6, #-3917]	@ 0xfffff0b3
    2804:	52555441 	subspl	r5, r5, #1090519040	@ 0x41000000
    2808:	44495f45 	strbmi	r5, [r9], #-3909	@ 0xfffff0bb
    280c:	31205649 			@ <UNDEFINED> instruction: 0x31205649
    2810:	4e495500 	cdpmi	5, 4, cr5, cr9, cr0, {0}
    2814:	5f343654 	svcpl	0x00343654
    2818:	49570043 	ldmdbmi	r7, {r0, r1, r6}^
    281c:	4d5f544e 	cfldrdmi	mvd5, [pc, #-312]	@ 26ec <vector_table-0x7ffd914>
    2820:	5f205841 	svcpl	0x00205841
    2824:	4e49575f 	mcrmi	7, 2, r5, cr9, cr15, {2}
    2828:	414d5f54 	cmpmi	sp, r4, asr pc
    282c:	005f5f58 	subseq	r5, pc, r8, asr pc	@ <UNPREDICTABLE>
    2830:	444c5f5f 	strbmi	r5, [ip], #-3935	@ 0xfffff0a1
    2834:	4d5f4c42 	ldclmi	12, cr4, [pc, #-264]	@ 2734 <vector_table-0x7ffd8cc>
    2838:	455f5841 	ldrbmi	r5, [pc, #-2113]	@ 1fff <vector_table-0x7ffe001>
    283c:	5f5f5058 	svcpl	0x005f5058
    2840:	32303120 	eorscc	r3, r0, #32, 2
    2844:	5f5f0034 	svcpl	0x005f0034
    2848:	465f5153 			@ <UNDEFINED> instruction: 0x465f5153
    284c:	5f544942 	svcpl	0x00544942
    2850:	3133205f 	teqcc	r3, pc, asr r0
    2854:	544e4900 	strbpl	r4, [lr], #-2304	@ 0xfffff700
    2858:	5341465f 	movtpl	r4, #5727	@ 0x165f
    285c:	5f343654 	svcpl	0x00343654
    2860:	004e494d 	subeq	r4, lr, sp, asr #18
    2864:	464c5f5f 			@ <UNDEFINED> instruction: 0x464c5f5f
    2868:	54434152 	strbpl	r4, [r3], #-338	@ 0xfffffeae
    286c:	4e494d5f 	mcrmi	13, 2, r4, cr9, cr15, {2}
    2870:	28205f5f 	stmdacs	r0!, {r0, r1, r2, r3, r4, r6, r8, r9, sl, fp, ip, lr}
    2874:	352e302d 	strcc	r3, [lr, #-45]!	@ 0xffffffd3
    2878:	302d524c 	eorcc	r5, sp, ip, asr #4
    287c:	524c352e 	subpl	r3, ip, #192937984	@ 0xb800000
    2880:	5f5f0029 	svcpl	0x005f0029
    2884:	41484357 	cmpmi	r8, r7, asr r3
    2888:	494d5f52 	stmdbmi	sp, {r1, r4, r6, r8, r9, sl, fp, ip, lr}^
    288c:	205f5f4e 	subscs	r5, pc, lr, asr #30
    2890:	5f005530 	svcpl	0x00005530
    2894:	544c465f 	strbpl	r4, [ip], #-1631	@ 0xfffff9a1
    2898:	4d5f3436 	cfldrdmi	mvd3, [pc, #-216]	@ 27c8 <vector_table-0x7ffd838>
    289c:	5f5f5841 	svcpl	0x005f5841
    28a0:	372e3120 	strcc	r3, [lr, -r0, lsr #2]!
    28a4:	39363739 	ldmdbcc	r6!, {r0, r3, r4, r5, r8, r9, sl, ip, sp}
    28a8:	34333133 	ldrtcc	r3, [r3], #-307	@ 0xfffffecd
    28ac:	33323638 	teqcc	r2, #56, 12	@ 0x3800000
    28b0:	65373531 	ldrvs	r3, [r7, #-1329]!	@ 0xfffffacf
    28b4:	3830332b 	ldmdacc	r0!, {r0, r1, r3, r5, r8, r9, ip, sp}
    28b8:	00343646 	eorseq	r3, r4, r6, asr #12
    28bc:	5f544e49 	svcpl	0x00544e49
    28c0:	5341454c 	movtpl	r4, #5452	@ 0x154c
    28c4:	5f343654 	svcpl	0x00343654
    28c8:	2058414d 	subscs	r4, r8, sp, asr #2
    28cc:	4e495f5f 	mcrmi	15, 2, r5, cr9, cr15, {2}
    28d0:	454c5f54 	strbmi	r5, [ip, #-3924]	@ 0xfffff0ac
    28d4:	36545341 	ldrbcc	r5, [r4], -r1, asr #6
    28d8:	414d5f34 	cmpmi	sp, r4, lsr pc
    28dc:	005f5f58 	subseq	r5, pc, r8, asr pc	@ <UNPREDICTABLE>
    28e0:	49555f5f 	ldmdbmi	r5, {r0, r1, r2, r3, r4, r6, r8, r9, sl, fp, ip, lr}^
    28e4:	4c5f544e 	cfldrdmi	mvd5, [pc], {78}	@ 0x4e
    28e8:	54534145 	ldrbpl	r4, [r3], #-325	@ 0xfffffebb
    28ec:	4d5f3233 	lfmmi	f3, 2, [pc, #-204]	@ 2828 <vector_table-0x7ffd7d8>
    28f0:	5f5f5841 	svcpl	0x005f5841
    28f4:	66783020 	ldrbtvs	r3, [r8], -r0, lsr #32
    28f8:	66666666 	strbtvs	r6, [r6], -r6, ror #12
    28fc:	55666666 	strbpl	r6, [r6, #-1638]!	@ 0xfffff99a
    2900:	5f5f004c 	svcpl	0x005f004c
    2904:	5f434347 	svcpl	0x00434347
    2908:	54534544 	ldrbpl	r4, [r3], #-1348	@ 0xfffffabc
    290c:	54435552 	strbpl	r5, [r3], #-1362	@ 0xfffffaae
    2910:	5f455649 	svcpl	0x00455649
    2914:	455a4953 	ldrbmi	r4, [sl, #-2387]	@ 0xfffff6ad
    2918:	00343620 	eorseq	r3, r4, r0, lsr #12
    291c:	68745f5f 	ldmdavs	r4!, {r0, r1, r2, r3, r4, r6, r8, r9, sl, fp, ip, lr}^
    2920:	5f626d75 	svcpl	0x00626d75
    2924:	0031205f 	eorseq	r2, r1, pc, asr r0
    2928:	444c5f5f 	strbmi	r5, [ip], #-3935	@ 0xfffff0a1
    292c:	485f4c42 	ldmdami	pc, {r1, r6, sl, fp, lr}^	@ <UNPREDICTABLE>
    2930:	515f5341 	cmppl	pc, r1, asr #6
    2934:	54454955 	strbpl	r4, [r5], #-2389	@ 0xfffff6ab
    2938:	4e414e5f 	mcrmi	14, 2, r4, cr1, cr15, {2}
    293c:	31205f5f 			@ <UNDEFINED> instruction: 0x31205f5f
    2940:	495f5f00 	ldmdbmi	pc, {r8, r9, sl, fp, ip, lr}^	@ <UNPREDICTABLE>
    2944:	5f38544e 	svcpl	0x0038544e
    2948:	45505954 	ldrbmi	r5, [r0, #-2388]	@ 0xfffff6ac
    294c:	73205f5f 			@ <UNDEFINED> instruction: 0x73205f5f
    2950:	656e6769 	strbvs	r6, [lr, #-1897]!	@ 0xfffff897
    2954:	68632064 	stmdavs	r3!, {r2, r5, r6, sp}^
    2958:	5f007261 	svcpl	0x00007261
    295c:	4e49575f 	mcrmi	7, 2, r5, cr9, cr15, {2}
    2960:	414d5f54 	cmpmi	sp, r4, asr pc
    2964:	205f5f58 	subscs	r5, pc, r8, asr pc	@ <UNPREDICTABLE>
    2968:	66667830 			@ <UNDEFINED> instruction: 0x66667830
    296c:	66666666 	strbtvs	r6, [r6], -r6, ror #12
    2970:	00556666 	subseq	r6, r5, r6, ror #12
    2974:	544e4955 	strbpl	r4, [lr], #-2389	@ 0xfffff6ab
    2978:	5f58414d 	svcpl	0x0058414d
    297c:	0058414d 	subseq	r4, r8, sp, asr #2
    2980:	44525450 	ldrbmi	r5, [r2], #-1104	@ 0xfffffbb0
    2984:	5f464649 	svcpl	0x00464649
    2988:	004e494d 	subeq	r4, lr, sp, asr #18
    298c:	444c5f5f 	strbmi	r5, [ip], #-3935	@ 0xfffff0a1
    2990:	445f4c42 	ldrbmi	r4, [pc], #-3138	@ 2998 <vector_table-0x7ffd668>
    2994:	4d494345 	stclmi	3, cr4, [r9, #-276]	@ 0xfffffeec
    2998:	445f4c41 	ldrbmi	r4, [pc], #-3137	@ 29a0 <vector_table-0x7ffd660>
    299c:	5f5f4749 	svcpl	0x005f4749
    29a0:	00373120 	eorseq	r3, r7, r0, lsr #2
    29a4:	4343475f 	movtmi	r4, #14175	@ 0x375f
    29a8:	5254505f 	subspl	r5, r4, #95	@ 0x5f
    29ac:	46464944 	strbmi	r4, [r6], -r4, asr #18
    29b0:	0020545f 	eoreq	r5, r0, pc, asr r4
    29b4:	51545f5f 	cmppl	r4, pc, asr pc
    29b8:	4942465f 	stmdbmi	r2, {r0, r1, r2, r3, r4, r6, r9, sl, lr}^
    29bc:	205f5f54 	subscs	r5, pc, r4, asr pc	@ <UNPREDICTABLE>
    29c0:	00373231 	eorseq	r3, r7, r1, lsr r2
    29c4:	48555f5f 	ldmdami	r5, {r0, r1, r2, r3, r4, r6, r8, r9, sl, fp, ip, lr}^
    29c8:	42465f51 	submi	r5, r6, #324	@ 0x144
    29cc:	5f5f5449 	svcpl	0x005f5449
    29d0:	00363120 	eorseq	r3, r6, r0, lsr #2
    29d4:	544e4955 	strbpl	r4, [lr], #-2389	@ 0xfffff6ab
    29d8:	41454c5f 	cmpmi	r5, pc, asr ip
    29dc:	36315453 			@ <UNDEFINED> instruction: 0x36315453
    29e0:	58414d5f 	stmdapl	r1, {r0, r1, r2, r3, r4, r6, r8, sl, fp, lr}^
    29e4:	555f5f20 	ldrbpl	r5, [pc, #-3872]	@ 1acc <vector_table-0x7ffe534>
    29e8:	5f544e49 	svcpl	0x00544e49
    29ec:	5341454c 	movtpl	r4, #5452	@ 0x154c
    29f0:	5f363154 	svcpl	0x00363154
    29f4:	5f58414d 	svcpl	0x0058414d
    29f8:	4e49005f 	mcrmi	0, 2, r0, cr9, cr15, {2}
    29fc:	454c5f54 	strbmi	r5, [ip, #-3924]	@ 0xfffff0ac
    2a00:	38545341 	ldmdacc	r4, {r0, r6, r8, r9, ip, lr}^
    2a04:	4e494d5f 	mcrmi	13, 2, r4, cr9, cr15, {2}
    2a08:	555f5f00 	ldrbpl	r5, [pc, #-3840]	@ 1b10 <vector_table-0x7ffe4f0>
    2a0c:	5f544e49 	svcpl	0x00544e49
    2a10:	54534146 	ldrbpl	r4, [r3], #-326	@ 0xfffffeba
    2a14:	4d5f3436 	cfldrdmi	mvd3, [pc, #-216]	@ 2944 <vector_table-0x7ffd6bc>
    2a18:	5f5f5841 	svcpl	0x005f5841
    2a1c:	66783020 	ldrbtvs	r3, [r8], -r0, lsr #32
    2a20:	66666666 	strbtvs	r6, [r6], -r6, ror #12
    2a24:	66666666 	strbtvs	r6, [r6], -r6, ror #12
    2a28:	66666666 	strbtvs	r6, [r6], -r6, ror #12
    2a2c:	55666666 	strbpl	r6, [r6, #-1638]!	@ 0xfffff99a
    2a30:	5f004c4c 	svcpl	0x00004c4c
    2a34:	4e49555f 	mcrmi	5, 2, r5, cr9, cr15, {2}
    2a38:	41465f54 	cmpmi	r6, r4, asr pc
    2a3c:	32335453 	eorscc	r5, r3, #1392508928	@ 0x53000000
    2a40:	58414d5f 	stmdapl	r1, {r0, r1, r2, r3, r4, r6, r8, sl, fp, lr}^
    2a44:	30205f5f 	eorcc	r5, r0, pc, asr pc
    2a48:	66666678 			@ <UNDEFINED> instruction: 0x66666678
    2a4c:	66666666 	strbtvs	r6, [r6], -r6, ror #12
    2a50:	5f005566 	svcpl	0x00005566
    2a54:	4653555f 			@ <UNDEFINED> instruction: 0x4653555f
    2a58:	54434152 	strbpl	r4, [r3], #-338	@ 0xfffffeae
    2a5c:	4942465f 	stmdbmi	r2, {r0, r1, r2, r3, r4, r6, r9, sl, lr}^
    2a60:	205f5f54 	subscs	r5, pc, r4, asr pc	@ <UNPREDICTABLE>
    2a64:	5f5f0038 	svcpl	0x005f0038
    2a68:	36544e49 	ldrbcc	r4, [r4], -r9, asr #28
    2a6c:	28435f34 	stmdacs	r3, {r2, r4, r5, r8, r9, sl, fp, ip, lr}^
    2a70:	63202963 			@ <UNDEFINED> instruction: 0x63202963
    2a74:	20232320 	eorcs	r2, r3, r0, lsr #6
    2a78:	5f004c4c 	svcpl	0x00004c4c
    2a7c:	5f51485f 	svcpl	0x0051485f
    2a80:	54494246 	strbpl	r4, [r9], #-582	@ 0xfffffdba
    2a84:	31205f5f 			@ <UNDEFINED> instruction: 0x31205f5f
    2a88:	5f5f0035 	svcpl	0x005f0035
    2a8c:	41484357 	cmpmi	r8, r7, asr r3
    2a90:	414d5f52 	cmpmi	sp, r2, asr pc
    2a94:	205f5f58 	subscs	r5, pc, r8, asr pc	@ <UNPREDICTABLE>
    2a98:	66667830 			@ <UNDEFINED> instruction: 0x66667830
    2a9c:	66666666 	strbtvs	r6, [r6], -r6, ror #12
    2aa0:	00556666 	subseq	r6, r5, r6, ror #12
    2aa4:	49535f5f 	ldmdbmi	r3, {r0, r1, r2, r3, r4, r6, r8, r9, sl, fp, ip, lr}^
    2aa8:	464f455a 			@ <UNDEFINED> instruction: 0x464f455a
    2aac:	4e4f4c5f 	mcrmi	12, 2, r4, cr15, cr15, {2}
    2ab0:	4f4c5f47 	svcmi	0x004c5f47
    2ab4:	5f5f474e 	svcpl	0x005f474e
    2ab8:	5f003820 	svcpl	0x00003820
    2abc:	544c465f 	strbpl	r4, [ip], #-1631	@ 0xfffff9a1
    2ac0:	495f3436 	ldmdbmi	pc, {r1, r2, r4, r5, sl, ip, sp}^	@ <UNPREDICTABLE>
    2ac4:	45495f53 	strbmi	r5, [r9, #-3923]	@ 0xfffff0ad
    2ac8:	30365f43 	eorscc	r5, r6, r3, asr #30
    2acc:	5f393535 	svcpl	0x00393535
    2ad0:	0031205f 	eorseq	r2, r1, pc, asr r0
    2ad4:	49555f5f 	ldmdbmi	r5, {r0, r1, r2, r3, r4, r6, r8, r9, sl, fp, ip, lr}^
    2ad8:	5f38544e 	svcpl	0x0038544e
    2adc:	45505954 	ldrbmi	r5, [r0, #-2388]	@ 0xfffff6ac
    2ae0:	75205f5f 	strvc	r5, [r0, #-3935]!	@ 0xfffff0a1
    2ae4:	6769736e 	strbvs	r7, [r9, -lr, ror #6]!
    2ae8:	2064656e 	rsbcs	r6, r4, lr, ror #10
    2aec:	72616863 	rsbvc	r6, r1, #6488064	@ 0x630000
    2af0:	535f5f00 	cmppl	pc, #0, 30
    2af4:	5f545248 	svcpl	0x00545248
    2af8:	54444957 	strbpl	r4, [r4], #-2391	@ 0xfffff6a9
    2afc:	205f5f48 	subscs	r5, pc, r8, asr #30
    2b00:	55003631 	strpl	r3, [r0, #-1585]	@ 0xfffff9cf
    2b04:	33544e49 	cmpcc	r4, #1168	@ 0x490
    2b08:	414d5f32 	cmpmi	sp, r2, lsr pc
    2b0c:	5f5f0058 	svcpl	0x005f0058
    2b10:	5f4d5241 	svcpl	0x004d5241
    2b14:	54414546 	strbpl	r4, [r1], #-1350	@ 0xfffffaba
    2b18:	5f455255 	svcpl	0x00455255
    2b1c:	00534541 	subseq	r4, r3, r1, asr #10
    2b20:	535f545f 	cmppl	pc, #1593835520	@ 0x5f000000
    2b24:	20455a49 	subcs	r5, r5, r9, asr #20
    2b28:	465f5f00 	ldrbmi	r5, [pc], -r0, lsl #30
    2b2c:	455f544c 	ldrbmi	r5, [pc, #-1100]	@ 26e8 <vector_table-0x7ffd918>
    2b30:	4c495350 	mcrrmi	3, 5, r5, r9, cr0
    2b34:	5f5f4e4f 	svcpl	0x005f4e4f
    2b38:	312e3120 			@ <UNDEFINED> instruction: 0x312e3120
    2b3c:	39303239 	ldmdbcc	r0!, {r0, r3, r4, r5, r9, ip, sp}
    2b40:	35393832 	ldrcc	r3, [r9, #-2098]!	@ 0xfffff7ce
    2b44:	38373035 	ldmdacc	r7!, {r0, r2, r4, r5, ip, sp}
    2b48:	65353231 	ldrvs	r3, [r5, #-561]!	@ 0xfffffdcf
    2b4c:	0046372d 	subeq	r3, r6, sp, lsr #14
    2b50:	4e495f5f 	mcrmi	15, 2, r5, cr9, cr15, {2}
    2b54:	454c5f54 	strbmi	r5, [ip, #-3924]	@ 0xfffff0ac
    2b58:	36545341 	ldrbcc	r5, [r4], -r1, asr #6
    2b5c:	59545f34 	ldmdbpl	r4, {r2, r4, r5, r8, r9, sl, fp, ip, lr}^
    2b60:	5f5f4550 	svcpl	0x005f4550
    2b64:	6e6f6c20 	cdpvs	12, 6, cr6, cr15, cr0, {1}
    2b68:	6f6c2067 	svcvs	0x006c2067
    2b6c:	6920676e 	stmdbvs	r0!, {r1, r2, r3, r5, r6, r8, r9, sl, sp, lr}
    2b70:	5f00746e 	svcpl	0x0000746e
    2b74:	4e49555f 	mcrmi	5, 2, r5, cr9, cr15, {2}
    2b78:	5f323354 	svcpl	0x00323354
    2b7c:	45505954 	ldrbmi	r5, [r0, #-2388]	@ 0xfffff6ac
    2b80:	6c205f5f 	stcvs	15, cr5, [r0], #-380	@ 0xfffffe84
    2b84:	20676e6f 	rsbcs	r6, r7, pc, ror #28
    2b88:	69736e75 	ldmdbvs	r3!, {r0, r2, r4, r5, r6, r9, sl, fp, sp, lr}^
    2b8c:	64656e67 	strbtvs	r6, [r5], #-3687	@ 0xfffff199
    2b90:	746e6920 	strbtvc	r6, [lr], #-2336	@ 0xfffff6e0
    2b94:	4c5f5f00 	mrrcmi	15, 0, r5, pc, cr0	@ <UNPREDICTABLE>
    2b98:	5f4c4244 	svcpl	0x004c4244
    2b9c:	5f4e494d 	svcpl	0x004e494d
    2ba0:	455f3031 	ldrbmi	r3, [pc, #-49]	@ 2b77 <vector_table-0x7ffd489>
    2ba4:	5f5f5058 	svcpl	0x005f5058
    2ba8:	332d2820 			@ <UNDEFINED> instruction: 0x332d2820
    2bac:	00293730 	eoreq	r3, r9, r0, lsr r7
    2bb0:	5f544e49 	svcpl	0x00544e49
    2bb4:	5341454c 	movtpl	r4, #5452	@ 0x154c
    2bb8:	5f323354 	svcpl	0x00323354
    2bbc:	204e494d 	subcs	r4, lr, sp, asr #18
    2bc0:	4e492d28 	cdpmi	13, 4, cr2, cr9, cr8, {1}
    2bc4:	454c5f54 	strbmi	r5, [ip, #-3924]	@ 0xfffff0ac
    2bc8:	33545341 	cmpcc	r4, #67108865	@ 0x4000001
    2bcc:	414d5f32 	cmpmi	sp, r2, lsr pc
    2bd0:	202d2058 	eorcs	r2, sp, r8, asr r0
    2bd4:	5f002931 	svcpl	0x00002931
    2bd8:	5a49535f 	bpl	125795c <vector_table-0x6da86a4>
    2bdc:	5f464f45 	svcpl	0x00464f45
    2be0:	4e494f50 	mcrmi	15, 2, r4, cr9, cr0, {2}
    2be4:	5f524554 	svcpl	0x00524554
    2be8:	0034205f 	eorseq	r2, r4, pc, asr r0
    2bec:	41555f5f 	cmpmi	r5, pc, asr pc
    2bf0:	4d554343 	ldclmi	3, cr4, [r5, #-268]	@ 0xfffffef4
    2bf4:	58414d5f 	stmdapl	r1, {r0, r1, r2, r3, r4, r6, r8, sl, fp, lr}^
    2bf8:	30205f5f 	eorcc	r5, r0, pc, asr pc
    2bfc:	46464658 			@ <UNDEFINED> instruction: 0x46464658
    2c00:	46464646 	strbmi	r4, [r6], -r6, asr #12
    2c04:	312d5046 			@ <UNDEFINED> instruction: 0x312d5046
    2c08:	004b5536 	subeq	r5, fp, r6, lsr r5
    2c0c:	7366666f 	cmnvc	r6, #116391936	@ 0x6f00000
    2c10:	666f7465 	strbtvs	r7, [pc], -r5, ror #8
    2c14:	565f5f00 	ldrbpl	r5, [pc], -r0, lsl #30
    2c18:	465f5046 	ldrbmi	r5, [pc], -r6, asr #32
    2c1c:	205f5f50 	subscs	r5, pc, r0, asr pc	@ <UNPREDICTABLE>
    2c20:	5f5f0031 	svcpl	0x005f0031
    2c24:	52464c55 	subpl	r4, r6, #21760	@ 0x5500
    2c28:	5f544341 	svcpl	0x00544341
    2c2c:	5f58414d 	svcpl	0x0058414d
    2c30:	5830205f 	ldmdapl	r0!, {r0, r1, r2, r3, r4, r6, sp}
    2c34:	46464646 	strbmi	r4, [r6], -r6, asr #12
    2c38:	46464646 	strbmi	r4, [r6], -r6, asr #12
    2c3c:	32332d50 	eorscc	r2, r3, #80, 26	@ 0x1400
    2c40:	00524c55 	subseq	r4, r2, r5, asr ip
    2c44:	41485f5f 	cmpmi	r8, pc, asr pc
    2c48:	4942465f 	stmdbmi	r2, {r0, r1, r2, r3, r4, r6, r9, sl, lr}^
    2c4c:	205f5f54 	subscs	r5, pc, r4, asr pc	@ <UNPREDICTABLE>
    2c50:	5f5f0037 	svcpl	0x005f0037
    2c54:	44525450 	ldrbmi	r5, [r2], #-1104	@ 0xfffffbb0
    2c58:	5f464649 	svcpl	0x00464649
    2c5c:	54444957 	strbpl	r4, [r4], #-2391	@ 0xfffff6a9
    2c60:	205f5f48 	subscs	r5, pc, r8, asr #30
    2c64:	5f003233 	svcpl	0x00003233
    2c68:	544c465f 	strbpl	r4, [ip], #-1631	@ 0xfffff9a1
    2c6c:	445f3233 	ldrbmi	r3, [pc], #-563	@ 2c74 <vector_table-0x7ffd38c>
    2c70:	524f4e45 	subpl	r4, pc, #1104	@ 0x450
    2c74:	494d5f4d 	stmdbmi	sp, {r0, r2, r3, r6, r8, r9, sl, fp, ip, lr}^
    2c78:	205f5f4e 	subscs	r5, pc, lr, asr #30
    2c7c:	30342e31 	eorscc	r2, r4, r1, lsr lr
    2c80:	38393231 	ldmdacc	r9!, {r0, r4, r5, r9, ip, sp}
    2c84:	33343634 	teqcc	r4, #52, 12	@ 0x3400000
    2c88:	31383432 	teqcc	r8, r2, lsr r4
    2c8c:	2d653137 	stfcse	f3, [r5, #-220]!	@ 0xffffff24
    2c90:	33463534 	movtcc	r3, #25908	@ 0x6534
    2c94:	5f5f0032 	svcpl	0x005f0032
    2c98:	43434153 	movtmi	r4, #12627	@ 0x3153
    2c9c:	4d5f4d55 	ldclmi	13, cr4, [pc, #-340]	@ 2b50 <vector_table-0x7ffd4b0>
    2ca0:	5f5f4e49 	svcpl	0x005f4e49
    2ca4:	302d2820 	eorcc	r2, sp, r0, lsr #16
    2ca8:	37503158 			@ <UNDEFINED> instruction: 0x37503158
    2cac:	302d4b48 	eorcc	r4, sp, r8, asr #22
    2cb0:	37503158 			@ <UNDEFINED> instruction: 0x37503158
    2cb4:	00294b48 	eoreq	r4, r9, r8, asr #22
    2cb8:	4e495f5f 	mcrmi	15, 2, r5, cr9, cr15, {2}
    2cbc:	49575f54 	ldmdbmi	r7, {r2, r4, r6, r8, r9, sl, fp, ip, lr}^
    2cc0:	5f485444 	svcpl	0x00485444
    2cc4:	3233205f 	eorscc	r2, r3, #95	@ 0x5f
    2cc8:	475f5f00 	ldrbmi	r5, [pc, -r0, lsl #30]
    2ccc:	415f4343 	cmpmi	pc, r3, asr #6
    2cd0:	494d4f54 	stmdbmi	sp, {r2, r4, r6, r8, r9, sl, fp, lr}^
    2cd4:	4f505f43 	svcmi	0x00505f43
    2cd8:	45544e49 	ldrbmi	r4, [r4, #-3657]	@ 0xfffff1b7
    2cdc:	4f4c5f52 	svcmi	0x004c5f52
    2ce0:	465f4b43 	ldrbmi	r4, [pc], -r3, asr #22
    2ce4:	20454552 	subcs	r4, r5, r2, asr r5
    2ce8:	5f5f0032 	svcpl	0x005f0032
    2cec:	544e4955 	strbpl	r4, [lr], #-2389	@ 0xfffff6ab
    2cf0:	435f3436 	cmpmi	pc, #905969664	@ 0x36000000
    2cf4:	20296328 	eorcs	r6, r9, r8, lsr #6
    2cf8:	23232063 			@ <UNDEFINED> instruction: 0x23232063
    2cfc:	4c4c5520 	cfstr64mi	mvdx5, [ip], {32}
    2d00:	544e4900 	strbpl	r4, [lr], #-2304	@ 0xfffff700
    2d04:	5341465f 	movtpl	r4, #5727	@ 0x165f
    2d08:	5f363154 	svcpl	0x00363154
    2d0c:	204e494d 	subcs	r4, lr, sp, asr #18
    2d10:	4e492d28 	cdpmi	13, 4, cr2, cr9, cr8, {1}
    2d14:	41465f54 	cmpmi	r6, r4, asr pc
    2d18:	36315453 			@ <UNDEFINED> instruction: 0x36315453
    2d1c:	58414d5f 	stmdapl	r1, {r0, r1, r2, r3, r4, r6, r8, sl, fp, lr}^
    2d20:	31202d20 			@ <UNDEFINED> instruction: 0x31202d20
    2d24:	5f5f0029 	svcpl	0x005f0029
    2d28:	61686377 	smcvs	34359	@ 0x8637
    2d2c:	5f745f72 	svcpl	0x00745f72
    2d30:	5f00205f 	svcpl	0x0000205f
    2d34:	43414c5f 	movtmi	r4, #7263	@ 0x1c5f
    2d38:	5f4d5543 	svcpl	0x004d5543
    2d3c:	49535045 	ldmdbmi	r3, {r0, r2, r6, ip, lr}^
    2d40:	5f4e4f4c 	svcpl	0x004e4f4c
    2d44:	7830205f 	ldmdavc	r0!, {r0, r1, r2, r3, r4, r6, sp}
    2d48:	332d5031 			@ <UNDEFINED> instruction: 0x332d5031
    2d4c:	004b4c31 	subeq	r4, fp, r1, lsr ip
    2d50:	46535f5f 	usaxmi	r5, r3, pc	@ <UNPREDICTABLE>
    2d54:	54434152 	strbpl	r4, [r3], #-338	@ 0xfffffeae
    2d58:	5350455f 	cmppl	r0, #398458880	@ 0x17c00000
    2d5c:	4e4f4c49 	cdpmi	12, 4, cr4, cr15, cr9, {2}
    2d60:	30205f5f 	eorcc	r5, r0, pc, asr pc
    2d64:	2d503178 	ldfcse	f3, [r0, #-480]	@ 0xfffffe20
    2d68:	00524837 	subseq	r4, r2, r7, lsr r8
    2d6c:	51555f5f 	cmppl	r5, pc, asr pc
    2d70:	42495f51 	submi	r5, r9, #324	@ 0x144
    2d74:	5f5f5449 	svcpl	0x005f5449
    2d78:	5f003020 	svcpl	0x00003020
    2d7c:	544c465f 	strbpl	r4, [ip], #-1631	@ 0xfffff9a1
    2d80:	5f583233 	svcpl	0x00583233
    2d84:	5f58414d 	svcpl	0x0058414d
    2d88:	2e31205f 	mrccs	0, 1, r2, cr1, cr15, {2}
    2d8c:	36373937 			@ <UNDEFINED> instruction: 0x36373937
    2d90:	33313339 	teqcc	r1, #-469762048	@ 0xe4000000
    2d94:	32363834 	eorscc	r3, r6, #52, 16	@ 0x340000
    2d98:	37353133 			@ <UNDEFINED> instruction: 0x37353133
    2d9c:	30332b65 	eorscc	r2, r3, r5, ror #22
    2da0:	32334638 	eorscc	r4, r3, #56, 12	@ 0x3800000
    2da4:	5f5f0078 	svcpl	0x005f0078
    2da8:	5f515355 	svcpl	0x00515355
    2dac:	54494246 	strbpl	r4, [r9], #-582	@ 0xfffffdba
    2db0:	33205f5f 			@ <UNDEFINED> instruction: 0x33205f5f
    2db4:	5f5f0032 	svcpl	0x005f0032
    2db8:	495f4148 	ldmdbmi	pc, {r3, r6, r8, lr}^	@ <UNPREDICTABLE>
    2dbc:	5f544942 	svcpl	0x00544942
    2dc0:	0038205f 	eorseq	r2, r8, pc, asr r0
    2dc4:	52415f5f 	subpl	r5, r1, #380	@ 0x17c
    2dc8:	41455f4d 	cmpmi	r5, sp, asr #30
    2dcc:	5f5f4942 	svcpl	0x005f4942
    2dd0:	5f003120 	svcpl	0x00003120
    2dd4:	4343475f 	movtmi	r4, #14175	@ 0x375f
    2dd8:	4f54415f 	svcmi	0x0054415f
    2ddc:	5f43494d 	svcpl	0x0043494d
    2de0:	52414843 	subpl	r4, r1, #4390912	@ 0x430000
    2de4:	545f3233 	ldrbpl	r3, [pc], #-563	@ 2dec <vector_table-0x7ffd214>
    2de8:	434f4c5f 	movtmi	r4, #64607	@ 0xfc5f
    2dec:	52465f4b 	subpl	r5, r6, #300	@ 0x12c
    2df0:	32204545 	eorcc	r4, r0, #289406976	@ 0x11400000
    2df4:	4e495500 	cdpmi	5, 4, cr5, cr9, cr0, {0}
    2df8:	58414d54 	stmdapl	r1, {r2, r4, r6, r8, sl, fp, lr}^
    2dfc:	6328435f 			@ <UNDEFINED> instruction: 0x6328435f
    2e00:	5f5f2029 	svcpl	0x005f2029
    2e04:	544e4955 	strbpl	r4, [lr], #-2389	@ 0xfffff6ab
    2e08:	5f58414d 	svcpl	0x0058414d
    2e0c:	29632843 	stmdbcs	r3!, {r0, r1, r6, fp, sp}^
    2e10:	415f5f00 	cmpmi	pc, r0, lsl #30
    2e14:	415f4d52 	cmpmi	pc, r2, asr sp	@ <UNPREDICTABLE>
    2e18:	5f484352 	svcpl	0x00484352
    2e1c:	5f5f4d37 	svcpl	0x005f4d37
    2e20:	49003120 	stmdbmi	r0, {r5, r8, ip, sp}
    2e24:	465f544e 	ldrbmi	r5, [pc], -lr, asr #8
    2e28:	33545341 	cmpcc	r4, #67108865	@ 0x4000001
    2e2c:	494d5f32 	stmdbmi	sp, {r1, r4, r5, r8, r9, sl, fp, ip, lr}^
    2e30:	5f5f004e 	svcpl	0x005f004e
    2e34:	455a4953 	ldrbmi	r4, [sl, #-2387]	@ 0xfffff6ad
    2e38:	535f464f 	cmppl	pc, #82837504	@ 0x4f00000
    2e3c:	5f455a49 	svcpl	0x00455a49
    2e40:	205f5f54 	subscs	r5, pc, r4, asr pc	@ <UNPREDICTABLE>
    2e44:	5f5f0034 	svcpl	0x005f0034
    2e48:	746e695f 	strbtvc	r6, [lr], #-2399	@ 0xfffff6a1
    2e4c:	7a69735f 	bvc	1a5fbd0 <vector_table-0x65a0430>
    2e50:	5f745f65 	svcpl	0x00745f65
    2e54:	5f002068 	svcpl	0x00002068
    2e58:	4152465f 	cmpmi	r2, pc, asr r6
    2e5c:	455f5443 	ldrbmi	r5, [pc, #-1091]	@ 2a21 <vector_table-0x7ffd5df>
    2e60:	4c495350 	mcrrmi	3, 5, r5, r9, cr0
    2e64:	5f5f4e4f 	svcpl	0x005f4e4f
    2e68:	31783020 	cmncc	r8, r0, lsr #32
    2e6c:	35312d50 	ldrcc	r2, [r1, #-3408]!	@ 0xfffff2b0
    2e70:	5f5f0052 	svcpl	0x005f0052
    2e74:	43445453 	movtmi	r5, #17491	@ 0x4453
    2e78:	534f485f 	movtpl	r4, #63583	@ 0xf85f
    2e7c:	5f444554 	svcpl	0x00444554
    2e80:	0031205f 	eorseq	r2, r1, pc, asr r0
    2e84:	544e4955 	strbpl	r4, [lr], #-2389	@ 0xfffff6ab
    2e88:	41454c5f 	cmpmi	r5, pc, asr ip
    2e8c:	5f385453 	svcpl	0x00385453
    2e90:	0058414d 	subseq	r4, r8, sp, asr #2
    2e94:	4e495f5f 	mcrmi	15, 2, r5, cr9, cr15, {2}
    2e98:	52545054 	subspl	r5, r4, #84	@ 0x54
    2e9c:	58414d5f 	stmdapl	r1, {r0, r1, r2, r3, r4, r6, r8, sl, fp, lr}^
    2ea0:	30205f5f 	eorcc	r5, r0, pc, asr pc
    2ea4:	66663778 			@ <UNDEFINED> instruction: 0x66663778
    2ea8:	66666666 	strbtvs	r6, [r6], -r6, ror #12
    2eac:	545f0066 	ldrbpl	r0, [pc], #-102	@ 2eb4 <vector_table-0x7ffd14c>
    2eb0:	4843575f 	stmdami	r3, {r0, r1, r2, r3, r4, r6, r8, r9, sl, ip, lr}^
    2eb4:	00205241 	eoreq	r5, r0, r1, asr #4
    2eb8:	5f544e49 	svcpl	0x00544e49
    2ebc:	5341454c 	movtpl	r4, #5452	@ 0x154c
    2ec0:	4d5f3854 	ldclmi	8, cr3, [pc, #-336]	@ 2d78 <vector_table-0x7ffd288>
    2ec4:	28204e49 	stmdacs	r0!, {r0, r3, r6, r9, sl, fp, lr}
    2ec8:	544e492d 	strbpl	r4, [lr], #-2349	@ 0xfffff6d3
    2ecc:	41454c5f 	cmpmi	r5, pc, asr ip
    2ed0:	5f385453 	svcpl	0x00385453
    2ed4:	2058414d 	subscs	r4, r8, sp, asr #2
    2ed8:	2931202d 	ldmdbcs	r1!, {r0, r2, r3, r5, sp}
    2edc:	505f5f00 	subspl	r5, pc, r0, lsl #30
    2ee0:	4d474152 	stfmie	f4, [r7, #-328]	@ 0xfffffeb8
    2ee4:	45525f41 	ldrbmi	r5, [r2, #-3905]	@ 0xfffff0bf
    2ee8:	49464544 	stmdbmi	r6, {r2, r6, r8, sl, lr}^
    2eec:	455f454e 	ldrbmi	r4, [pc, #-1358]	@ 29a6 <vector_table-0x7ffd65a>
    2ef0:	414e5458 	cmpmi	lr, r8, asr r4
    2ef4:	3120454d 			@ <UNDEFINED> instruction: 0x3120454d
    2ef8:	535f5f00 	cmppl	pc, #0, 30
    2efc:	4654464f 	ldrbmi	r4, [r4], -pc, asr #12
    2f00:	205f5f50 	subscs	r5, pc, r0, asr pc	@ <UNPREDICTABLE>
    2f04:	5f5f0031 	svcpl	0x005f0031
    2f08:	36544c46 	ldrbcc	r4, [r4], -r6, asr #24
    2f0c:	50455f34 	subpl	r5, r5, r4, lsr pc
    2f10:	4f4c4953 	svcmi	0x004c4953
    2f14:	205f5f4e 	subscs	r5, pc, lr, asr #30
    2f18:	32322e32 	eorscc	r2, r2, #800	@ 0x320
    2f1c:	36343430 			@ <UNDEFINED> instruction: 0x36343430
    2f20:	32393430 	eorscc	r3, r9, #48, 8	@ 0x30000000
    2f24:	31333035 	teqcc	r3, r5, lsr r0
    2f28:	2d653133 	stfcse	f3, [r5, #-204]!	@ 0xffffff34
    2f2c:	36463631 			@ <UNDEFINED> instruction: 0x36463631
    2f30:	4e490034 	mcrmi	0, 2, r0, cr9, cr4, {1}
    2f34:	58414d54 	stmdapl	r1, {r2, r4, r6, r8, sl, fp, lr}^
    2f38:	58414d5f 	stmdapl	r1, {r0, r1, r2, r3, r4, r6, r8, sl, fp, lr}^
    2f3c:	495f5f20 	ldmdbmi	pc, {r5, r8, r9, sl, fp, ip, lr}^	@ <UNPREDICTABLE>
    2f40:	414d544e 	cmpmi	sp, lr, asr #8
    2f44:	414d5f58 	cmpmi	sp, r8, asr pc
    2f48:	005f5f58 	subseq	r5, pc, r8, asr pc	@ <UNPREDICTABLE>
    2f4c:	544e4955 	strbpl	r4, [lr], #-2389	@ 0xfffff6ab
    2f50:	5341465f 	movtpl	r4, #5727	@ 0x165f
    2f54:	4d5f3854 	ldclmi	8, cr3, [pc, #-336]	@ 2e0c <vector_table-0x7ffd1f4>
    2f58:	5f205841 	svcpl	0x00205841
    2f5c:	4e49555f 	mcrmi	5, 2, r5, cr9, cr15, {2}
    2f60:	41465f54 	cmpmi	r6, r4, asr pc
    2f64:	5f385453 	svcpl	0x00385453
    2f68:	5f58414d 	svcpl	0x0058414d
    2f6c:	5f5f005f 	svcpl	0x005f005f
    2f70:	5f434347 	svcpl	0x00434347
    2f74:	4d4f5441 	cfstrdmi	mvd5, [pc, #-260]	@ 2e78 <vector_table-0x7ffd188>
    2f78:	4c5f4349 	mrrcmi	3, 4, r4, pc, cr9	@ <UNPREDICTABLE>
    2f7c:	474e4f4c 	strbmi	r4, [lr, -ip, asr #30]
    2f80:	434f4c5f 	movtmi	r4, #64607	@ 0xfc5f
    2f84:	52465f4b 	subpl	r5, r6, #300	@ 0x12c
    2f88:	31204545 			@ <UNDEFINED> instruction: 0x31204545
    2f8c:	475f5f00 	ldrbmi	r5, [pc, -r0, lsl #30]
    2f90:	485f4343 	ldmdami	pc, {r0, r1, r6, r8, r9, lr}^	@ <UNPREDICTABLE>
    2f94:	5f455641 	svcpl	0x00455641
    2f98:	434e5953 	movtmi	r5, #59731	@ 0xe953
    2f9c:	4d4f435f 	stclmi	3, cr4, [pc, #-380]	@ 2e28 <vector_table-0x7ffd1d8>
    2fa0:	45524150 	ldrbmi	r4, [r2, #-336]	@ 0xfffffeb0
    2fa4:	444e415f 	strbmi	r4, [lr], #-351	@ 0xfffffea1
    2fa8:	4157535f 	cmpmi	r7, pc, asr r3
    2fac:	20345f50 	eorscs	r5, r4, r0, asr pc
    2fb0:	5f5f0031 	svcpl	0x005f0031
    2fb4:	5f544c46 	svcpl	0x00544c46
    2fb8:	5f58414d 	svcpl	0x0058414d
    2fbc:	5f505845 	svcpl	0x00505845
    2fc0:	3231205f 	eorscc	r2, r1, #95	@ 0x5f
    2fc4:	5f5f0038 	svcpl	0x005f0038
    2fc8:	4d4f5441 	cfstrdmi	mvd5, [pc, #-260]	@ 2ecc <vector_table-0x7ffd134>
    2fcc:	415f4349 	cmpmi	pc, r9, asr #6
    2fd0:	525f5143 	subspl	r5, pc, #-1073741808	@ 0xc0000010
    2fd4:	34204c45 	strtcc	r4, [r0], #-3141	@ 0xfffff3bb
    2fd8:	555f5f00 	ldrbpl	r5, [pc, #-3840]	@ 20e0 <vector_table-0x7ffdf20>
    2fdc:	5f544e49 	svcpl	0x00544e49
    2fe0:	54534146 	ldrbpl	r4, [r3], #-326	@ 0xfffffeba
    2fe4:	545f3436 	ldrbpl	r3, [pc], #-1078	@ 2fec <vector_table-0x7ffd014>
    2fe8:	5f455059 	svcpl	0x00455059
    2fec:	6f6c205f 	svcvs	0x006c205f
    2ff0:	6c20676e 	stcvs	7, cr6, [r0], #-440	@ 0xfffffe48
    2ff4:	20676e6f 	rsbcs	r6, r7, pc, ror #28
    2ff8:	69736e75 	ldmdbvs	r3!, {r0, r2, r4, r5, r6, r9, sl, fp, sp, lr}^
    2ffc:	64656e67 	strbtvs	r6, [r5], #-3687	@ 0xfffff199
    3000:	746e6920 	strbtvc	r6, [lr], #-2336	@ 0xfffff6e0
    3004:	74657300 	strbtvc	r7, [r5], #-768	@ 0xfffffd00
    3008:	5f007075 	svcpl	0x00007075
    300c:	4e49555f 	mcrmi	5, 2, r5, cr9, cr15, {2}
    3010:	58414d54 	stmdapl	r1, {r2, r4, r6, r8, sl, fp, lr}^
    3014:	5059545f 	subspl	r5, r9, pc, asr r4
    3018:	205f5f45 	subscs	r5, pc, r5, asr #30
    301c:	676e6f6c 	strbvs	r6, [lr, -ip, ror #30]!
    3020:	6e6f6c20 	cdpvs	12, 6, cr6, cr15, cr0, {1}
    3024:	6e752067 	cdpvs	0, 7, cr2, cr5, cr7, {3}
    3028:	6e676973 			@ <UNDEFINED> instruction: 0x6e676973
    302c:	69206465 	stmdbvs	r0!, {r0, r2, r5, r6, sl, sp, lr}
    3030:	5f00746e 	svcpl	0x0000746e
    3034:	4645445f 			@ <UNDEFINED> instruction: 0x4645445f
    3038:	44454e49 	strbmi	r4, [r5], #-3657	@ 0xfffff1b7
    303c:	7a69735f 	bvc	1a5fdc0 <vector_table-0x65a0240>
    3040:	20745f65 	rsbscs	r5, r4, r5, ror #30
    3044:	465f5f00 	ldrbmi	r5, [pc], -r0, lsl #30
    3048:	3233544c 	eorscc	r5, r3, #76, 8	@ 0x4c000000
    304c:	4f4e5f58 	svcmi	0x004e5f58
    3050:	4d5f4d52 	ldclmi	13, cr4, [pc, #-328]	@ 2f10 <vector_table-0x7ffd0f0>
    3054:	5f5f5841 	svcpl	0x005f5841
    3058:	372e3120 	strcc	r3, [lr, -r0, lsr #2]!
    305c:	39363739 	ldmdbcc	r6!, {r0, r3, r4, r5, r8, r9, sl, ip, sp}
    3060:	34333133 	ldrtcc	r3, [r3], #-307	@ 0xfffffecd
    3064:	33323638 	teqcc	r2, #56, 12	@ 0x3800000
    3068:	65373531 	ldrvs	r3, [r7, #-1329]!	@ 0xfffffacf
    306c:	3830332b 	ldmdacc	r0!, {r0, r1, r3, r5, r8, r9, ip, sp}
    3070:	78323346 	ldmdavc	r2!, {r1, r2, r6, r8, r9, ip, sp}
    3074:	4c5f5f00 	mrrcmi	15, 0, r5, pc, cr0	@ <UNPREDICTABLE>
    3078:	5f4c4244 	svcpl	0x004c4244
    307c:	49535045 	ldmdbmi	r3, {r0, r2, r6, ip, lr}^
    3080:	5f4e4f4c 	svcpl	0x004e4f4c
    3084:	2e32205f 	mrccs	0, 1, r2, cr2, cr15, {2}
    3088:	34303232 	ldrtcc	r3, [r0], #-562	@ 0xfffffdce
    308c:	34303634 	ldrtcc	r3, [r0], #-1588	@ 0xfffff9cc
    3090:	30353239 	eorscc	r3, r5, r9, lsr r2
    3094:	31333133 	teqcc	r3, r3, lsr r1
    3098:	36312d65 	ldrtcc	r2, [r1], -r5, ror #26
    309c:	5f5f004c 	svcpl	0x005f004c
    30a0:	50544e49 	subspl	r4, r4, r9, asr #28
    30a4:	545f5254 	ldrbpl	r5, [pc], #-596	@ 30ac <vector_table-0x7ffcf54>
    30a8:	5f455059 	svcpl	0x00455059
    30ac:	6e69205f 	mcrvs	0, 3, r2, cr9, cr15, {2}
    30b0:	5f5f0074 	svcpl	0x005f0074
    30b4:	5f434544 	svcpl	0x00434544
    30b8:	4c415645 	mcrrmi	6, 4, r5, r1, cr5
    30bc:	54454d5f 	strbpl	r4, [r5], #-3423	@ 0xfffff2a1
    30c0:	5f444f48 	svcpl	0x00444f48
    30c4:	0032205f 	eorseq	r2, r2, pc, asr r0
    30c8:	53555f5f 	cmppl	r5, #380	@ 0x17c
    30cc:	55434341 	strbpl	r4, [r3, #-833]	@ 0xfffffcbf
    30d0:	494d5f4d 	stmdbmi	sp, {r0, r2, r3, r6, r8, r9, sl, fp, ip, lr}^
    30d4:	205f5f4e 	subscs	r5, pc, lr, asr #30
    30d8:	55302e30 	ldrpl	r2, [r0, #-3632]!	@ 0xfffff1d0
    30dc:	55004b48 	strpl	r4, [r0, #-2888]	@ 0xfffff4b8
    30e0:	4d544e49 	ldclmi	14, cr4, [r4, #-292]	@ 0xfffffedc
    30e4:	4d5f5841 	ldclmi	8, cr5, [pc, #-260]	@ 2fe8 <vector_table-0x7ffd018>
    30e8:	5f205841 	svcpl	0x00205841
    30ec:	4e49555f 	mcrmi	5, 2, r5, cr9, cr15, {2}
    30f0:	58414d54 	stmdapl	r1, {r2, r4, r6, r8, sl, fp, lr}^
    30f4:	58414d5f 	stmdapl	r1, {r0, r1, r2, r3, r4, r6, r8, sl, fp, lr}^
    30f8:	5f005f5f 	svcpl	0x00005f5f
    30fc:	4653555f 			@ <UNDEFINED> instruction: 0x4653555f
    3100:	54434152 	strbpl	r4, [r3], #-338	@ 0xfffffeae
    3104:	4942495f 	stmdbmi	r2, {r0, r1, r2, r3, r4, r6, r8, fp, lr}^
    3108:	205f5f54 	subscs	r5, pc, r4, asr pc	@ <UNPREDICTABLE>
    310c:	5f5f0030 	svcpl	0x005f0030
    3110:	5f544e49 	svcpl	0x00544e49
    3114:	5341454c 	movtpl	r4, #5452	@ 0x154c
    3118:	5f323354 	svcpl	0x00323354
    311c:	54444957 	strbpl	r4, [r4], #-2391	@ 0xfffff6a9
    3120:	205f5f48 	subscs	r5, pc, r8, asr #30
    3124:	5f003233 	svcpl	0x00003233
    3128:	4d52415f 	ldfmie	f4, [r2, #-380]	@ 0xfffffe84
    312c:	4145465f 	cmpmi	r5, pc, asr r6
    3130:	45525554 	ldrbmi	r5, [r2, #-1364]	@ 0xfffffaac
    3134:	5053445f 	subspl	r4, r3, pc, asr r4
    3138:	475f5f00 	ldrbmi	r5, [pc, -r0, lsl #30]
    313c:	5f43554e 	svcpl	0x0043554e
    3140:	45444957 	strbmi	r4, [r4, #-2391]	@ 0xfffff6a9
    3144:	4558455f 	ldrbmi	r4, [r8, #-1375]	@ 0xfffffaa1
    3148:	49545543 	ldmdbmi	r4, {r0, r1, r6, r8, sl, ip, lr}^
    314c:	435f4e4f 	cmpmi	pc, #1264	@ 0x4f0
    3150:	53524148 	cmppl	r2, #72, 2
    3154:	4e5f5445 	cdpmi	4, 5, cr5, cr15, cr5, {2}
    3158:	20454d41 	subcs	r4, r5, r1, asr #26
    315c:	46545522 	ldrbmi	r5, [r4], -r2, lsr #10
    3160:	4c32332d 	ldcmi	3, cr3, [r2], #-180	@ 0xffffff4c
    3164:	5f002245 	svcpl	0x00002245
    3168:	4e49555f 	mcrmi	5, 2, r5, cr9, cr15, {2}
    316c:	41465f54 	cmpmi	r6, r4, asr pc
    3170:	32335453 	eorscc	r5, r3, #1392508928	@ 0x53000000
    3174:	5059545f 	subspl	r5, r9, pc, asr r4
    3178:	205f5f45 	subscs	r5, pc, r5, asr #30
    317c:	69736e75 	ldmdbvs	r3!, {r0, r2, r4, r5, r6, r9, sl, fp, sp, lr}^
    3180:	64656e67 	strbtvs	r6, [r5], #-3687	@ 0xfffff199
    3184:	746e6920 	strbtvc	r6, [lr], #-2336	@ 0xfffff6e0
    3188:	4e495500 	cdpmi	5, 4, cr5, cr9, cr0, {0}
    318c:	5f343654 	svcpl	0x00343654
    3190:	0058414d 	subseq	r4, r8, sp, asr #2
    3194:	51445f5f 	cmppl	r4, pc, asr pc
    3198:	4942495f 	stmdbmi	r2, {r0, r1, r2, r3, r4, r6, r8, fp, lr}^
    319c:	205f5f54 	subscs	r5, pc, r4, asr pc	@ <UNPREDICTABLE>
    31a0:	5f5f0030 	svcpl	0x005f0030
    31a4:	5f544c46 	svcpl	0x00544c46
    31a8:	5f58414d 	svcpl	0x0058414d
    31ac:	2e33205f 	mrccs	0, 1, r2, cr3, cr15, {2}
    31b0:	38323034 	ldmdacc	r2!, {r2, r4, r5, ip, sp}
    31b4:	36343332 			@ <UNDEFINED> instruction: 0x36343332
    31b8:	35383336 	ldrcc	r3, [r8, #-822]!	@ 0xfffffcca
    31bc:	36383832 			@ <UNDEFINED> instruction: 0x36383832
    31c0:	38332b65 	ldmdacc	r3!, {r0, r2, r5, r6, r8, r9, fp, sp}
    31c4:	5f5f0046 	svcpl	0x005f0046
    31c8:	33544c46 	cmpcc	r4, #17920	@ 0x4600
    31cc:	494d5f32 	stmdbmi	sp, {r1, r4, r5, r8, r9, sl, fp, ip, lr}^
    31d0:	205f5f4e 	subscs	r5, pc, lr, asr #30
    31d4:	37312e31 			@ <UNDEFINED> instruction: 0x37312e31
    31d8:	34393435 	ldrtcc	r3, [r9], #-1077	@ 0xfffffbcb
    31dc:	38303533 	ldmdacc	r0!, {r0, r1, r4, r5, r8, sl, ip, sp}
    31e0:	38323232 	ldmdacc	r2!, {r1, r4, r5, r9, ip, sp}
    31e4:	2d653537 	cfstr64cs	mvdx3, [r5, #-220]!	@ 0xffffff24
    31e8:	33463833 	movtcc	r3, #26675	@ 0x6833
    31ec:	425f0032 	subsmi	r0, pc, #50	@ 0x32
    31f0:	575f4453 			@ <UNDEFINED> instruction: 0x575f4453
    31f4:	52414843 	subpl	r4, r1, #4390912	@ 0x430000
    31f8:	205f545f 	subscs	r5, pc, pc, asr r4	@ <UNPREDICTABLE>
    31fc:	535f5f00 	cmppl	pc, #0, 30
    3200:	5f455a49 	svcpl	0x00455a49
    3204:	45505954 	ldrbmi	r5, [r0, #-2388]	@ 0xfffff6ac
    3208:	75205f5f 	strvc	r5, [r0, #-3935]!	@ 0xfffff0a1
    320c:	6769736e 	strbvs	r7, [r9, -lr, ror #6]!
    3210:	2064656e 	rsbcs	r6, r4, lr, ror #10
    3214:	00746e69 	rsbseq	r6, r4, r9, ror #28
    3218:	41484357 	cmpmi	r8, r7, asr r3
    321c:	494d5f52 	stmdbmi	sp, {r1, r4, r6, r8, r9, sl, fp, ip, lr}^
    3220:	5f5f204e 	svcpl	0x005f204e
    3224:	41484357 	cmpmi	r8, r7, asr r3
    3228:	494d5f52 	stmdbmi	sp, {r1, r4, r6, r8, r9, sl, fp, ip, lr}^
    322c:	005f5f4e 	subseq	r5, pc, lr, asr #30
    3230:	38544e49 	ldmdacc	r4, {r0, r3, r6, r9, sl, fp, lr}^
    3234:	58414d5f 	stmdapl	r1, {r0, r1, r2, r3, r4, r6, r8, sl, fp, lr}^
    3238:	495f5f20 	ldmdbmi	pc, {r5, r8, r9, sl, fp, ip, lr}^	@ <UNPREDICTABLE>
    323c:	5f38544e 	svcpl	0x0038544e
    3240:	5f58414d 	svcpl	0x0058414d
    3244:	5f5f005f 	svcpl	0x005f005f
    3248:	414c4c55 	cmpmi	ip, r5, asr ip
    324c:	4d554343 	ldclmi	3, cr4, [r5, #-268]	@ 0xfffffef4
    3250:	4942465f 	stmdbmi	r2, {r0, r1, r2, r3, r4, r6, r9, sl, lr}^
    3254:	205f5f54 	subscs	r5, pc, r4, asr pc	@ <UNPREDICTABLE>
    3258:	5f003233 	svcpl	0x00003233
    325c:	44445453 	strbmi	r5, [r4], #-1107	@ 0xfffffbad
    3260:	485f4645 	ldmdami	pc, {r0, r2, r6, r9, sl, lr}^	@ <UNPREDICTABLE>
    3264:	5f00205f 	svcpl	0x0000205f
    3268:	544c465f 	strbpl	r4, [ip], #-1631	@ 0xfffff9a1
    326c:	4d5f3436 	cfldrdmi	mvd3, [pc, #-216]	@ 319c <vector_table-0x7ffce64>
    3270:	455f4e49 	ldrbmi	r4, [pc, #-3657]	@ 242f <vector_table-0x7ffdbd1>
    3274:	5f5f5058 	svcpl	0x005f5058
    3278:	312d2820 			@ <UNDEFINED> instruction: 0x312d2820
    327c:	29313230 	ldmdbcs	r1!, {r4, r5, r9, ip, sp}
    3280:	544e4900 	strbpl	r4, [lr], #-2304	@ 0xfffff700
    3284:	5341465f 	movtpl	r4, #5727	@ 0x165f
    3288:	5f323354 	svcpl	0x00323354
    328c:	2058414d 	subscs	r4, r8, sp, asr #2
    3290:	4e495f5f 	mcrmi	15, 2, r5, cr9, cr15, {2}
    3294:	41465f54 	cmpmi	r6, r4, asr pc
    3298:	32335453 	eorscc	r5, r3, #1392508928	@ 0x53000000
    329c:	58414d5f 	stmdapl	r1, {r0, r1, r2, r3, r4, r6, r8, sl, fp, lr}^
    32a0:	5f005f5f 	svcpl	0x00005f5f
    32a4:	4152465f 	cmpmi	r2, pc, asr r6
    32a8:	465f5443 	ldrbmi	r5, [pc], -r3, asr #8
    32ac:	5f544942 	svcpl	0x00544942
    32b0:	3531205f 	ldrcc	r2, [r1, #-95]!	@ 0xffffffa1
    32b4:	475f5f00 	ldrbmi	r5, [pc, -r0, lsl #30]
    32b8:	415f4343 	cmpmi	pc, r3, asr #6
    32bc:	494d4f54 	stmdbmi	sp, {r2, r4, r6, r8, r9, sl, fp, lr}^
    32c0:	48535f43 	ldmdami	r3, {r0, r1, r6, r8, r9, sl, fp, ip, lr}^
    32c4:	5f54524f 	svcpl	0x0054524f
    32c8:	4b434f4c 	blmi	10d7000 <vector_table-0x6f29000>
    32cc:	4552465f 	ldrbmi	r4, [r2, #-1631]	@ 0xfffff9a1
    32d0:	00322045 	eorseq	r2, r2, r5, asr #32
    32d4:	54555f5f 	ldrbpl	r5, [r5], #-3935	@ 0xfffff0a1
    32d8:	42495f41 	submi	r5, r9, #260	@ 0x104
    32dc:	5f5f5449 	svcpl	0x005f5449
    32e0:	00343620 	eorseq	r3, r4, r0, lsr #12
    32e4:	4c465f5f 	mcrrmi	15, 5, r5, r6, cr15
    32e8:	494d5f54 	stmdbmi	sp, {r2, r4, r6, r8, r9, sl, fp, ip, lr}^
    32ec:	30315f4e 	eorscc	r5, r1, lr, asr #30
    32f0:	5058455f 	subspl	r4, r8, pc, asr r5
    32f4:	28205f5f 	stmdacs	r0!, {r0, r1, r2, r3, r4, r6, r8, r9, sl, fp, ip, lr}
    32f8:	2937332d 	ldmdbcs	r7!, {r0, r2, r3, r5, r8, r9, ip, sp}
    32fc:	465f5f00 	ldrbmi	r5, [pc], -r0, lsl #30
    3300:	495f544c 	ldmdbmi	pc, {r2, r3, r6, sl, ip, lr}^	@ <UNPREDICTABLE>
    3304:	45495f53 	strbmi	r5, [r9, #-3923]	@ 0xfffff0ad
    3308:	30365f43 	eorscc	r5, r6, r3, asr #30
    330c:	5f393535 	svcpl	0x00393535
    3310:	0031205f 	eorseq	r2, r1, pc, asr r0
    3314:	4c465f5f 	mcrrmi	15, 5, r5, r6, cr15
    3318:	58323354 	ldmdapl	r2!, {r2, r4, r6, r8, r9, ip, sp}
    331c:	5350455f 	cmppl	r0, #398458880	@ 0x17c00000
    3320:	4e4f4c49 	cdpmi	12, 4, cr4, cr15, cr9, {2}
    3324:	32205f5f 	eorcc	r5, r0, #380	@ 0x17c
    3328:	3032322e 	eorscc	r3, r2, lr, lsr #4
    332c:	30363434 	eorscc	r3, r6, r4, lsr r4
    3330:	35323934 	ldrcc	r3, [r2, #-2356]!	@ 0xfffff6cc
    3334:	33313330 	teqcc	r1, #48, 6	@ 0xc0000000
    3338:	312d6531 			@ <UNDEFINED> instruction: 0x312d6531
    333c:	32334636 	eorscc	r4, r3, #56623104	@ 0x3600000
    3340:	49550078 	ldmdbmi	r5, {r3, r4, r5, r6}^
    3344:	5f38544e 	svcpl	0x0038544e
    3348:	5f5f0043 	svcpl	0x005f0043
    334c:	5f544c46 	svcpl	0x00544c46
    3350:	4c415645 	mcrrmi	6, 4, r5, r1, cr5
    3354:	54454d5f 	strbpl	r4, [r5], #-3423	@ 0xfffff2a1
    3358:	5f444f48 	svcpl	0x00444f48
    335c:	315f5354 	cmpcc	pc, r4, asr r3	@ <UNPREDICTABLE>
    3360:	31363638 	teqcc	r6, r8, lsr r6
    3364:	5f5f335f 	svcpl	0x005f335f
    3368:	5f003020 	svcpl	0x00003020
    336c:	4c42445f 	cfstrdmi	mvd4, [r2], {95}	@ 0x5f
    3370:	5341485f 	movtpl	r4, #6239	@ 0x185f
    3374:	464e495f 			@ <UNDEFINED> instruction: 0x464e495f
    3378:	54494e49 	strbpl	r4, [r9], #-3657	@ 0xfffff1b7
    337c:	205f5f59 	subscs	r5, pc, r9, asr pc	@ <UNPREDICTABLE>
    3380:	49530031 	ldmdbmi	r3, {r0, r4, r5}^
    3384:	54415f47 	strbpl	r5, [r1], #-3911	@ 0xfffff0b9
    3388:	43494d4f 	movtmi	r4, #40271	@ 0x9d4f
    338c:	58414d5f 	stmdapl	r1, {r0, r1, r2, r3, r4, r6, r8, sl, fp, lr}^
    3390:	535f5f20 	cmppl	pc, #32, 30	@ 0x80
    3394:	415f4749 	cmpmi	pc, r9, asr #14
    3398:	494d4f54 	stmdbmi	sp, {r2, r4, r6, r8, r9, sl, fp, lr}^
    339c:	414d5f43 	cmpmi	sp, r3, asr #30
    33a0:	005f5f58 	subseq	r5, pc, r8, asr pc	@ <UNPREDICTABLE>
    33a4:	52415f5f 	subpl	r5, r1, #380	@ 0x17c
    33a8:	45465f4d 	strbmi	r5, [r6, #-3917]	@ 0xfffff0b3
    33ac:	52555441 	subspl	r5, r5, #1090519040	@ 0x41000000
    33b0:	42515f45 	subsmi	r5, r1, #276	@ 0x114
    33b4:	31205449 			@ <UNDEFINED> instruction: 0x31205449
    33b8:	495f5f00 	ldmdbmi	pc, {r8, r9, sl, fp, ip, lr}^	@ <UNPREDICTABLE>
    33bc:	465f544e 	ldrbmi	r5, [pc], -lr, asr #8
    33c0:	33545341 	cmpcc	r4, #67108865	@ 0x4000001
    33c4:	59545f32 	ldmdbpl	r4, {r1, r4, r5, r8, r9, sl, fp, ip, lr}^
    33c8:	5f5f4550 	svcpl	0x005f4550
    33cc:	746e6920 	strbtvc	r6, [lr], #-2336	@ 0xfffff6e0
    33d0:	465f5f00 	ldrbmi	r5, [pc], -r0, lsl #30
    33d4:	485f544c 	ldmdami	pc, {r2, r3, r6, sl, ip, lr}^	@ <UNPREDICTABLE>
    33d8:	515f5341 	cmppl	pc, r1, asr #6
    33dc:	54454955 	strbpl	r4, [r5], #-2389	@ 0xfffff6ab
    33e0:	4e414e5f 	mcrmi	14, 2, r4, cr1, cr15, {2}
    33e4:	31205f5f 			@ <UNDEFINED> instruction: 0x31205f5f
    33e8:	535f5f00 	cmppl	pc, #0, 30
    33ec:	4f455a49 	svcmi	0x00455a49
    33f0:	4e495f46 	cdpmi	15, 4, cr5, cr9, cr6, {2}
    33f4:	205f5f54 	subscs	r5, pc, r4, asr pc	@ <UNPREDICTABLE>
    33f8:	5f5f0034 	svcpl	0x005f0034
    33fc:	4d544e49 	ldclmi	14, cr4, [r4, #-292]	@ 0xfffffedc
    3400:	545f5841 	ldrbpl	r5, [pc], #-2113	@ 3408 <vector_table-0x7ffcbf8>
    3404:	5f455059 	svcpl	0x00455059
    3408:	6f6c205f 	svcvs	0x006c205f
    340c:	6c20676e 	stcvs	7, cr6, [r0], #-440	@ 0xfffffe48
    3410:	20676e6f 	rsbcs	r6, r7, pc, ror #28
    3414:	00746e69 	rsbseq	r6, r4, r9, ror #28
    3418:	4e495f5f 	mcrmi	15, 2, r5, cr9, cr15, {2}
    341c:	58414d54 	stmdapl	r1, {r2, r4, r6, r8, sl, fp, lr}^
    3420:	6328435f 			@ <UNDEFINED> instruction: 0x6328435f
    3424:	20632029 	rsbcs	r2, r3, r9, lsr #32
    3428:	4c202323 	stcmi	3, cr2, [r0], #-140	@ 0xffffff74
    342c:	4353004c 	cmpmi	r3, #76	@ 0x4c
    3430:	48535f42 	ldmdami	r3, {r1, r6, r8, r9, sl, fp, ip, lr}^
    3434:	20335250 	eorscs	r5, r3, r0, asr r2
    3438:	28282a28 	stmdacs	r8!, {r3, r5, r9, fp, sp}
    343c:	616c6f76 	smcvs	50934	@ 0xc6f6
    3440:	656c6974 	strbvs	r6, [ip, #-2420]!	@ 0xfffff68c
    3444:	6e697520 	cdpvs	5, 6, cr7, cr9, cr0, {1}
    3448:	5f323374 	svcpl	0x00323374
    344c:	292a2074 	stmdbcs	sl!, {r2, r4, r5, r6, sp}
    3450:	30457830 	subcc	r7, r5, r0, lsr r8
    3454:	44453030 	strbmi	r3, [r5], #-48	@ 0xffffffd0
    3458:	4c553032 	mrrcmi	0, 3, r3, r5, cr2
    345c:	49002929 	stmdbmi	r0, {r0, r3, r5, r8, fp, sp}
    3460:	465f544e 	ldrbmi	r5, [pc], -lr, asr #8
    3464:	33545341 	cmpcc	r4, #67108865	@ 0x4000001
    3468:	494d5f32 	stmdbmi	sp, {r1, r4, r5, r8, r9, sl, fp, ip, lr}^
    346c:	2d28204e 	stccs	0, cr2, [r8, #-312]!	@ 0xfffffec8
    3470:	5f544e49 	svcpl	0x00544e49
    3474:	54534146 	ldrbpl	r4, [r3], #-326	@ 0xfffffeba
    3478:	4d5f3233 	lfmmi	f3, 2, [pc, #-204]	@ 33b4 <vector_table-0x7ffcc4c>
    347c:	2d205841 	stccs	8, cr5, [r0, #-260]!	@ 0xfffffefc
    3480:	00293120 	eoreq	r3, r9, r0, lsr #2
    3484:	50415f5f 	subpl	r5, r1, pc, asr pc
    3488:	335f5343 	cmpcc	pc, #201326593	@ 0xc000001
    348c:	205f5f32 	subscs	r5, pc, r2, lsr pc	@ <UNPREDICTABLE>
    3490:	49550031 	ldmdbmi	r5, {r0, r4, r5}^
    3494:	465f544e 	ldrbmi	r5, [pc], -lr, asr #8
    3498:	31545341 	cmpcc	r4, r1, asr #6
    349c:	414d5f36 	cmpmi	sp, r6, lsr pc
    34a0:	5f5f2058 	svcpl	0x005f2058
    34a4:	544e4955 	strbpl	r4, [lr], #-2389	@ 0xfffff6ab
    34a8:	5341465f 	movtpl	r4, #5727	@ 0x165f
    34ac:	5f363154 	svcpl	0x00363154
    34b0:	5f58414d 	svcpl	0x0058414d
    34b4:	666f005f 			@ <UNDEFINED> instruction: 0x666f005f
    34b8:	74657366 	strbtvc	r7, [r5], #-870	@ 0xfffffc9a
    34bc:	5428666f 	strtpl	r6, [r8], #-1647	@ 0xfffff991
    34c0:	2c455059 	mcrrcs	0, 5, r5, r5, cr9
    34c4:	424d454d 	submi	r4, sp, #322961408	@ 0x13400000
    34c8:	20295245 	eorcs	r5, r9, r5, asr #4
    34cc:	75625f5f 	strbvc	r5, [r2, #-3935]!	@ 0xfffff0a1
    34d0:	69746c69 	ldmdbvs	r4!, {r0, r3, r5, r6, sl, fp, sp, lr}^
    34d4:	666f5f6e 	strbtvs	r5, [pc], -lr, ror #30
    34d8:	74657366 	strbtvc	r7, [r5], #-870	@ 0xfffffc9a
    34dc:	2820666f 	stmdacs	r0!, {r0, r1, r2, r3, r5, r6, r9, sl, sp, lr}
    34e0:	45505954 	ldrbmi	r5, [r0, #-2388]	@ 0xfffff6ac
    34e4:	454d202c 	strbmi	r2, [sp, #-44]	@ 0xffffffd4
    34e8:	5245424d 	subpl	r4, r5, #-805306364	@ 0xd0000004
    34ec:	5f5f0029 	svcpl	0x005f0029
    34f0:	5f4c4244 	svcpl	0x004c4244
    34f4:	4f4e4544 	svcmi	0x004e4544
    34f8:	4d5f4d52 	ldclmi	13, cr4, [pc, #-328]	@ 33b8 <vector_table-0x7ffcc48>
    34fc:	5f5f4e49 	svcpl	0x005f4e49
    3500:	64282820 	strtvs	r2, [r8], #-2080	@ 0xfffff7e0
    3504:	6c62756f 	cfstr64vs	mvdx7, [r2], #-444	@ 0xfffffe44
    3508:	2e342965 	vsubcs.f16	s4, s8, s11	@ <UNPREDICTABLE>
    350c:	36303439 			@ <UNDEFINED> instruction: 0x36303439
    3510:	35343635 	ldrcc	r3, [r4, #-1589]!	@ 0xfffff9cb
    3514:	32313438 	eorscc	r3, r1, #56, 8	@ 0x38000000
    3518:	34353634 	ldrtcc	r3, [r5], #-1588	@ 0xfffff9cc
    351c:	32332d65 	eorscc	r2, r3, #6464	@ 0x1940
    3520:	00294c34 	eoreq	r4, r9, r4, lsr ip
    3524:	49555f5f 	ldmdbmi	r5, {r0, r1, r2, r3, r4, r6, r8, r9, sl, fp, ip, lr}^
    3528:	3436544e 	ldrtcc	r5, [r6], #-1102	@ 0xfffffbb2
    352c:	5059545f 	subspl	r5, r9, pc, asr r4
    3530:	205f5f45 	subscs	r5, pc, r5, asr #30
    3534:	676e6f6c 	strbvs	r6, [lr, -ip, ror #30]!
    3538:	6e6f6c20 	cdpvs	12, 6, cr6, cr15, cr0, {1}
    353c:	6e752067 	cdpvs	0, 7, cr2, cr5, cr7, {3}
    3540:	6e676973 			@ <UNDEFINED> instruction: 0x6e676973
    3544:	69206465 	stmdbvs	r0!, {r0, r2, r5, r6, sl, sp, lr}
    3548:	5f00746e 	svcpl	0x0000746e
    354c:	544c465f 	strbpl	r4, [ip], #-1631	@ 0xfffff9a1
    3550:	5f583233 	svcpl	0x00583233
    3554:	5f534148 	svcpl	0x00534148
    3558:	45495551 	strbmi	r5, [r9, #-1361]	@ 0xfffffaaf
    355c:	414e5f54 	cmpmi	lr, r4, asr pc
    3560:	205f5f4e 	subscs	r5, pc, lr, asr #30
    3564:	5f5f0031 	svcpl	0x005f0031
    3568:	5f4c4244 	svcpl	0x004c4244
    356c:	5f58414d 	svcpl	0x0058414d
    3570:	455f3031 	ldrbmi	r3, [pc, #-49]	@ 3547 <vector_table-0x7ffcab9>
    3574:	5f5f5058 	svcpl	0x005f5058
    3578:	38303320 	ldmdacc	r0!, {r5, r8, r9, ip, sp}
    357c:	465f5f00 	ldrbmi	r5, [pc], -r0, lsl #30
    3580:	3233544c 	eorscc	r5, r3, #76, 8	@ 0x4c000000
    3584:	494d5f58 	stmdbmi	sp, {r3, r4, r6, r8, r9, sl, fp, ip, lr}^
    3588:	205f5f4e 	subscs	r5, pc, lr, asr #30
    358c:	32322e32 	eorscc	r2, r2, #800	@ 0x320
    3590:	33373035 	teqcc	r7, #53	@ 0x35
    3594:	35383538 	ldrcc	r3, [r8, #-1336]!	@ 0xfffffac8
    3598:	30323730 	eorscc	r3, r2, r0, lsr r7
    359c:	2d653431 	cfstrdcs	mvd3, [r5, #-196]!	@ 0xffffff3c
    35a0:	46383033 			@ <UNDEFINED> instruction: 0x46383033
    35a4:	00783233 	rsbseq	r3, r8, r3, lsr r2
    35a8:	544e4955 	strbpl	r4, [lr], #-2389	@ 0xfffff6ab
    35ac:	4d5f3233 	lfmmi	f3, 2, [pc, #-204]	@ 34e8 <vector_table-0x7ffcb18>
    35b0:	5f205841 	svcpl	0x00205841
    35b4:	4e49555f 	mcrmi	5, 2, r5, cr9, cr15, {2}
    35b8:	5f323354 	svcpl	0x00323354
    35bc:	5f58414d 	svcpl	0x0058414d
    35c0:	5f5f005f 	svcpl	0x005f005f
    35c4:	5f434347 	svcpl	0x00434347
    35c8:	4d4f5441 	cfstrdmi	mvd5, [pc, #-260]	@ 34cc <vector_table-0x7ffcb34>
    35cc:	435f4349 	cmpmi	pc, #603979777	@ 0x24000001
    35d0:	5f524148 	svcpl	0x00524148
    35d4:	4b434f4c 	blmi	10d730c <vector_table-0x6f28cf4>
    35d8:	4552465f 	ldrbmi	r4, [r2, #-1631]	@ 0xfffff9a1
    35dc:	00322045 	eorseq	r2, r2, r5, asr #32
    35e0:	41545f5f 	cmpmi	r4, pc, asr pc
    35e4:	4942495f 	stmdbmi	r2, {r0, r1, r2, r3, r4, r6, r8, fp, lr}^
    35e8:	205f5f54 	subscs	r5, pc, r4, asr pc	@ <UNPREDICTABLE>
    35ec:	5f003436 	svcpl	0x00003436
    35f0:	5f51515f 	svcpl	0x0051515f
    35f4:	54494246 	strbpl	r4, [r9], #-582	@ 0xfffffdba
    35f8:	37205f5f 			@ <UNDEFINED> instruction: 0x37205f5f
    35fc:	465f5f00 	ldrbmi	r5, [pc], -r0, lsl #30
    3600:	3233544c 	eorscc	r5, r3, #76, 8	@ 0x4c000000
    3604:	41485f58 	cmpmi	r8, r8, asr pc
    3608:	4e495f53 	mcrmi	15, 2, r5, cr9, cr3, {2}
    360c:	494e4946 	stmdbmi	lr, {r1, r2, r6, r8, fp, lr}^
    3610:	5f5f5954 	svcpl	0x005f5954
    3614:	57003120 	strpl	r3, [r0, -r0, lsr #2]
    3618:	5f544e49 	svcpl	0x00544e49
    361c:	204e494d 	subcs	r4, lr, sp, asr #18
    3620:	49575f5f 	ldmdbmi	r7, {r0, r1, r2, r3, r4, r6, r8, r9, sl, fp, ip, lr}^
    3624:	4d5f544e 	cfldrdmi	mvd5, [pc, #-312]	@ 34f4 <vector_table-0x7ffcb0c>
    3628:	5f5f4e49 	svcpl	0x005f4e49
    362c:	555f5f00 	ldrbpl	r5, [pc, #-3840]	@ 2734 <vector_table-0x7ffd8cc>
    3630:	5f544e49 	svcpl	0x00544e49
    3634:	5341454c 	movtpl	r4, #5452	@ 0x154c
    3638:	5f363154 	svcpl	0x00363154
    363c:	45505954 	ldrbmi	r5, [r0, #-2388]	@ 0xfffff6ac
    3640:	73205f5f 			@ <UNDEFINED> instruction: 0x73205f5f
    3644:	74726f68 	ldrbtvc	r6, [r2], #-3944	@ 0xfffff098
    3648:	736e7520 	cmnvc	lr, #32, 10	@ 0x8000000
    364c:	656e6769 	strbvs	r6, [lr, #-1897]!	@ 0xfffff897
    3650:	6e692064 	cdpvs	0, 6, cr2, cr9, cr4, {3}
    3654:	5f5f0074 	svcpl	0x005f0074
    3658:	5f4d5241 	svcpl	0x004d5241
    365c:	48435241 	stmdami	r3, {r0, r6, r9, ip, lr}^
    3660:	4f52505f 	svcmi	0x0052505f
    3664:	454c4946 	strbmi	r4, [ip, #-2374]	@ 0xfffff6ba
    3668:	00373720 	eorseq	r3, r7, r0, lsr #14
    366c:	31544e49 	cmpcc	r4, r9, asr #28
    3670:	414d5f36 	cmpmi	sp, r6, lsr pc
    3674:	5f5f2058 	svcpl	0x005f2058
    3678:	31544e49 	cmpcc	r4, r9, asr #28
    367c:	414d5f36 	cmpmi	sp, r6, lsr pc
    3680:	005f5f58 	subseq	r5, pc, r8, asr pc	@ <UNPREDICTABLE>
    3684:	4e495f5f 	mcrmi	15, 2, r5, cr9, cr15, {2}
    3688:	41465f54 	cmpmi	r6, r4, asr pc
    368c:	5f385453 	svcpl	0x00385453
    3690:	54444957 	strbpl	r4, [r4], #-2391	@ 0xfffff6a9
    3694:	205f5f48 	subscs	r5, pc, r8, asr #30
    3698:	5f003233 	svcpl	0x00003233
    369c:	544c465f 	strbpl	r4, [ip], #-1631	@ 0xfffff9a1
    36a0:	4e494d5f 	mcrmi	13, 2, r4, cr9, cr15, {2}
    36a4:	5058455f 	subspl	r4, r8, pc, asr r5
    36a8:	28205f5f 	stmdacs	r0!, {r0, r1, r2, r3, r4, r6, r8, r9, sl, fp, ip, lr}
    36ac:	3532312d 	ldrcc	r3, [r2, #-301]!	@ 0xfffffed3
    36b0:	5f5f0029 	svcpl	0x005f0029
    36b4:	5f4d5241 	svcpl	0x004d5241
    36b8:	54414546 	strbpl	r4, [r1], #-1350	@ 0xfffffaba
    36bc:	5f455255 	svcpl	0x00455255
    36c0:	4d54414d 	ldfmie	f4, [r4, #-308]	@ 0xfffffecc
    36c4:	495f4c55 	ldmdbmi	pc, {r0, r2, r4, r6, sl, fp, lr}^	@ <UNPREDICTABLE>
    36c8:	0038544e 	eorseq	r5, r8, lr, asr #8
    36cc:	52534349 	subspl	r4, r3, #603979777	@ 0x24000001
    36d0:	4e45505f 	mcrmi	0, 2, r5, cr5, cr15, {2}
    36d4:	53565344 	cmppl	r6, #68, 6	@ 0x10000001
    36d8:	425f5445 	subsmi	r5, pc, #1157627904	@ 0x45000000
    36dc:	28205449 	stmdacs	r0!, {r0, r3, r6, sl, ip, lr}
    36e0:	204c5531 	subcs	r5, ip, r1, lsr r5
    36e4:	32203c3c 	eorcc	r3, r0, #60, 24	@ 0x3c00
    36e8:	5f002938 	svcpl	0x00002938
    36ec:	4345445f 	movtmi	r4, #21599	@ 0x545f
    36f0:	4c414d49 	mcrrmi	13, 4, r4, r1, cr9
    36f4:	4749445f 	smlsldmi	r4, r9, pc, r4	@ <UNPREDICTABLE>
    36f8:	31205f5f 			@ <UNDEFINED> instruction: 0x31205f5f
    36fc:	5f5f0037 	svcpl	0x005f0037
    3700:	33544e49 	cmpcc	r4, #1168	@ 0x490
    3704:	28435f32 	stmdacs	r3, {r1, r4, r5, r8, r9, sl, fp, ip, lr}^
    3708:	63202963 			@ <UNDEFINED> instruction: 0x63202963
    370c:	20232320 	eorcs	r2, r3, r0, lsr #6
    3710:	4e49004c 	cdpmi	0, 4, cr0, cr9, cr12, {2}
    3714:	41465f54 	cmpmi	r6, r4, asr pc
    3718:	36315453 			@ <UNDEFINED> instruction: 0x36315453
    371c:	4e494d5f 	mcrmi	13, 2, r4, cr9, cr15, {2}
    3720:	544e4900 	strbpl	r4, [lr], #-2304	@ 0xfffff700
    3724:	4d5f3436 	cfldrdmi	mvd3, [pc, #-216]	@ 3654 <vector_table-0x7ffc9ac>
    3728:	5f004e49 	svcpl	0x00004e49
    372c:	4d52415f 	ldfmie	f4, [r2, #-380]	@ 0xfffffe84
    3730:	4145465f 	cmpmi	r5, pc, asr r6
    3734:	45525554 	ldrbmi	r5, [r2, #-1364]	@ 0xfffffaac
    3738:	5541505f 	strbpl	r5, [r1, #-95]	@ 0xffffffa1
    373c:	5f004854 	svcpl	0x00004854
    3740:	42444c5f 	submi	r4, r4, #24320	@ 0x5f00
    3744:	414d5f4c 	cmpmi	sp, ip, asr #30
    3748:	30315f58 	eorscc	r5, r1, r8, asr pc
    374c:	5058455f 	subspl	r4, r8, pc, asr r5
    3750:	33205f5f 			@ <UNDEFINED> instruction: 0x33205f5f
    3754:	5f003830 	svcpl	0x00003830
    3758:	544c465f 	strbpl	r4, [ip], #-1631	@ 0xfffff9a1
    375c:	5f583233 	svcpl	0x00583233
    3760:	5f58414d 	svcpl	0x0058414d
    3764:	455f3031 	ldrbmi	r3, [pc, #-49]	@ 373b <vector_table-0x7ffc8c5>
    3768:	5f5f5058 	svcpl	0x005f5058
    376c:	38303320 	ldmdacc	r0!, {r5, r8, r9, ip, sp}
    3770:	555f5f00 	ldrbpl	r5, [pc, #-3840]	@ 2878 <vector_table-0x7ffd788>
    3774:	50544e49 	subspl	r4, r4, r9, asr #28
    3778:	4d5f5254 	lfmmi	f5, 2, [pc, #-336]	@ 3630 <vector_table-0x7ffc9d0>
    377c:	5f5f5841 	svcpl	0x005f5841
    3780:	66783020 	ldrbtvs	r3, [r8], -r0, lsr #32
    3784:	66666666 	strbtvs	r6, [r6], -r6, ror #12
    3788:	55666666 	strbpl	r6, [r6, #-1638]!	@ 0xfffff99a
    378c:	445f5f00 	ldrbmi	r5, [pc], #-3840	@ 3794 <vector_table-0x7ffc86c>
    3790:	485f4c42 	ldmdami	pc, {r1, r6, sl, fp, lr}^	@ <UNPREDICTABLE>
    3794:	445f5341 	ldrbmi	r5, [pc], #-833	@ 379c <vector_table-0x7ffc864>
    3798:	524f4e45 	subpl	r4, pc, #1104	@ 0x450
    379c:	205f5f4d 	subscs	r5, pc, sp, asr #30
    37a0:	5f5f0031 	svcpl	0x005f0031
    37a4:	43554e47 	cmpmi	r5, #1136	@ 0x470
    37a8:	4558455f 	ldrbmi	r4, [r8, #-1375]	@ 0xfffffaa1
    37ac:	49545543 	ldmdbmi	r4, {r0, r1, r6, r8, sl, ip, lr}^
    37b0:	435f4e4f 	cmpmi	pc, #1264	@ 0x4f0
    37b4:	53524148 	cmppl	r2, #72, 2
    37b8:	4e5f5445 	cdpmi	4, 5, cr5, cr15, cr5, {2}
    37bc:	20454d41 	subcs	r4, r5, r1, asr #26
    37c0:	46545522 	ldrbmi	r5, [r4], -r2, lsr #10
    37c4:	0022382d 	eoreq	r3, r2, sp, lsr #16
    37c8:	544e4955 	strbpl	r4, [lr], #-2389	@ 0xfffff6ab
    37cc:	4d5f3436 	cfldrdmi	mvd3, [pc, #-216]	@ 36fc <vector_table-0x7ffc904>
    37d0:	5f205841 	svcpl	0x00205841
    37d4:	4e49555f 	mcrmi	5, 2, r5, cr9, cr15, {2}
    37d8:	5f343654 	svcpl	0x00343654
    37dc:	5f58414d 	svcpl	0x0058414d
    37e0:	4955005f 	ldmdbmi	r5, {r0, r1, r2, r3, r4, r6}^
    37e4:	3631544e 	ldrtcc	r5, [r1], -lr, asr #8
    37e8:	6328435f 			@ <UNDEFINED> instruction: 0x6328435f
    37ec:	5f5f2029 	svcpl	0x005f2029
    37f0:	544e4955 	strbpl	r4, [lr], #-2389	@ 0xfffff6ab
    37f4:	435f3631 	cmpmi	pc, #51380224	@ 0x3100000
    37f8:	00296328 	eoreq	r6, r9, r8, lsr #6
    37fc:	52415f5f 	subpl	r5, r1, #380	@ 0x17c
    3800:	45465f4d 	strbmi	r5, [r6, #-3917]	@ 0xfffff0b3
    3804:	52555441 	subspl	r5, r5, #1090519040	@ 0x41000000
    3808:	52435f45 	subpl	r5, r3, #276	@ 0x114
    380c:	00323343 	eorseq	r3, r2, r3, asr #6
    3810:	4c465f5f 	mcrrmi	15, 5, r5, r6, cr15
    3814:	5f323354 	svcpl	0x00323354
    3818:	5f58414d 	svcpl	0x0058414d
    381c:	455f3031 	ldrbmi	r3, [pc, #-49]	@ 37f3 <vector_table-0x7ffc80d>
    3820:	5f5f5058 	svcpl	0x005f5058
    3824:	00383320 	eorseq	r3, r8, r0, lsr #6
    3828:	544e4955 	strbpl	r4, [lr], #-2389	@ 0xfffff6ab
    382c:	5341465f 	movtpl	r4, #5727	@ 0x165f
    3830:	5f363154 	svcpl	0x00363154
    3834:	0058414d 	subseq	r4, r8, sp, asr #2
    3838:	52415f5f 	subpl	r5, r1, #380	@ 0x17c
    383c:	45465f4d 	strbmi	r5, [r6, #-3917]	@ 0xfffff0b3
    3840:	52555441 	subspl	r5, r5, #1090519040	@ 0x41000000
    3844:	41535f45 	cmpmi	r3, r5, asr #30
    3848:	00312054 	eorseq	r2, r1, r4, asr r0
    384c:	464c5f5f 			@ <UNDEFINED> instruction: 0x464c5f5f
    3850:	54434152 	strbpl	r4, [r3], #-338	@ 0xfffffeae
    3854:	58414d5f 	stmdapl	r1, {r0, r1, r2, r3, r4, r6, r8, sl, fp, lr}^
    3858:	30205f5f 	eorcc	r5, r0, pc, asr pc
    385c:	46463758 			@ <UNDEFINED> instruction: 0x46463758
    3860:	46464646 	strbmi	r4, [r6], -r6, asr #12
    3864:	332d5046 			@ <UNDEFINED> instruction: 0x332d5046
    3868:	00524c31 	subseq	r4, r2, r1, lsr ip
    386c:	4453425f 	ldrbmi	r4, [r3], #-607	@ 0xfffffda1
    3870:	5254505f 	subspl	r5, r4, #95	@ 0x5f
    3874:	46464944 	strbmi	r4, [r6], -r4, asr #18
    3878:	205f545f 	subscs	r5, pc, pc, asr r4	@ <UNPREDICTABLE>
    387c:	4e415f00 	cdpmi	15, 4, cr5, cr1, cr0, {0}
    3880:	535f4953 	cmppl	pc, #1359872	@ 0x14c000
    3884:	45444454 	strbmi	r4, [r4, #-1108]	@ 0xfffffbac
    3888:	20485f46 	subcs	r5, r8, r6, asr #30
    388c:	495f5f00 	ldmdbmi	pc, {r8, r9, sl, fp, ip, lr}^	@ <UNPREDICTABLE>
    3890:	4c5f544e 	cfldrdmi	mvd5, [pc], {78}	@ 0x4e
    3894:	54534145 	ldrbpl	r4, [r3], #-325	@ 0xfffffebb
    3898:	4d5f3233 	lfmmi	f3, 2, [pc, #-204]	@ 37d4 <vector_table-0x7ffc82c>
    389c:	5f5f5841 	svcpl	0x005f5841
    38a0:	37783020 	ldrbcc	r3, [r8, -r0, lsr #32]!
    38a4:	66666666 	strbtvs	r6, [r6], -r6, ror #12
    38a8:	4c666666 	stclmi	6, cr6, [r6], #-408	@ 0xfffffe68
    38ac:	544e4900 	strbpl	r4, [lr], #-2304	@ 0xfffff700
    38b0:	435f3631 	cmpmi	pc, #51380224	@ 0x3100000
    38b4:	20296328 	eorcs	r6, r9, r8, lsr #6
    38b8:	4e495f5f 	mcrmi	15, 2, r5, cr9, cr15, {2}
    38bc:	5f363154 	svcpl	0x00363154
    38c0:	29632843 	stmdbcs	r3!, {r0, r1, r6, fp, sp}^
    38c4:	544e4900 	strbpl	r4, [lr], #-2304	@ 0xfffff700
    38c8:	435f3233 	cmpmi	pc, #805306371	@ 0x30000003
    38cc:	20296328 	eorcs	r6, r9, r8, lsr #6
    38d0:	4e495f5f 	mcrmi	15, 2, r5, cr9, cr15, {2}
    38d4:	5f323354 	svcpl	0x00323354
    38d8:	29632843 	stmdbcs	r3!, {r0, r1, r6, fp, sp}^
    38dc:	554e4700 	strbpl	r4, [lr, #-1792]	@ 0xfffff900
    38e0:	31314320 	teqcc	r1, r0, lsr #6
    38e4:	2e333120 	rsfcssp	f3, f3, f0
    38e8:	20312e32 	eorscs	r2, r1, r2, lsr lr
    38ec:	33323032 	teqcc	r2, #50	@ 0x32
    38f0:	39303031 	ldmdbcc	r0!, {r0, r4, r5, ip, sp}
    38f4:	746d2d20 	strbtvc	r2, [sp], #-3360	@ 0xfffff2e0
    38f8:	626d7568 	rsbvs	r7, sp, #104, 10	@ 0x1a000000
    38fc:	636d2d20 	cmnvs	sp, #32, 26	@ 0x800
    3900:	633d7570 	teqvs	sp, #112, 10	@ 0x1c000000
    3904:	6574726f 	ldrbvs	r7, [r4, #-623]!	@ 0xfffffd91
    3908:	336d2d78 	cmncc	sp, #120, 26	@ 0x1e00
    390c:	666d2d20 	strbtvs	r2, [sp], -r0, lsr #26
    3910:	74616f6c 	strbtvc	r6, [r1], #-3948	@ 0xfffff094
    3914:	6962612d 	stmdbvs	r2!, {r0, r2, r3, r5, r8, sp, lr}^
    3918:	666f733d 			@ <UNDEFINED> instruction: 0x666f733d
    391c:	6d2d2074 	stcvs	0, cr2, [sp, #-464]!	@ 0xfffffe30
    3920:	68637261 	stmdavs	r3!, {r0, r5, r6, r9, ip, sp, lr}^
    3924:	6d72613d 	ldfvse	f6, [r2, #-244]!	@ 0xffffff0c
    3928:	6d2d3776 	stcvs	7, cr3, [sp, #-472]!	@ 0xfffffe28
    392c:	33672d20 	cmncc	r7, #32, 26	@ 0x800
    3930:	304f2d20 	subcc	r2, pc, r0, lsr #26
    3934:	74732d20 	ldrbtvc	r2, [r3], #-3360	@ 0xfffff2e0
    3938:	6e673d64 	cdpvs	13, 6, cr3, cr7, cr4, {3}
    393c:	00313175 	eorseq	r3, r1, r5, ror r1
    3940:	49555f5f 	ldmdbmi	r5, {r0, r1, r2, r3, r4, r6, r8, r9, sl, fp, ip, lr}^
    3944:	414d544e 	cmpmi	sp, lr, asr #8
    3948:	414d5f58 	cmpmi	sp, r8, asr pc
    394c:	205f5f58 	subscs	r5, pc, r8, asr pc	@ <UNPREDICTABLE>
    3950:	66667830 			@ <UNDEFINED> instruction: 0x66667830
    3954:	66666666 	strbtvs	r6, [r6], -r6, ror #12
    3958:	66666666 	strbtvs	r6, [r6], -r6, ror #12
    395c:	66666666 	strbtvs	r6, [r6], -r6, ror #12
    3960:	4c556666 	mrrcmi	6, 6, r6, r5, cr6
    3964:	5f5f004c 	svcpl	0x005f004c
    3968:	5f474953 	svcpl	0x00474953
    396c:	4d4f5441 	cfstrdmi	mvd5, [pc, #-260]	@ 3870 <vector_table-0x7ffc790>
    3970:	545f4349 	ldrbpl	r4, [pc], #-841	@ 3978 <vector_table-0x7ffc688>
    3974:	5f455059 	svcpl	0x00455059
    3978:	6e69205f 	mcrvs	0, 3, r2, cr9, cr15, {2}
    397c:	5f5f0074 	svcpl	0x005f0074
    3980:	53524556 	cmppl	r2, #360710144	@ 0x15800000
    3984:	5f4e4f49 	svcpl	0x004e4f49
    3988:	3122205f 	qsubcc	r2, pc, r2	@ <UNPREDICTABLE>
    398c:	2e322e33 	mrccs	14, 1, r2, cr2, cr3, {1}
    3990:	30322031 	eorscc	r2, r2, r1, lsr r0
    3994:	30313332 	eorscc	r3, r1, r2, lsr r3
    3998:	00223930 	eoreq	r3, r2, r0, lsr r9
    399c:	4c4c5f5f 	mcrrmi	15, 5, r5, ip, cr15
    39a0:	43415246 	movtmi	r5, #4678	@ 0x1246
    39a4:	494d5f54 	stmdbmi	sp, {r2, r4, r6, r8, r9, sl, fp, ip, lr}^
    39a8:	205f5f4e 	subscs	r5, pc, lr, asr #30
    39ac:	2e302d28 	cdpcs	13, 3, cr2, cr0, cr8, {1}
    39b0:	524c4c35 	subpl	r4, ip, #13568	@ 0x3500
    39b4:	352e302d 	strcc	r3, [lr, #-45]!	@ 0xffffffd3
    39b8:	29524c4c 	ldmdbcs	r2, {r2, r3, r6, sl, fp, lr}^
    39bc:	544e4900 	strbpl	r4, [lr], #-2304	@ 0xfffff700
    39c0:	41454c5f 	cmpmi	r5, pc, asr ip
    39c4:	32335453 	eorscc	r5, r3, #1392508928	@ 0x53000000
    39c8:	58414d5f 	stmdapl	r1, {r0, r1, r2, r3, r4, r6, r8, sl, fp, lr}^
    39cc:	495f5f20 	ldmdbmi	pc, {r5, r8, r9, sl, fp, ip, lr}^	@ <UNPREDICTABLE>
    39d0:	4c5f544e 	cfldrdmi	mvd5, [pc], {78}	@ 0x4e
    39d4:	54534145 	ldrbpl	r4, [r3], #-325	@ 0xfffffebb
    39d8:	4d5f3233 	lfmmi	f3, 2, [pc, #-204]	@ 3914 <vector_table-0x7ffc6ec>
    39dc:	5f5f5841 	svcpl	0x005f5841
    39e0:	555f5f00 	ldrbpl	r5, [pc, #-3840]	@ 2ae8 <vector_table-0x7ffd518>
    39e4:	52464c4c 	subpl	r4, r6, #76, 24	@ 0x4c00
    39e8:	5f544341 	svcpl	0x00544341
    39ec:	49535045 	ldmdbmi	r3, {r0, r2, r6, ip, lr}^
    39f0:	5f4e4f4c 	svcpl	0x004e4f4c
    39f4:	7830205f 	ldmdavc	r0!, {r0, r1, r2, r3, r4, r6, sp}
    39f8:	362d5031 			@ <UNDEFINED> instruction: 0x362d5031
    39fc:	4c4c5534 	cfstr64mi	mvdx5, [ip], {52}	@ 0x34
    3a00:	5f5f0052 	svcpl	0x005f0052
    3a04:	4c42444c 	cfstrdmi	mvd4, [r2], {76}	@ 0x4c
    3a08:	5341485f 	movtpl	r4, #6239	@ 0x185f
    3a0c:	4e45445f 	mcrmi	4, 2, r4, cr5, cr15, {2}
    3a10:	5f4d524f 	svcpl	0x004d524f
    3a14:	0031205f 	eorseq	r2, r1, pc, asr r0
    3a18:	49555f5f 	ldmdbmi	r5, {r0, r1, r2, r3, r4, r6, r8, r9, sl, fp, ip, lr}^
    3a1c:	4c5f544e 	cfldrdmi	mvd5, [pc], {78}	@ 0x4e
    3a20:	54534145 	ldrbpl	r4, [r3], #-325	@ 0xfffffebb
    3a24:	4d5f3631 	ldclmi	6, cr3, [pc, #-196]	@ 3968 <vector_table-0x7ffc698>
    3a28:	5f5f5841 	svcpl	0x005f5841
    3a2c:	66783020 	ldrbtvs	r3, [r8], -r0, lsr #32
    3a30:	00666666 	rsbeq	r6, r6, r6, ror #12
    3a34:	52415f5f 	subpl	r5, r1, #380	@ 0x17c
    3a38:	45465f4d 	strbmi	r5, [r6, #-3917]	@ 0xfffff0b3
    3a3c:	52555441 	subspl	r5, r5, #1090519040	@ 0x41000000
    3a40:	444c5f45 	strbmi	r5, [ip], #-3909	@ 0xfffff0bb
    3a44:	00584552 	subseq	r4, r8, r2, asr r5
    3a48:	544e4955 	strbpl	r4, [lr], #-2389	@ 0xfffff6ab
    3a4c:	5f525450 	svcpl	0x00525450
    3a50:	0058414d 	subseq	r4, r8, sp, asr #2
    3a54:	444c5f5f 	strbmi	r5, [ip], #-3935	@ 0xfffff0a1
    3a58:	4e5f4c42 	cdpmi	12, 5, cr4, cr15, cr2, {2}
    3a5c:	5f4d524f 	svcpl	0x004d524f
    3a60:	5f58414d 	svcpl	0x0058414d
    3a64:	2e31205f 	mrccs	0, 1, r2, cr1, cr15, {2}
    3a68:	36373937 			@ <UNDEFINED> instruction: 0x36373937
    3a6c:	33313339 	teqcc	r1, #-469762048	@ 0xe4000000
    3a70:	32363834 	eorscc	r3, r6, #52, 16	@ 0x340000
    3a74:	37353133 			@ <UNDEFINED> instruction: 0x37353133
    3a78:	30332b65 	eorscc	r2, r3, r5, ror #22
    3a7c:	5f004c38 	svcpl	0x00004c38
    3a80:	4c4c555f 	cfstr64mi	mvdx5, [ip], {95}	@ 0x5f
    3a84:	55434341 	strbpl	r4, [r3, #-833]	@ 0xfffffcbf
    3a88:	50455f4d 	subpl	r5, r5, sp, asr #30
    3a8c:	4f4c4953 	svcmi	0x004c4953
    3a90:	205f5f4e 	subscs	r5, pc, lr, asr #30
    3a94:	50317830 	eorspl	r7, r1, r0, lsr r8
    3a98:	5532332d 	ldrpl	r3, [r2, #-813]!	@ 0xfffffcd3
    3a9c:	004b4c4c 	subeq	r4, fp, ip, asr #24
    3aa0:	53555f5f 	cmppl	r5, #380	@ 0x17c
    3aa4:	55434341 	strbpl	r4, [r3, #-833]	@ 0xfffffcbf
    3aa8:	42465f4d 	submi	r5, r6, #308	@ 0x134
    3aac:	5f5f5449 	svcpl	0x005f5449
    3ab0:	5f003820 	svcpl	0x00003820
    3ab4:	544c465f 	strbpl	r4, [ip], #-1631	@ 0xfffff9a1
    3ab8:	5341485f 	movtpl	r4, #6239	@ 0x185f
    3abc:	4e45445f 	mcrmi	4, 2, r4, cr5, cr15, {2}
    3ac0:	5f4d524f 	svcpl	0x004d524f
    3ac4:	0031205f 	eorseq	r2, r1, pc, asr r0
    3ac8:	4e495f5f 	mcrmi	15, 2, r5, cr9, cr15, {2}
    3acc:	41465f54 	cmpmi	r6, r4, asr pc
    3ad0:	34365453 	ldrtcc	r5, [r6], #-1107	@ 0xfffffbad
    3ad4:	4449575f 	strbmi	r5, [r9], #-1887	@ 0xfffff8a1
    3ad8:	5f5f4854 	svcpl	0x005f4854
    3adc:	00343620 	eorseq	r3, r4, r0, lsr #12
    3ae0:	4c525443 	cfldrdmi	mvd5, [r2], {67}	@ 0x43
    3ae4:	705f6400 	subsvc	r6, pc, r0, lsl #8
    3ae8:	4c007274 	sfmmi	f7, 4, [r0], {116}	@ 0x74
    3aec:	0044414f 	subeq	r4, r4, pc, asr #2
    3af0:	6f6c6572 	svcvs	0x006c6572
    3af4:	53006461 	movwpl	r6, #1121	@ 0x461
    3af8:	485f4356 	ldmdami	pc, {r1, r2, r4, r6, r8, r9, lr}^	@ <UNPREDICTABLE>
    3afc:	6c646e61 	stclvs	14, cr6, [r4], #-388	@ 0xfffffe7c
    3b00:	53007265 	movwpl	r7, #613	@ 0x265
    3b04:	69547379 	ldmdbvs	r4, {r0, r3, r4, r5, r6, r8, r9, ip, sp, lr}^
    3b08:	435f6b63 	cmpmi	pc, #101376	@ 0x18c00
    3b0c:	5f4c5254 	svcpl	0x004c5254
    3b10:	4b434954 	blmi	10d6068 <vector_table-0x6f29f98>
    3b14:	20544e49 	subscs	r4, r4, r9, asr #28
    3b18:	4c553128 	ldfmie	f3, [r5], {40}	@ 0x28
    3b1c:	203c3c20 	eorscs	r3, ip, r0, lsr #24
    3b20:	43002931 	movwmi	r2, #2353	@ 0x931
    3b24:	42494c41 	submi	r4, r9, #16640	@ 0x4100
    3b28:	73795300 	cmnvc	r9, #0, 6
    3b2c:	6b636954 	blvs	18de084 <vector_table-0x6721f7c>
    3b30:	5254435f 	subspl	r4, r4, #2080374785	@ 0x7c000001
    3b34:	4c435f4c 	mcrrmi	15, 4, r5, r3, cr12
    3b38:	4f535f4b 	svcmi	0x00535f4b
    3b3c:	45435255 	strbmi	r5, [r3, #-597]	@ 0xfffffdab
    3b40:	55312820 	ldrpl	r2, [r1, #-2080]!	@ 0xfffff7e0
    3b44:	3c3c204c 	ldccc	0, cr2, [ip], #-304	@ 0xfffffed0
    3b48:	00293220 	eoreq	r3, r9, r0, lsr #4
    3b4c:	54737953 	ldrbtpl	r7, [r3], #-2387	@ 0xfffff6ad
    3b50:	006b6369 	rsbeq	r6, fp, r9, ror #6
    3b54:	6469735f 	strbtvs	r7, [r9], #-863	@ 0xfffffca1
    3b58:	00617461 	rsbeq	r7, r1, r1, ror #8
    3b5c:	74737973 	ldrbtvc	r7, [r3], #-2419	@ 0xfffff68d
    3b60:	5f746d65 	svcpl	0x00746d65
    3b64:	65440074 	strbvs	r0, [r4, #-116]	@ 0xffffff8c
    3b68:	6c756166 	ldfvse	f6, [r5], #-408	@ 0xfffffe68
    3b6c:	61485f74 	hvcvs	34292	@ 0x85f4
    3b70:	656c646e 	strbvs	r6, [ip, #-1134]!	@ 0xfffffb92
    3b74:	4c430072 	mcrrmi	0, 7, r0, r3, cr2
    3b78:	204b434f 	subcs	r4, fp, pc, asr #6
    3b7c:	30303031 	eorscc	r3, r0, r1, lsr r0
    3b80:	20303030 	eorscs	r3, r0, r0, lsr r0
    3b84:	3631202a 	ldrtcc	r2, [r1], -sl, lsr #32
    3b88:	73655f00 	cmnvc	r5, #0, 30
    3b8c:	6b636174 	blvs	18dc164 <vector_table-0x6723e9c>
    3b90:	73657200 	cmnvc	r5, #0, 4
    3b94:	685f7465 	ldmdavs	pc, {r0, r2, r5, r6, sl, ip, sp, lr}^	@ <UNPREDICTABLE>
    3b98:	6c646e61 	stclvs	14, cr6, [r4], #-388	@ 0xfffffe7c
    3b9c:	73007265 	movwvc	r7, #613	@ 0x265
    3ba0:	32336d74 	eorscc	r6, r3, #116, 26	@ 0x1d00
    3ba4:	6174735f 	cmnvs	r4, pc, asr r3
    3ba8:	70757472 	rsbsvc	r7, r5, r2, ror r4
    3bac:	5f00632e 	svcpl	0x0000632e
    3bb0:	73736265 	cmnvc	r3, #1342177286	@ 0x50000006
    3bb4:	73795300 	cmnvc	r9, #0, 6
    3bb8:	6b636974 	blvs	18de190 <vector_table-0x6721e70>
    3bbc:	696e495f 	stmdbvs	lr!, {r0, r1, r2, r3, r4, r6, r8, fp, lr}^
    3bc0:	655f0074 	ldrbvs	r0, [pc, #-116]	@ 3b54 <vector_table-0x7ffc4ac>
    3bc4:	61746164 	cmnvs	r4, r4, ror #2
    3bc8:	73795300 	cmnvc	r9, #0, 6
    3bcc:	6b636974 	blvs	18de1a4 <vector_table-0x6721e5c>
    3bd0:	6e61485f 	mcrvs	8, 3, r4, cr1, cr15, {2}
    3bd4:	72656c64 	rsbvc	r6, r5, #100, 24	@ 0x6400
    3bd8:	73795300 	cmnvc	r9, #0, 6
    3bdc:	6b636954 	blvs	18de134 <vector_table-0x6721ecc>
    3be0:	5254435f 	subspl	r4, r4, #2080374785	@ 0x7c000001
    3be4:	4e455f4c 	cdpmi	15, 4, cr5, cr5, cr12, {2}
    3be8:	454c4241 	strbmi	r4, [ip, #-577]	@ 0xfffffdbf
    3bec:	55312820 	ldrpl	r2, [r1, #-2080]!	@ 0xfffff7e0
    3bf0:	3c3c204c 	ldccc	0, cr2, [ip], #-304	@ 0xfffffed0
    3bf4:	00293020 	eoreq	r3, r9, r0, lsr #32
    3bf8:	7362735f 	cmnvc	r2, #2080374785	@ 0x7c000001
    3bfc:	5f730073 	svcpl	0x00730073
    3c00:	00727470 	rsbseq	r7, r2, r0, ror r4
    3c04:	54737953 	ldrbtpl	r7, [r3], #-2387	@ 0xfffff6ad
    3c08:	5f6b6369 	svcpl	0x006b6369
    3c0c:	45534142 	ldrbmi	r4, [r3, #-322]	@ 0xfffffebe
    3c10:	78302820 	ldmdavc	r0!, {r5, fp, sp}
    3c14:	30303045 	eorscc	r3, r0, r5, asr #32
    3c18:	30313045 	eorscc	r3, r1, r5, asr #32
    3c1c:	00294c55 	eoreq	r4, r9, r5, asr ip
    3c20:	6164735f 	cmnvs	r4, pc, asr r3
    3c24:	50006174 	andpl	r6, r0, r4, ror r1
    3c28:	53646e65 	cmnpl	r4, #1616	@ 0x650
    3c2c:	61685f76 	smcvs	34294	@ 0x85f6
    3c30:	656c646e 	strbvs	r6, [ip, #-1134]!	@ 0xfffffb92
    3c34:	61480072 	hvcvs	32770	@ 0x8002
    3c38:	665f6472 			@ <UNDEFINED> instruction: 0x665f6472
    3c3c:	746c7561 	strbtvc	r7, [ip], #-1377	@ 0xfffffa9f
    3c40:	63657600 	cmnvs	r5, #0, 12
    3c44:	5f726f74 	svcpl	0x00726f74
    3c48:	6c626174 	stfvse	f6, [r2], #-464	@ 0xfffffe30
    3c4c:	49540065 	ldmdbmi	r4, {r0, r2, r5, r6}^
    3c50:	20534b43 	subscs	r4, r3, r3, asr #22
    3c54:	5f003631 	svcpl	0x00003631
    3c58:	554e475f 	strbpl	r4, [lr, #-1887]	@ 0xfffff8a1
    3c5c:	4b494c43 	blmi	1256d70 <vector_table-0x6da9290>
    3c60:	5f5f5f45 	svcpl	0x005f5f45
    3c64:	54434553 	strbpl	r4, [r3], #-1363	@ 0xfffffaad
    3c68:	204e4f49 	subcs	r4, lr, r9, asr #30
    3c6c:	5f5f0031 	svcpl	0x005f0031
    3c70:	6c697562 	cfstr64vs	mvdx7, [r9], #-392	@ 0xfffffe78
    3c74:	5f6e6974 	svcpl	0x006e6974
    3c78:	615f7369 	cmpvs	pc, r9, ror #6
    3c7c:	6e67696c 	vnmulvs.f16	s13, s14, s25	@ <UNPREDICTABLE>
    3c80:	78286465 	stmdavc	r8!, {r0, r2, r5, r6, sl, sp, lr}
    3c84:	696c612c 	stmdbvs	ip!, {r2, r3, r5, r8, sp, lr}^
    3c88:	20296e67 	eorcs	r6, r9, r7, ror #28
    3c8c:	5f282828 	svcpl	0x00282828
    3c90:	6e69755f 	mcrvs	5, 3, r7, cr9, cr15, {2}
    3c94:	72747074 	rsbsvc	r7, r4, #116	@ 0x74
    3c98:	7829745f 	stmdavc	r9!, {r0, r1, r2, r3, r4, r6, sl, ip, sp, lr}
    3c9c:	28202620 	stmdacs	r0!, {r5, r9, sl, sp}
    3ca0:	696c6128 	stmdbvs	ip!, {r3, r5, r8, sp, lr}^
    3ca4:	20296e67 	eorcs	r6, r9, r7, ror #28
    3ca8:	2931202d 	ldmdbcs	r1!, {r0, r2, r3, r5, sp}
    3cac:	3d3d2029 	ldccc	0, cr2, [sp, #-164]!	@ 0xffffff5c
    3cb0:	00293020 	eoreq	r3, r9, r0, lsr #32
    3cb4:	56535f5f 	usaxpl	r5, r3, pc	@ <UNPREDICTABLE>
    3cb8:	565f4449 	ldrbpl	r4, [pc], -r9, asr #8
    3cbc:	42495349 	submi	r5, r9, #603979777	@ 0x24000001
    3cc0:	3120454c 			@ <UNDEFINED> instruction: 0x3120454c
    3cc4:	435f5f00 	cmpmi	pc, #0, 30
    3cc8:	55535f43 	ldrbpl	r5, [r3, #-3907]	@ 0xfffff0bd
    3ccc:	524f5050 	subpl	r5, pc, #80	@ 0x50
    3cd0:	495f5354 	ldmdbmi	pc, {r2, r4, r6, r8, r9, ip, lr}^	@ <UNPREDICTABLE>
    3cd4:	4e494c4e 	cdpmi	12, 4, cr4, cr9, cr14, {2}
    3cd8:	00312045 	eorseq	r2, r1, r5, asr #32
    3cdc:	57454e5f 	smlsldpl	r4, r5, pc, lr	@ <UNPREDICTABLE>
    3ce0:	5f42494c 	svcpl	0x0042494c
    3ce4:	53524556 	cmppl	r2, #360710144	@ 0x15800000
    3ce8:	204e4f49 	subcs	r4, lr, r9, asr #30
    3cec:	342e3422 	strtcc	r3, [lr], #-1058	@ 0xfffffbde
    3cf0:	0022302e 	eoreq	r3, r2, lr, lsr #32
    3cf4:	72617473 	rsbvc	r7, r1, #1929379840	@ 0x73000000
    3cf8:	5f5f0074 	svcpl	0x005f0074
    3cfc:	75716572 	ldrbvc	r6, [r1, #-1394]!	@ 0xfffffa8e
    3d00:	73657269 	cmnvc	r5, #-1879048186	@ 0x90000006
    3d04:	6378655f 	cmnvs	r8, #398458880	@ 0x17c00000
    3d08:	6973756c 	ldmdbvs	r3!, {r2, r3, r5, r6, r8, sl, ip, sp, lr}^
    3d0c:	2e286576 	mcrcs	5, 1, r6, cr8, cr6, {3}
    3d10:	20292e2e 	eorcs	r2, r9, lr, lsr #28
    3d14:	6f6c5f5f 	svcvs	0x006c5f5f
    3d18:	615f6b63 	cmpvs	pc, r3, ror #22
    3d1c:	746f6e6e 	strbtvc	r6, [pc], #-3694	@ 3d24 <vector_table-0x7ffc2dc>
    3d20:	28657461 	stmdacs	r5!, {r0, r5, r6, sl, ip, sp, lr}^
    3d24:	6c637865 	stclvs	8, cr7, [r3], #-404	@ 0xfffffe6c
    3d28:	76697375 			@ <UNDEFINED> instruction: 0x76697375
    3d2c:	6f6c5f65 	svcvs	0x006c5f65
    3d30:	5f736b63 	svcpl	0x00736b63
    3d34:	75716572 	ldrbvc	r6, [r1, #-1394]!	@ 0xfffffa8e
    3d38:	64657269 	strbtvs	r7, [r5], #-617	@ 0xfffffd97
    3d3c:	565f5f28 	ldrbpl	r5, [pc], -r8, lsr #30
    3d40:	52415f41 	subpl	r5, r1, #260	@ 0x104
    3d44:	5f5f5347 	svcpl	0x005f5347
    3d48:	73002929 	movwvc	r2, #2345	@ 0x929
    3d4c:	6b636174 	blvs	18dc324 <vector_table-0x6723cdc>
    3d50:	7a69735f 	bvc	1a60ad4 <vector_table-0x659f52c>
    3d54:	4c5f0065 	mrrcmi	0, 6, r0, pc, cr5	@ <UNPREDICTABLE>
    3d58:	5f474e4f 	svcpl	0x00474e4f
    3d5c:	42554f44 	subsmi	r4, r5, #68, 30	@ 0x110
    3d60:	6c20454c 	cfstr32vs	mvfx4, [r0], #-304	@ 0xfffffed0
    3d64:	20676e6f 	rsbcs	r6, r7, pc, ror #28
    3d68:	62756f64 	rsbsvs	r6, r5, #100, 30	@ 0x190
    3d6c:	5f00656c 	svcpl	0x0000656c
    3d70:	554e475f 	strbpl	r4, [lr, #-1887]	@ 0xfffff8a1
    3d74:	4b494c43 	blmi	1256e88 <vector_table-0x6da9178>
    3d78:	414d5f45 	cmpmi	sp, r5, asr #30
    3d7c:	425f4854 	subsmi	r4, pc, #84, 16	@ 0x540000
    3d80:	544c4955 	strbpl	r4, [ip], #-2389	@ 0xfffff6ab
    3d84:	525f4e49 	subspl	r4, pc, #1168	@ 0x490
    3d88:	504f4c45 	subpl	r4, pc, r5, asr #24
    3d8c:	5f002053 	svcpl	0x00002053
    3d90:	636f6c5f 	cmnvs	pc, #24320	@ 0x5f00
    3d94:	6e695f6b 	cdpvs	15, 6, cr5, cr9, cr11, {3}
    3d98:	725f7469 	subsvc	r7, pc, #1761607680	@ 0x69000000
    3d9c:	72756365 	rsbsvc	r6, r5, #-1811939327	@ 0x94000001
    3da0:	65766973 	ldrbvs	r6, [r6, #-2419]!	@ 0xfffff68d
    3da4:	636f6c28 	cmnvs	pc, #40, 24	@ 0x2800
    3da8:	2820296b 	stmdacs	r0!, {r0, r1, r3, r5, r6, r8, fp, sp}
    3dac:	696f7628 	stmdbvs	pc!, {r3, r5, r9, sl, ip, sp, lr}^	@ <UNPREDICTABLE>
    3db0:	30202964 	eorcc	r2, r0, r4, ror #18
    3db4:	4b5f0029 	blmi	17c3e60 <vector_table-0x683c1a0>
    3db8:	2078616d 	rsbscs	r6, r8, sp, ror #2
    3dbc:	7a697328 	bvc	1a60a64 <vector_table-0x659f59c>
    3dc0:	20666f65 	rsbcs	r6, r6, r5, ror #30
    3dc4:	7a697328 	bvc	1a60a6c <vector_table-0x659f594>
    3dc8:	29745f65 	ldmdbcs	r4!, {r0, r2, r5, r6, r8, r9, sl, fp, ip, lr}^
    3dcc:	203c3c20 	eorscs	r3, ip, r0, lsr #24
    3dd0:	5f002933 	svcpl	0x00002933
    3dd4:	4e4f435f 	mcrmi	3, 2, r4, cr15, cr15, {2}
    3dd8:	28544143 	ldmdacs	r4, {r0, r1, r6, r8, lr}^
    3ddc:	29792c78 	ldmdbcs	r9!, {r3, r4, r5, r6, sl, fp, sp}^
    3de0:	435f5f20 	cmpmi	pc, #32, 30	@ 0x80
    3de4:	41434e4f 	cmpmi	r3, pc, asr #28
    3de8:	78283154 	stmdavc	r8!, {r2, r4, r6, r8, ip, sp}
    3dec:	0029792c 	eoreq	r7, r9, ip, lsr #18
    3df0:	4e475f5f 	mcrmi	15, 2, r5, cr7, cr15, {2}
    3df4:	494c4355 	stmdbmi	ip, {r0, r2, r4, r6, r8, r9, lr}^
    3df8:	5f5f454b 	svcpl	0x005f454b
    3dfc:	5059545f 	subspl	r5, r9, pc, asr r4
    3e00:	20464f45 	subcs	r4, r6, r5, asr #30
    3e04:	5f5f0031 	svcpl	0x005f0031
    3e08:	49534352 	ldmdbmi	r3, {r1, r4, r6, r8, r9, lr}^
    3e0c:	4f535f44 	svcmi	0x00535f44
    3e10:	45435255 	strbmi	r5, [r3, #-597]	@ 0xfffffdab
    3e14:	20297328 	eorcs	r7, r9, r8, lsr #6
    3e18:	75727473 	ldrbvc	r7, [r2, #-1139]!	@ 0xfffffb8d
    3e1c:	5f207463 	svcpl	0x00207463
    3e20:	6361685f 	cmnvs	r1, #6225920	@ 0x5f0000
    3e24:	5f5f006b 	svcpl	0x005f006b
    3e28:	49534f50 	ldmdbmi	r3, {r4, r6, r8, r9, sl, fp, lr}^
    3e2c:	49565f58 	ldmdbmi	r6, {r3, r4, r6, r8, r9, sl, fp, ip, lr}^
    3e30:	4c424953 	mcrrmi	9, 5, r4, r2, cr3	@ <UNPREDICTABLE>
    3e34:	30322045 	eorscc	r2, r2, r5, asr #32
    3e38:	39303830 	ldmdbcc	r0!, {r4, r5, fp, ip, sp}
    3e3c:	45525f00 	ldrbmi	r5, [r2, #-3840]	@ 0xfffff100
    3e40:	5f544e45 	svcpl	0x00544e45
    3e44:	4c545643 	mrrcmi	6, 4, r5, r4, cr3
    3e48:	5f284e45 	svcpl	0x00284e45
    3e4c:	29727470 	ldmdbcs	r2!, {r4, r5, r6, sl, ip, sp, lr}^
    3e50:	5f282820 	svcpl	0x00282820
    3e54:	29727470 	ldmdbcs	r2!, {r4, r5, r6, sl, ip, sp, lr}^
    3e58:	635f3e2d 	cmpvs	pc, #720	@ 0x2d0
    3e5c:	656c7476 	strbvs	r7, [ip, #-1142]!	@ 0xfffffb8a
    3e60:	5f00296e 	svcpl	0x0000296e
    3e64:	4e454552 	mcrmi	5, 2, r4, cr5, cr2, {2}
    3e68:	504d5f54 	subpl	r5, sp, r4, asr pc
    3e6c:	4552465f 	ldrbmi	r4, [r2, #-1631]	@ 0xfffff9a1
    3e70:	53494c45 	movtpl	r4, #40005	@ 0x9c45
    3e74:	74702854 	ldrbtvc	r2, [r0], #-2132	@ 0xfffff7ac
    3e78:	28202972 	stmdacs	r0!, {r1, r4, r5, r6, r8, fp, sp}
    3e7c:	72747028 	rsbsvc	r7, r4, #40	@ 0x28
    3e80:	5f3e2d29 	svcpl	0x003e2d29
    3e84:	65657266 	strbvs	r7, [r5, #-614]!	@ 0xfffffd9a
    3e88:	7473696c 	ldrbtvc	r6, [r3], #-2412	@ 0xfffff694
    3e8c:	5f5f0029 	svcpl	0x005f0029
    3e90:	67696c61 	strbvs	r6, [r9, -r1, ror #24]!
    3e94:	2864656e 	stmdacs	r4!, {r1, r2, r3, r5, r6, r8, sl, sp, lr}^
    3e98:	5f202978 	svcpl	0x00202978
    3e9c:	7474615f 	ldrbtvc	r6, [r4], #-351	@ 0xfffffea1
    3ea0:	75626972 	strbvc	r6, [r2, #-2418]!	@ 0xfffff68e
    3ea4:	5f5f6574 	svcpl	0x005f6574
    3ea8:	5f5f2828 	svcpl	0x005f2828
    3eac:	67696c61 	strbvs	r6, [r9, -r1, ror #24]!
    3eb0:	5f64656e 	svcpl	0x0064656e
    3eb4:	2978285f 	ldmdbcs	r8!, {r0, r1, r2, r3, r4, r6, fp, sp}^
    3eb8:	5f002929 	svcpl	0x00002929
    3ebc:	636f6c5f 	cmnvs	pc, #24320	@ 0x5f00
    3ec0:	655f736b 	ldrbvs	r7, [pc, #-875]	@ 3b5d <vector_table-0x7ffc4a3>
    3ec4:	756c6378 	strbvc	r6, [ip, #-888]!	@ 0xfffffc88
    3ec8:	65766973 	ldrbvs	r6, [r6, #-2419]!	@ 0xfffff68d
    3ecc:	2e2e2e28 	cdpcs	14, 2, cr2, cr14, cr8, {1}
    3ed0:	5f5f2029 	svcpl	0x005f2029
    3ed4:	6b636f6c 	blvs	18dfc8c <vector_table-0x6720374>
    3ed8:	6e6e615f 	mcrvs	1, 3, r6, cr14, cr15, {2}
    3edc:	7461746f 	strbtvc	r7, [r1], #-1135	@ 0xfffffb91
    3ee0:	78652865 	stmdavc	r5!, {r0, r2, r5, r6, fp, sp}^
    3ee4:	73756c63 	cmnvc	r5, #25344	@ 0x6300
    3ee8:	5f657669 	svcpl	0x00657669
    3eec:	6b636f6c 	blvs	18dfca4 <vector_table-0x672035c>
    3ef0:	6e75665f 	mrcvs	6, 3, r6, cr5, cr15, {2}
    3ef4:	6f697463 	svcvs	0x00697463
    3ef8:	5f5f286e 	svcpl	0x005f286e
    3efc:	415f4156 	cmpmi	pc, r6, asr r1	@ <UNPREDICTABLE>
    3f00:	5f534752 	svcpl	0x00534752
    3f04:	0029295f 	eoreq	r2, r9, pc, asr r9
    3f08:	4545525f 	strbmi	r5, [r5, #-607]	@ 0xfffffda1
    3f0c:	435f544e 	cmpmi	pc, #1308622848	@ 0x4e000000
    3f10:	4b434548 	blmi	10d5438 <vector_table-0x6f2abc8>
    3f14:	53494d5f 	movtpl	r4, #40287	@ 0x9d5f
    3f18:	74702843 	ldrbtvc	r2, [r0], #-2115	@ 0xfffff7bd
    3f1c:	00202972 	eoreq	r2, r0, r2, ror r9
    3f20:	6e755f5f 	mrcvs	15, 3, r5, cr5, cr15, {2}
    3f24:	6e756f62 	cdpvs	15, 7, cr6, cr5, cr2, {3}
    3f28:	20646564 	rsbcs	r6, r4, r4, ror #10
    3f2c:	625f5f00 	subsvs	r5, pc, #0, 30
    3f30:	746c6975 	strbtvc	r6, [ip], #-2421	@ 0xfffff68b
    3f34:	615f6e69 	cmpvs	pc, r9, ror #28
    3f38:	6e67696c 	vnmulvs.f16	s13, s14, s25	@ <UNPREDICTABLE>
    3f3c:	776f645f 			@ <UNDEFINED> instruction: 0x776f645f
    3f40:	2c78286e 	ldclcs	8, cr2, [r8], #-440	@ 0xfffffe48
    3f44:	67696c61 	strbvs	r6, [r9, -r1, ror #24]!
    3f48:	2820296e 	stmdacs	r0!, {r1, r2, r3, r5, r6, r8, fp, sp}
    3f4c:	745f5f28 	ldrbvc	r5, [pc], #-3880	@ 3f54 <vector_table-0x7ffc0ac>
    3f50:	6f657079 	svcvs	0x00657079
    3f54:	285f5f66 	ldmdacs	pc, {r1, r2, r5, r6, r8, r9, sl, fp, ip, lr}^	@ <UNPREDICTABLE>
    3f58:	28292978 	stmdacs	r9!, {r3, r4, r5, r6, r8, fp, sp}
    3f5c:	26297828 	strtcs	r7, [r9], -r8, lsr #16
    3f60:	28287e28 	stmdacs	r8!, {r3, r5, r9, sl, fp, ip, sp, lr}
    3f64:	67696c61 	strbvs	r6, [r9, -r1, ror #24]!
    3f68:	312d296e 			@ <UNDEFINED> instruction: 0x312d296e
    3f6c:	29292929 	stmdbcs	r9!, {r0, r3, r5, r8, fp, sp}
    3f70:	45525f00 	ldrbmi	r5, [r2, #-3840]	@ 0xfffff100
    3f74:	5f544e45 	svcpl	0x00544e45
    3f78:	54525453 	ldrbpl	r5, [r2], #-1107	@ 0xfffffbad
    3f7c:	4c5f4b4f 	mrrcmi	11, 4, r4, pc, cr15	@ <UNPREDICTABLE>
    3f80:	28545341 	ldmdacs	r4, {r0, r6, r8, r9, ip, lr}^
    3f84:	29727470 	ldmdbcs	r2!, {r4, r5, r6, sl, ip, sp, lr}^
    3f88:	70282820 	eorvc	r2, r8, r0, lsr #16
    3f8c:	2d297274 	sfmcs	f7, 4, [r9, #-464]!	@ 0xfffffe30
    3f90:	656e5f3e 	strbvs	r5, [lr, #-3902]!	@ 0xfffff0c2
    3f94:	725f2e77 	subsvc	r2, pc, #1904	@ 0x770
    3f98:	746e6565 	strbtvc	r6, [lr], #-1381	@ 0xfffffa9b
    3f9c:	74735f2e 	ldrbtvc	r5, [r3], #-3886	@ 0xfffff0d2
    3fa0:	6b6f7472 	blvs	1be1170 <vector_table-0x641ee90>
    3fa4:	73616c5f 	cmnvc	r1, #24320	@ 0x5f00
    3fa8:	61002974 	tstvs	r0, r4, ror r9
    3fac:	636f6c6c 	cmnvs	pc, #108, 24	@ 0x6c00
    3fb0:	5f657461 	svcpl	0x00657461
    3fb4:	626d7564 	rsbvs	r7, sp, #100, 10	@ 0x19000000
    3fb8:	49545f00 	ldmdbmi	r4, {r8, r9, sl, fp, ip, lr}^
    3fbc:	5f52454d 	svcpl	0x0052454d
    3fc0:	75205f54 	strvc	r5, [r0, #-3924]!	@ 0xfffff0ac
    3fc4:	6769736e 	strbvs	r7, [r9, -lr, ror #6]!
    3fc8:	2064656e 	rsbcs	r6, r4, lr, ror #10
    3fcc:	676e6f6c 	strbvs	r6, [lr, -ip, ror #30]!
    3fd0:	415f5f00 	cmpmi	pc, r0, lsl #30
    3fd4:	414e4d53 	cmpmi	lr, r3, asr sp
    3fd8:	6328454d 			@ <UNDEFINED> instruction: 0x6328454d
    3fdc:	656d616e 	strbvs	r6, [sp, #-366]!	@ 0xfffffe92
    3fe0:	5f5f2029 	svcpl	0x005f2029
    3fe4:	52545358 	subspl	r5, r4, #88, 6	@ 0x60000001
    3fe8:	20474e49 	subcs	r4, r7, r9, asr #28
    3fec:	555f5f28 	ldrbpl	r5, [pc, #-3880]	@ 30cc <vector_table-0x7ffcf34>
    3ff0:	5f524553 	svcpl	0x00524553
    3ff4:	4542414c 	strbmi	r4, [r2, #-332]	@ 0xfffffeb4
    3ff8:	52505f4c 	subspl	r5, r0, #76, 30	@ 0x130
    3ffc:	58494645 	stmdapl	r9, {r0, r2, r6, r9, sl, lr}^
    4000:	20295f5f 	eorcs	r5, r9, pc, asr pc
    4004:	6d616e63 	stclvs	14, cr6, [r1, #-396]!	@ 0xfffffe74
    4008:	75630065 	strbvc	r0, [r3, #-101]!	@ 0xffffff9b
    400c:	6e657272 	mcrvs	2, 3, r7, cr5, cr2, {3}
    4010:	61745f74 	cmnvs	r4, r4, ror pc
    4014:	5f006b73 	svcpl	0x00006b73
    4018:	696c615f 	stmdbvs	ip!, {r0, r1, r2, r3, r4, r6, r8, sp, lr}^
    401c:	645f6e67 	ldrbvs	r6, [pc], #-3687	@ 4024 <vector_table-0x7ffbfdc>
    4020:	286e776f 	stmdacs	lr!, {r0, r1, r2, r3, r5, r6, r8, r9, sl, ip, sp, lr}^
    4024:	29792c78 	ldmdbcs	r9!, {r3, r4, r5, r6, sl, fp, sp}^
    4028:	625f5f20 	subsvs	r5, pc, #32, 30	@ 0x80
    402c:	746c6975 	strbtvc	r6, [ip], #-2421	@ 0xfffff68b
    4030:	615f6e69 	cmpvs	pc, r9, ror #28
    4034:	6e67696c 	vnmulvs.f16	s13, s14, s25	@ <UNPREDICTABLE>
    4038:	776f645f 			@ <UNDEFINED> instruction: 0x776f645f
    403c:	2c78286e 	ldclcs	8, cr2, [r8], #-440	@ 0xfffffe48
    4040:	00297920 	eoreq	r7, r9, r0, lsr #18
    4044:	6f625f5f 	svcvs	0x00625f5f
    4048:	65646e75 	strbvs	r6, [r4, #-3701]!	@ 0xfffff18b
    404c:	5f002064 	svcpl	0x00002064
    4050:	6163735f 	cmnvs	r3, pc, asr r3
    4054:	696c666e 	stmdbvs	ip!, {r1, r2, r3, r5, r6, r9, sl, sp, lr}^
    4058:	6628656b 	strtvs	r6, [r8], -fp, ror #10
    405c:	7261746d 	rsbvc	r7, r1, #1828716544	@ 0x6d000000
    4060:	69662c67 	stmdbvs	r6!, {r0, r1, r2, r5, r6, sl, fp, sp}^
    4064:	76747372 			@ <UNDEFINED> instruction: 0x76747372
    4068:	72617261 	rsbvc	r7, r1, #268435462	@ 0x10000006
    406c:	5f202967 	svcpl	0x00202967
    4070:	7474615f 	ldrbtvc	r6, [r4], #-351	@ 0xfffffea1
    4074:	75626972 	strbvc	r6, [r2, #-2418]!	@ 0xfffff68e
    4078:	5f5f6574 	svcpl	0x005f6574
    407c:	5f5f2828 	svcpl	0x005f2828
    4080:	6d726f66 	ldclvs	15, cr6, [r2, #-408]!	@ 0xfffffe68
    4084:	5f5f7461 	svcpl	0x005f7461
    4088:	5f5f2820 	svcpl	0x005f2820
    408c:	6e616373 	mcrvs	3, 3, r6, cr1, cr3, {3}
    4090:	2c5f5f66 	mrrccs	15, 6, r5, pc, cr6	@ <UNPREDICTABLE>
    4094:	746d6620 	strbtvc	r6, [sp], #-1568	@ 0xfffff9e0
    4098:	2c677261 	sfmcs	f7, 2, [r7], #-388	@ 0xfffffe7c
    409c:	72696620 	rsbvc	r6, r9, #32, 12	@ 0x2000000
    40a0:	61767473 	cmnvs	r6, r3, ror r4
    40a4:	67726172 			@ <UNDEFINED> instruction: 0x67726172
    40a8:	00292929 	eoreq	r2, r9, r9, lsr #18
    40ac:	4f435f5f 	svcmi	0x00435f5f
    40b0:	5441434e 	strbpl	r4, [r1], #-846	@ 0xfffffcb2
    40b4:	2c782831 	ldclcs	8, cr2, [r8], #-196	@ 0xffffff3c
    40b8:	78202979 	stmdavc	r0!, {r0, r3, r4, r5, r6, r8, fp, sp}
    40bc:	20232320 	eorcs	r2, r3, r0, lsr #6
    40c0:	455f0079 	ldrbmi	r0, [pc, #-121]	@ 404f <vector_table-0x7ffbfb1>
    40c4:	4144494c 	cmpmi	r4, ip, asr #18
    40c8:	5f454c42 	svcpl	0x00454c42
    40cc:	494c4e49 	stmdbmi	ip, {r0, r3, r6, r9, sl, fp, lr}^
    40d0:	7320454e 			@ <UNDEFINED> instruction: 0x7320454e
    40d4:	69746174 	ldmdbvs	r4!, {r2, r4, r5, r6, r8, sp, lr}^
    40d8:	5f5f2063 	svcpl	0x005f2063
    40dc:	696c6e69 	stmdbvs	ip!, {r0, r3, r5, r6, r9, sl, fp, sp, lr}^
    40e0:	5f5f656e 	svcpl	0x005f656e
    40e4:	505f5f00 	subspl	r5, pc, r0, lsl #30
    40e8:	6f727028 	svcvs	0x00727028
    40ec:	29736f74 	ldmdbcs	r3!, {r2, r4, r5, r6, r8, r9, sl, fp, sp, lr}^
    40f0:	6f727020 	svcvs	0x00727020
    40f4:	00736f74 	rsbseq	r6, r3, r4, ror pc
    40f8:	6f6c5f5f 	svcvs	0x006c5f5f
    40fc:	635f6b63 	cmpvs	pc, #101376	@ 0x18c00
    4100:	65736f6c 	ldrbvs	r6, [r3, #-3948]!	@ 0xfffff094
    4104:	636f6c28 	cmnvs	pc, #40, 24	@ 0x2800
    4108:	2820296b 	stmdacs	r0!, {r0, r1, r3, r5, r6, r8, fp, sp}
    410c:	696f7628 	stmdbvs	pc!, {r3, r5, r9, sl, ip, sp, lr}^	@ <UNPREDICTABLE>
    4110:	30202964 	eorcc	r2, r0, r4, ror #18
    4114:	5f5f0029 	svcpl	0x005f0029
    4118:	6b616577 	blvs	185d6fc <vector_table-0x67a2904>
    411c:	6665725f 			@ <UNDEFINED> instruction: 0x6665725f
    4120:	6e657265 	cdpvs	2, 6, cr7, cr5, cr5, {3}
    4124:	73286563 			@ <UNDEFINED> instruction: 0x73286563
    4128:	612c6d79 			@ <UNDEFINED> instruction: 0x612c6d79
    412c:	7361696c 	cmnvc	r1, #108, 18	@ 0x1b0000
    4130:	5f5f2029 	svcpl	0x005f2029
    4134:	5f6d7361 	svcpl	0x006d7361
    4138:	2e22285f 	mcrcs	8, 1, r2, cr2, cr15, {2}
    413c:	6b616577 	blvs	185d720 <vector_table-0x67a28e0>
    4140:	23202220 			@ <UNDEFINED> instruction: 0x23202220
    4144:	61696c61 	cmnvs	r9, r1, ror #24
    4148:	203b2973 	eorscs	r2, fp, r3, ror r9
    414c:	73615f5f 	cmnvc	r1, #380	@ 0x17c
    4150:	285f5f6d 	ldmdacs	pc, {r0, r2, r3, r5, r6, r8, r9, sl, fp, ip, lr}^	@ <UNPREDICTABLE>
    4154:	71652e22 	cmnvc	r5, r2, lsr #28
    4158:	20222075 	eorcs	r2, r2, r5, ror r0
    415c:	696c6123 	stmdbvs	ip!, {r0, r1, r5, r8, sp, lr}^
    4160:	22207361 	eorcs	r7, r0, #-2080374783	@ 0x84000001
    4164:	2022202c 	eorcs	r2, r2, ip, lsr #32
    4168:	6d797323 	ldclvs	3, cr7, [r9, #-140]!	@ 0xffffff74
    416c:	5f5f0029 	svcpl	0x005f0029
    4170:	5f736168 	svcpl	0x00736168
    4174:	65747865 	ldrbvs	r7, [r4, #-2149]!	@ 0xfffff79b
    4178:	6f69736e 	svcvs	0x0069736e
    417c:	5f5f206e 	svcpl	0x005f206e
    4180:	5f736168 	svcpl	0x00736168
    4184:	74616566 	strbtvc	r6, [r1], #-1382	@ 0xfffffa9a
    4188:	00657275 	rsbeq	r7, r5, r5, ror r2
    418c:	4545525f 	strbmi	r5, [r5, #-607]	@ 0xfffffda1
    4190:	435f544e 	cmpmi	pc, #1308622848	@ 0x4e000000
    4194:	4b434548 	blmi	10d56bc <vector_table-0x6f2a944>
    4198:	28504d5f 	ldmdacs	r0, {r0, r1, r2, r3, r4, r6, r8, sl, fp, lr}^
    419c:	29727470 	ldmdbcs	r2!, {r4, r5, r6, sl, ip, sp, lr}^
    41a0:	5f5f0020 	svcpl	0x005f0020
    41a4:	4c57454e 	cfldr64mi	mvdx4, [r7], {78}	@ 0x4e
    41a8:	485f4249 	ldmdami	pc, {r0, r3, r6, r9, lr}^	@ <UNPREDICTABLE>
    41ac:	31205f5f 			@ <UNDEFINED> instruction: 0x31205f5f
    41b0:	475f5f00 	ldrbmi	r5, [pc, -r0, lsl #30]
    41b4:	4c43554e 	cfstr64mi	mvdx5, [r3], {78}	@ 0x4e
    41b8:	5f454b49 	svcpl	0x00454b49
    41bc:	4c495542 	cfstr64mi	mvdx5, [r9], {66}	@ 0x42
    41c0:	5f4e4954 	svcpl	0x004e4954
    41c4:	534e4f43 	movtpl	r4, #61251	@ 0xef43
    41c8:	544e4154 	strbpl	r4, [lr], #-340	@ 0xfffffeac
    41cc:	3120505f 	qsubcc	r5, pc, r0	@ <UNPREDICTABLE>
    41d0:	6f4e5f00 	svcvs	0x004e5f00
    41d4:	6c756e6e 	ldclvs	14, cr6, [r5], #-440	@ 0xfffffe48
    41d8:	5f00206c 	svcpl	0x0000206c
    41dc:	554e475f 	strbpl	r4, [lr, #-1887]	@ 0xfffff8a1
    41e0:	52505f43 	subspl	r5, r0, #268	@ 0x10c
    41e4:	51455245 	cmppl	r5, r5, asr #4
    41e8:	6a616d28 	bvs	185f690 <vector_table-0x67a0970>
    41ec:	6e696d2c 	cdpvs	13, 6, cr6, cr9, cr12, {1}
    41f0:	28282029 	stmdacs	r8!, {r0, r3, r5, sp}
    41f4:	4e475f5f 	mcrmi	15, 2, r5, cr7, cr15, {2}
    41f8:	5f5f4355 	svcpl	0x005f4355
    41fc:	203c3c20 	eorscs	r3, ip, r0, lsr #24
    4200:	20293631 	eorcs	r3, r9, r1, lsr r6
    4204:	5f5f202b 	svcpl	0x005f202b
    4208:	43554e47 	cmpmi	r5, #1136	@ 0x470
    420c:	4e494d5f 	mcrmi	13, 2, r4, cr9, cr15, {2}
    4210:	5f5f524f 	svcpl	0x005f524f
    4214:	203d3e20 	eorscs	r3, sp, r0, lsr #28
    4218:	616d2828 	cmnvs	sp, r8, lsr #16
    421c:	3c20296a 			@ <UNDEFINED> instruction: 0x3c20296a
    4220:	3631203c 			@ <UNDEFINED> instruction: 0x3631203c
    4224:	202b2029 	eorcs	r2, fp, r9, lsr #32
    4228:	6e696d28 	cdpvs	13, 6, cr6, cr9, cr8, {1}
    422c:	5f002929 	svcpl	0x00002929
    4230:	4e454552 	mcrmi	5, 2, r4, cr5, cr2, {2}
    4234:	41525f54 	cmpmi	r2, r4, asr pc
    4238:	3834444e 	ldmdacc	r4!, {r1, r2, r3, r6, sl, lr}
    423c:	4545535f 	strbmi	r5, [r5, #-863]	@ 0xfffffca1
    4240:	74702844 	ldrbtvc	r2, [r0], #-2116	@ 0xfffff7bc
    4244:	28202972 	stmdacs	r0!, {r1, r4, r5, r6, r8, fp, sp}
    4248:	72747028 	rsbsvc	r7, r4, #40	@ 0x28
    424c:	5f3e2d29 	svcpl	0x003e2d29
    4250:	2e77656e 	cdpcs	5, 7, cr6, cr7, cr14, {3}
    4254:	6565725f 	strbvs	r7, [r5, #-607]!	@ 0xfffffda1
    4258:	5f2e746e 	svcpl	0x002e746e
    425c:	2e383472 	mrccs	4, 1, r3, cr8, cr2, {3}
    4260:	6565735f 	strbvs	r7, [r5, #-863]!	@ 0xfffffca1
    4264:	5f002964 	svcpl	0x00002964
    4268:	6c756e5f 	ldclvs	14, cr6, [r5], #-380	@ 0xfffffe84
    426c:	65735f6c 	ldrbvs	r5, [r3, #-3948]!	@ 0xfffff094
    4270:	6e69746e 	cdpvs	4, 6, cr7, cr9, cr14, {3}
    4274:	5f206c65 	svcpl	0x00206c65
    4278:	7474615f 	ldrbtvc	r6, [r4], #-351	@ 0xfffffea1
    427c:	75626972 	strbvc	r6, [r2, #-2418]!	@ 0xfffff68e
    4280:	5f5f6574 	svcpl	0x005f6574
    4284:	5f5f2828 	svcpl	0x005f2828
    4288:	746e6573 	strbtvc	r6, [lr], #-1395	@ 0xfffffa8d
    428c:	6c656e69 	stclvs	14, cr6, [r5], #-420	@ 0xfffffe5c
    4290:	29295f5f 	stmdbcs	r9!, {r0, r1, r2, r3, r4, r6, r8, r9, sl, fp, ip, lr}
    4294:	754e5f00 	strbvc	r5, [lr, #-3840]	@ 0xfffff100
    4298:	62616c6c 	rsbvs	r6, r1, #108, 24	@ 0x6c00
    429c:	0020656c 	eoreq	r6, r0, ip, ror #10
    42a0:	494f4e5f 	stmdbmi	pc, {r0, r1, r2, r3, r4, r6, r9, sl, fp, lr}^	@ <UNPREDICTABLE>
    42a4:	4e494c4e 	cdpmi	12, 4, cr4, cr9, cr14, {2}
    42a8:	5f5f2045 	svcpl	0x005f2045
    42ac:	72747461 	rsbsvc	r7, r4, #1627389952	@ 0x61000000
    42b0:	74756269 	ldrbtvc	r6, [r5], #-617	@ 0xfffffd97
    42b4:	205f5f65 	subscs	r5, pc, r5, ror #30
    42b8:	5f5f2828 	svcpl	0x005f2828
    42bc:	6e696f6e 	cdpvs	15, 6, cr6, cr9, cr14, {3}
    42c0:	656e696c 	strbvs	r6, [lr, #-2412]!	@ 0xfffff694
    42c4:	29295f5f 	stmdbcs	r9!, {r0, r1, r2, r3, r4, r6, r8, r9, sl, fp, ip, lr}
    42c8:	4f505f00 	svcmi	0x00505f00
    42cc:	5f584953 	svcpl	0x00584953
    42d0:	4f535f43 	svcmi	0x00535f43
    42d4:	45435255 	strbmi	r5, [r3, #-597]	@ 0xfffffdab
    42d8:	30303220 	eorscc	r3, r0, r0, lsr #4
    42dc:	4c393038 	ldcmi	0, cr3, [r9], #-224	@ 0xffffff20
    42e0:	61656800 	cmnvs	r5, r0, lsl #16
    42e4:	5f5f0064 	svcpl	0x005f0064
    42e8:	66727473 			@ <UNDEFINED> instruction: 0x66727473
    42ec:	6c6e6f6d 	stclvs	15, cr6, [lr], #-436	@ 0xfffffe4c
    42f0:	28656b69 	stmdacs	r5!, {r0, r3, r5, r6, r8, r9, fp, sp, lr}^
    42f4:	61746d66 	cmnvs	r4, r6, ror #26
    42f8:	662c6772 			@ <UNDEFINED> instruction: 0x662c6772
    42fc:	74737269 	ldrbtvc	r7, [r3], #-617	@ 0xfffffd97
    4300:	61726176 	cmnvs	r2, r6, ror r1
    4304:	20296772 	eorcs	r6, r9, r2, ror r7
    4308:	74615f5f 	strbtvc	r5, [r1], #-3935	@ 0xfffff0a1
    430c:	62697274 	rsbvs	r7, r9, #116, 4	@ 0x40000007
    4310:	5f657475 	svcpl	0x00657475
    4314:	5f28285f 	svcpl	0x0028285f
    4318:	726f665f 	rsbvc	r6, pc, #99614720	@ 0x5f00000
    431c:	5f74616d 	svcpl	0x0074616d
    4320:	5f28205f 	svcpl	0x0028205f
    4324:	7274735f 	rsbsvc	r7, r4, #2080374785	@ 0x7c000001
    4328:	6e6f6d66 	cdpvs	13, 6, cr6, cr15, cr6, {3}
    432c:	202c5f5f 	eorcs	r5, ip, pc, asr pc
    4330:	61746d66 	cmnvs	r4, r6, ror #26
    4334:	202c6772 	eorcs	r6, ip, r2, ror r7
    4338:	73726966 	cmnvc	r2, #1671168	@ 0x198000
    433c:	72617674 	rsbvc	r7, r1, #116, 12	@ 0x7400000
    4340:	29677261 	stmdbcs	r7!, {r0, r5, r6, r9, ip, sp, lr}^
    4344:	5f002929 	svcpl	0x00002929
    4348:	4e454552 	mcrmi	5, 2, r4, cr5, cr2, {2}
    434c:	4e495f54 	mcrmi	15, 2, r5, cr9, cr4, {2}
    4350:	76285449 	strtvc	r5, [r8], -r9, asr #8
    4354:	20297261 	eorcs	r7, r9, r1, ror #4
    4358:	2c30207b 	ldccs	0, cr2, [r0], #-492	@ 0xfffffe14
    435c:	5f5f2620 	svcpl	0x005f2620
    4360:	305b6673 	subscc	r6, fp, r3, ror r6
    4364:	26202c5d 			@ <UNDEFINED> instruction: 0x26202c5d
    4368:	66735f5f 	uhsaxvs	r5, r3, pc	@ <UNPREDICTABLE>
    436c:	2c5d315b 	ldfcse	f3, [sp], {91}	@ 0x5b
    4370:	5f5f2620 	svcpl	0x005f2620
    4374:	325b6673 	subscc	r6, fp, #120586240	@ 0x7300000
    4378:	30202c5d 	eorcc	r2, r0, sp, asr ip
    437c:	2222202c 	eorcs	r2, r2, #44	@ 0x2c
    4380:	525f202c 	subspl	r2, pc, #44	@ 0x2c
    4384:	544e4545 	strbpl	r4, [lr], #-1349	@ 0xfffffabb
    4388:	494e495f 	stmdbmi	lr, {r0, r1, r2, r3, r4, r6, r8, fp, lr}^
    438c:	45525f54 	ldrbmi	r5, [r2, #-3924]	@ 0xfffff0ac
    4390:	56524553 			@ <UNDEFINED> instruction: 0x56524553
    4394:	315f4445 	cmpcc	pc, r5, asr #8
    4398:	554e5f20 	strbpl	r5, [lr, #-3872]	@ 0xfffff0e0
    439c:	202c4c4c 	eorcs	r4, ip, ip, asr #24
    43a0:	4545525f 	strbmi	r5, [r5, #-607]	@ 0xfffffda1
    43a4:	495f544e 	ldmdbmi	pc, {r1, r2, r3, r6, sl, ip, lr}^	@ <UNPREDICTABLE>
    43a8:	5f54494e 	svcpl	0x0054494e
    43ac:	45534552 	ldrbmi	r4, [r3, #-1362]	@ 0xfffffaae
    43b0:	44455652 	strbmi	r5, [r5], #-1618	@ 0xfffff9ae
    43b4:	5f20305f 	svcpl	0x0020305f
    43b8:	4c4c554e 	cfstr64mi	mvdx5, [ip], {78}	@ 0x4e
    43bc:	4e5f202c 	cdpmi	0, 5, cr2, cr15, cr12, {1}
    43c0:	2c4c4c55 	mcrrcs	12, 5, r4, ip, cr5
    43c4:	202c3020 	eorcs	r3, ip, r0, lsr #32
    43c8:	4c554e5f 	mrrcmi	14, 5, r4, r5, cr15
    43cc:	5f202c4c 	svcpl	0x00202c4c
    43d0:	4c4c554e 	cfstr64mi	mvdx5, [ip], {78}	@ 0x4e
    43d4:	2c30202c 	ldccs	0, cr2, [r0], #-176	@ 0xffffff50
    43d8:	554e5f20 	strbpl	r5, [lr, #-3872]	@ 0xfffff0e0
    43dc:	202c4c4c 	eorcs	r4, ip, ip, asr #24
    43e0:	207b207b 	rsbscs	r2, fp, fp, ror r0
    43e4:	4545525f 	strbmi	r5, [r5, #-607]	@ 0xfffffda1
    43e8:	495f544e 	ldmdbmi	pc, {r1, r2, r3, r6, sl, ip, lr}^	@ <UNPREDICTABLE>
    43ec:	5f54494e 	svcpl	0x0054494e
    43f0:	45534552 	ldrbmi	r4, [r3, #-1362]	@ 0xfffffaae
    43f4:	44455652 	strbmi	r5, [r5], #-1618	@ 0xfffff9ae
    43f8:	5f20325f 	svcpl	0x0020325f
    43fc:	4c4c554e 	cfstr64mi	mvdx5, [ip], {78}	@ 0x4e
    4400:	2222202c 	eorcs	r2, r2, #44	@ 0x2c
    4404:	307b202c 	rsbscc	r2, fp, ip, lsr #32
    4408:	2c30202c 	ldccs	0, cr2, [r0], #-176	@ 0xffffff50
    440c:	202c3020 	eorcs	r3, ip, r0, lsr #32
    4410:	30202c30 	eorcc	r2, r0, r0, lsr ip
    4414:	2c30202c 	ldccs	0, cr2, [r0], #-176	@ 0xffffff50
    4418:	202c3020 	eorcs	r3, ip, r0, lsr #32
    441c:	30202c30 	eorcc	r2, r0, r0, lsr ip
    4420:	30202c7d 	eorcc	r2, r0, sp, ror ip
    4424:	2c31202c 	ldccs	0, cr2, [r1], #-176	@ 0xffffff50
    4428:	7b207b20 	blvc	8230b0 <vector_table-0x77dcf50>
    442c:	4e41525f 	mcrmi	2, 2, r5, cr1, cr15, {2}
    4430:	5f383444 	svcpl	0x00383444
    4434:	44454553 	strbmi	r4, [r5], #-1363	@ 0xfffffaad
    4438:	202c305f 	eorcs	r3, ip, pc, asr r0
    443c:	4e41525f 	mcrmi	2, 2, r5, cr1, cr15, {2}
    4440:	5f383444 	svcpl	0x00383444
    4444:	44454553 	strbmi	r4, [r5], #-1363	@ 0xfffffaad
    4448:	202c315f 	eorcs	r3, ip, pc, asr r1
    444c:	4e41525f 	mcrmi	2, 2, r5, cr1, cr15, {2}
    4450:	5f383444 	svcpl	0x00383444
    4454:	44454553 	strbmi	r4, [r5], #-1363	@ 0xfffffaad
    4458:	2c7d325f 	lfmcs	f3, 2, [sp], #-380	@ 0xfffffe84
    445c:	525f7b20 	subspl	r7, pc, #32, 22	@ 0x8000
    4460:	34444e41 	strbcc	r4, [r4], #-3649	@ 0xfffff1bf
    4464:	554d5f38 	strbpl	r5, [sp, #-3896]	@ 0xfffff0c8
    4468:	305f544c 	subscc	r5, pc, ip, asr #8
    446c:	525f202c 	subspl	r2, pc, #44	@ 0x2c
    4470:	34444e41 	strbcc	r4, [r4], #-3649	@ 0xfffff1bf
    4474:	554d5f38 	strbpl	r5, [sp, #-3896]	@ 0xfffff0c8
    4478:	315f544c 	cmpcc	pc, ip, asr #8
    447c:	525f202c 	subspl	r2, pc, #44	@ 0x2c
    4480:	34444e41 	strbcc	r4, [r4], #-3649	@ 0xfffff1bf
    4484:	554d5f38 	strbpl	r5, [sp, #-3896]	@ 0xfffff0c8
    4488:	325f544c 	subscc	r5, pc, #76, 8	@ 0x4c000000
    448c:	5f202c7d 	svcpl	0x00202c7d
    4490:	444e4152 	strbmi	r4, [lr], #-338	@ 0xfffffeae
    4494:	415f3834 	cmpmi	pc, r4, lsr r8	@ <UNPREDICTABLE>
    4498:	7d204444 	cfstrsvc	mvf4, [r0, #-272]!	@ 0xfffffef0
    449c:	307b202c 	rsbscc	r2, fp, ip, lsr #32
    44a0:	307b202c 	rsbscc	r2, fp, ip, lsr #32
    44a4:	202c7d7d 	eorcs	r7, ip, sp, ror sp
    44a8:	202c307b 	eorcs	r3, ip, fp, ror r0
    44ac:	7d7d307b 	ldclvc	0, cr3, [sp, #-492]!	@ 0xfffffe14
    44b0:	307b202c 	rsbscc	r2, fp, ip, lsr #32
    44b4:	307b202c 	rsbscc	r2, fp, ip, lsr #32
    44b8:	202c7d7d 	eorcs	r7, ip, sp, ror sp
    44bc:	202c2222 	eorcs	r2, ip, r2, lsr #4
    44c0:	202c2222 	eorcs	r2, ip, r2, lsr #4
    44c4:	7b202c30 	blvc	80f58c <vector_table-0x77f0a74>
    44c8:	7b202c30 	blvc	80f590 <vector_table-0x77f0a70>
    44cc:	2c7d7d30 	ldclcs	13, cr7, [sp], #-192	@ 0xffffff40
    44d0:	2c307b20 			@ <UNDEFINED> instruction: 0x2c307b20
    44d4:	7d307b20 	vldmdbvc	r0!, {d7-d22}
    44d8:	7b202c7d 	blvc	80f6d4 <vector_table-0x77f092c>
    44dc:	7b202c30 	blvc	80f5a4 <vector_table-0x77f0a5c>
    44e0:	2c7d7d30 	ldclcs	13, cr7, [sp], #-192	@ 0xffffff40
    44e4:	2c307b20 			@ <UNDEFINED> instruction: 0x2c307b20
    44e8:	7d307b20 	vldmdbvc	r0!, {d7-d22}
    44ec:	7b202c7d 	blvc	80f6e8 <vector_table-0x77f0918>
    44f0:	7b202c30 	blvc	80f5b8 <vector_table-0x77f0a48>
    44f4:	207d7d30 	rsbscs	r7, sp, r0, lsr sp
    44f8:	2c7d207d 	ldclcs	0, cr2, [sp], #-500	@ 0xfffffe0c
    44fc:	45525f20 	ldrbmi	r5, [r2, #-3872]	@ 0xfffff0e0
    4500:	5f544e45 	svcpl	0x00544e45
    4504:	54494e49 	strbpl	r4, [r9], #-3657	@ 0xfffff1b7
    4508:	5345525f 	movtpl	r5, #21087	@ 0x525f
    450c:	45565245 	ldrbmi	r5, [r6, #-581]	@ 0xfffffdbb
    4510:	5f365f44 	svcpl	0x00365f44
    4514:	4e5f2037 	mrcmi	0, 2, r2, cr15, cr7, {1}
    4518:	204c4c55 	subcs	r4, ip, r5, asr ip
    451c:	525f007d 	subspl	r0, pc, #125	@ 0x7d
    4520:	5f444145 	svcpl	0x00444145
    4524:	54495257 	strbpl	r5, [r9], #-599	@ 0xfffffda9
    4528:	55425f45 	strbpl	r5, [r2, #-3909]	@ 0xfffff0bb
    452c:	5a495346 	bpl	125924c <vector_table-0x6da6db4>
    4530:	59545f45 	ldmdbpl	r4, {r0, r2, r6, r8, r9, sl, fp, ip, lr}^
    4534:	69204550 	stmdbvs	r0!, {r4, r6, r8, sl, lr}
    4538:	5f00746e 	svcpl	0x0000746e
    453c:	434f4c43 	movtmi	r4, #64579	@ 0xfc43
    4540:	5f545f4b 	svcpl	0x00545f4b
    4544:	736e7520 	cmnvc	lr, #32, 10	@ 0x8000000
    4548:	656e6769 	strbvs	r6, [lr, #-1897]!	@ 0xfffff897
    454c:	6f6c2064 	svcvs	0x006c2064
    4550:	5f00676e 	svcpl	0x0000676e
    4554:	454d4954 	strbmi	r4, [sp, #-2388]	@ 0xfffff6ac
    4558:	205f545f 	subscs	r5, pc, pc, asr r4	@ <UNPREDICTABLE>
    455c:	6e695f5f 	mcrvs	15, 3, r5, cr9, cr15, {2}
    4560:	656c5f74 	strbvs	r5, [ip, #-3956]!	@ 0xfffff08c
    4564:	36747361 	ldrbtcc	r7, [r4], -r1, ror #6
    4568:	00745f34 	rsbseq	r5, r4, r4, lsr pc
    456c:	414c5f5f 	cmpmi	ip, pc, asr pc
    4570:	46454752 			@ <UNDEFINED> instruction: 0x46454752
    4574:	5f454c49 	svcpl	0x00454c49
    4578:	49534956 	ldmdbmi	r3, {r1, r2, r4, r6, r8, fp, lr}^
    457c:	20454c42 	subcs	r4, r5, r2, asr #24
    4580:	5f5f0030 	svcpl	0x005f0030
    4584:	4c57454e 	cfldr64mi	mvdx4, [r7], {78}	@ 0x4e
    4588:	5f5f4249 	svcpl	0x005f4249
    458c:	45003420 	strmi	r3, [r0, #-1056]	@ 0xfffffbe0
    4590:	5f544958 	svcpl	0x00544958
    4594:	43435553 	movtmi	r5, #13651	@ 0x3553
    4598:	20535345 	subscs	r5, r3, r5, asr #6
    459c:	5f5f0030 	svcpl	0x005f0030
    45a0:	67696c61 	strbvs	r6, [r9, -r1, ror #24]!
    45a4:	70755f6e 	rsbsvc	r5, r5, lr, ror #30
    45a8:	792c7828 	stmdbvc	ip!, {r3, r5, fp, ip, sp, lr}
    45ac:	5f5f2029 	svcpl	0x005f2029
    45b0:	6c697562 	cfstr64vs	mvdx7, [r9], #-392	@ 0xfffffe78
    45b4:	5f6e6974 	svcpl	0x006e6974
    45b8:	67696c61 	strbvs	r6, [r9, -r1, ror #24]!
    45bc:	70755f6e 	rsbsvc	r5, r5, lr, ror #30
    45c0:	202c7828 	eorcs	r7, ip, r8, lsr #16
    45c4:	75002979 	strvc	r2, [r0, #-2425]	@ 0xfffff687
    45c8:	38746e69 	ldmdacc	r4!, {r0, r3, r5, r6, r9, sl, fp, sp, lr}^
    45cc:	5f00745f 	svcpl	0x0000745f
    45d0:	7274705f 	rsbsvc	r7, r4, #95	@ 0x5f
    45d4:	7620745f 			@ <UNDEFINED> instruction: 0x7620745f
    45d8:	2064696f 	rsbcs	r6, r4, pc, ror #18
    45dc:	485f002a 	ldmdami	pc, {r1, r3, r5}^	@ <UNPREDICTABLE>
    45e0:	5f455641 	svcpl	0x00455641
    45e4:	474e4f4c 	strbmi	r4, [lr, -ip, asr #30]
    45e8:	554f445f 	strbpl	r4, [pc, #-1119]	@ 4191 <vector_table-0x7ffbe6f>
    45ec:	20454c42 	subcs	r4, r5, r2, asr #24
    45f0:	525f0031 	subspl	r0, pc, #49	@ 0x31
    45f4:	544e4545 	strbpl	r4, [lr], #-1349	@ 0xfffffabb
    45f8:	4e41525f 	mcrmi	2, 2, r5, cr1, cr15, {2}
    45fc:	5f383444 	svcpl	0x00383444
    4600:	28444441 	stmdacs	r4, {r0, r6, sl, lr}^
    4604:	29727470 	ldmdbcs	r2!, {r4, r5, r6, sl, ip, sp, lr}^
    4608:	70282820 	eorvc	r2, r8, r0, lsr #16
    460c:	2d297274 	sfmcs	f7, 4, [r9, #-464]!	@ 0xfffffe30
    4610:	656e5f3e 	strbvs	r5, [lr, #-3902]!	@ 0xfffff0c2
    4614:	725f2e77 	subsvc	r2, pc, #1904	@ 0x770
    4618:	746e6565 	strbtvc	r6, [lr], #-1381	@ 0xfffffa9b
    461c:	34725f2e 	ldrbtcc	r5, [r2], #-3886	@ 0xfffff0d2
    4620:	615f2e38 	cmpvs	pc, r8, lsr lr	@ <UNPREDICTABLE>
    4624:	00296464 	eoreq	r6, r9, r4, ror #8
    4628:	4545525f 	strbmi	r5, [r5, #-607]	@ 0xfffffda1
    462c:	575f544e 	ldrbpl	r5, [pc, -lr, asr #8]
    4630:	54525343 	ldrbpl	r5, [r2], #-835	@ 0xfffffcbd
    4634:	53424d4f 	movtpl	r4, #11599	@ 0x2d4f
    4638:	4154535f 	cmpmi	r4, pc, asr r3
    463c:	70284554 	eorvc	r4, r8, r4, asr r5
    4640:	20297274 	eorcs	r7, r9, r4, ror r2
    4644:	74702828 	ldrbtvc	r2, [r0], #-2088	@ 0xfffff7d8
    4648:	3e2d2972 			@ <UNDEFINED> instruction: 0x3e2d2972
    464c:	77656e5f 			@ <UNDEFINED> instruction: 0x77656e5f
    4650:	65725f2e 	ldrbvs	r5, [r2, #-3886]!	@ 0xfffff0d2
    4654:	2e746e65 	cdpcs	14, 7, cr6, cr4, cr5, {3}
    4658:	7363775f 	cmnvc	r3, #24903680	@ 0x17c0000
    465c:	6d6f7472 	cfstrdvs	mvd7, [pc, #-456]!	@ 449c <vector_table-0x7ffbb64>
    4660:	735f7362 	cmpvc	pc, #-2013265919	@ 0x88000001
    4664:	65746174 	ldrbvs	r6, [r4, #-372]!	@ 0xfffffe8c
    4668:	5f5f0029 	svcpl	0x005f0029
    466c:	72747461 	rsbsvc	r7, r4, #1627389952	@ 0x61000000
    4670:	74756269 	ldrbtvc	r6, [r5], #-617	@ 0xfffffd97
    4674:	6f665f65 	svcvs	0x00665f65
    4678:	74616d72 	strbtvc	r6, [r1], #-3442	@ 0xfffff28e
    467c:	7274735f 	rsbsvc	r7, r4, #2080374785	@ 0x7c000001
    4680:	6e6f6d66 	cdpvs	13, 6, cr6, cr15, cr6, {3}
    4684:	61285f5f 			@ <UNDEFINED> instruction: 0x61285f5f
    4688:	2029622c 	eorcs	r6, r9, ip, lsr #4
    468c:	505f5f00 	subspl	r5, pc, r0, lsl #30
    4690:	6128544d 			@ <UNDEFINED> instruction: 0x6128544d
    4694:	29736772 	ldmdbcs	r3!, {r1, r4, r5, r6, r8, r9, sl, sp, lr}^
    4698:	67726120 	ldrbvs	r6, [r2, -r0, lsr #2]!
    469c:	5f5f0073 	svcpl	0x005f0073
    46a0:	64657270 	strbtvs	r7, [r5], #-624	@ 0xfffffd90
    46a4:	5f746369 	svcpl	0x00746369
    46a8:	65757274 	ldrbvs	r7, [r5, #-628]!	@ 0xfffffd8c
    46ac:	70786528 	rsbsvc	r6, r8, r8, lsr #10
    46b0:	5f5f2029 	svcpl	0x005f2029
    46b4:	6c697562 	cfstr64vs	mvdx7, [r9], #-392	@ 0xfffffe78
    46b8:	5f6e6974 	svcpl	0x006e6974
    46bc:	65707865 	ldrbvs	r7, [r0, #-2149]!	@ 0xfffff79b
    46c0:	28287463 	stmdacs	r8!, {r0, r1, r5, r6, sl, ip, sp, lr}
    46c4:	29707865 	ldmdbcs	r0!, {r0, r2, r5, r6, fp, ip, sp, lr}^
    46c8:	2931202c 	ldmdbcs	r1!, {r2, r3, r5, sp}
    46cc:	45525f00 	ldrbmi	r5, [r2, #-3840]	@ 0xfffff100
    46d0:	575f4441 	ldrbpl	r4, [pc, -r1, asr #8]
    46d4:	45544952 	ldrbmi	r4, [r4, #-2386]	@ 0xfffff6ae
    46d8:	5445525f 	strbpl	r5, [r5], #-607	@ 0xfffffda1
    46dc:	5f4e5255 	svcpl	0x004e5255
    46e0:	45505954 	ldrbmi	r5, [r0, #-2388]	@ 0xfffff6ac
    46e4:	746e6920 	strbtvc	r6, [lr], #-2336	@ 0xfffff6e0
    46e8:	6e5f5f00 	cdpvs	15, 5, cr5, cr15, cr0, {0}
    46ec:	5f646565 	svcpl	0x00646565
    46f0:	746e6977 	strbtvc	r6, [lr], #-2423	@ 0xfffff689
    46f4:	5f00745f 	svcpl	0x0000745f
    46f8:	6d79735f 	ldclvs	3, cr7, [r9, #-380]!	@ 0xfffffe84
    46fc:	6665645f 			@ <UNDEFINED> instruction: 0x6665645f
    4700:	746c7561 	strbtvc	r7, [ip], #-1377	@ 0xfffffa9f
    4704:	6d797328 	ldclvs	3, cr7, [r9, #-160]!	@ 0xffffff60
    4708:	706d692c 	rsbvc	r6, sp, ip, lsr #18
    470c:	65762c6c 	ldrbvs	r2, [r6, #-3180]!	@ 0xfffff394
    4710:	29646972 	stmdbcs	r4!, {r1, r4, r5, r6, r8, fp, sp, lr}^
    4714:	615f5f20 	cmpvs	pc, r0, lsr #30
    4718:	5f5f6d73 	svcpl	0x005f6d73
    471c:	732e2228 			@ <UNDEFINED> instruction: 0x732e2228
    4720:	65766d79 	ldrbvs	r6, [r6, #-3449]!	@ 0xfffff287
    4724:	20222072 	eorcs	r2, r2, r2, ror r0
    4728:	706d6923 	rsbvc	r6, sp, r3, lsr #18
    472c:	2c22206c 	stccs	0, cr2, [r2], #-432	@ 0xfffffe50
    4730:	23202220 			@ <UNDEFINED> instruction: 0x23202220
    4734:	206d7973 	rsbcs	r7, sp, r3, ror r9
    4738:	22404022 	subcs	r4, r0, #34	@ 0x22
    473c:	65762320 	ldrbvs	r2, [r6, #-800]!	@ 0xfffffce0
    4740:	29646972 	stmdbcs	r4!, {r1, r4, r5, r6, r8, fp, sp, lr}^
    4744:	615f5f00 	cmpvs	pc, r0, lsl #30
    4748:	636f6c6c 	cmnvs	pc, #108, 24	@ 0x6c00
    474c:	7a69735f 	bvc	1a614d0 <vector_table-0x659eb30>
    4750:	6e283265 	cdpvs	2, 2, cr3, cr8, cr5, {3}
    4754:	2029782c 	eorcs	r7, r9, ip, lsr #16
    4758:	74615f5f 	strbtvc	r5, [r1], #-3935	@ 0xfffff0a1
    475c:	62697274 	rsbvs	r7, r9, #116, 4	@ 0x40000007
    4760:	5f657475 	svcpl	0x00657475
    4764:	5f28285f 	svcpl	0x0028285f
    4768:	6c6c615f 	stfvse	f6, [ip], #-380	@ 0xfffffe84
    476c:	735f636f 	cmpvc	pc, #-1140850687	@ 0xbc000001
    4770:	5f657a69 	svcpl	0x00657a69
    4774:	2c6e285f 	stclcs	8, cr2, [lr], #-380	@ 0xfffffe84
    4778:	29297820 	stmdbcs	r9!, {r5, fp, ip, sp, lr}
    477c:	525f0029 	subspl	r0, pc, #41	@ 0x29
    4780:	544e4545 	strbpl	r4, [lr], #-1349	@ 0xfffffabb
    4784:	454d455f 	strbmi	r4, [sp, #-1375]	@ 0xfffffaa1
    4788:	4e454752 	mcrmi	7, 2, r4, cr5, cr2, {2}
    478c:	535f5943 	cmppl	pc, #1097728	@ 0x10c000
    4790:	20455a49 	subcs	r5, r5, r9, asr #20
    4794:	5f003532 	svcpl	0x00003532
    4798:	4e454552 	mcrmi	5, 2, r4, cr5, cr2, {2}
    479c:	4e495f54 	mcrmi	15, 2, r5, cr9, cr4, {2}
    47a0:	525f5449 	subspl	r5, pc, #1224736768	@ 0x49000000
    47a4:	52455345 	subpl	r5, r5, #335544321	@ 0x14000001
    47a8:	5f444556 	svcpl	0x00444556
    47ac:	5f002030 	svcpl	0x00002030
    47b0:	5f535953 	svcpl	0x00535953
    47b4:	54414546 	strbpl	r4, [r1], #-1350	@ 0xfffffaba
    47b8:	53455255 	movtpl	r5, #21077	@ 0x5255
    47bc:	0020485f 	eoreq	r4, r0, pc, asr r8
    47c0:	6f6e5f5f 	svcvs	0x006e5f5f
    47c4:	696c6e69 	stmdbvs	ip!, {r0, r3, r5, r6, r9, sl, fp, sp, lr}^
    47c8:	5f20656e 	svcpl	0x0020656e
    47cc:	7474615f 	ldrbtvc	r6, [r4], #-351	@ 0xfffffea1
    47d0:	75626972 	strbvc	r6, [r2, #-2418]!	@ 0xfffff68e
    47d4:	5f5f6574 	svcpl	0x005f6574
    47d8:	5f282820 	svcpl	0x00282820
    47dc:	696f6e5f 	stmdbvs	pc!, {r0, r1, r2, r3, r4, r6, r9, sl, fp, sp, lr}^	@ <UNPREDICTABLE>
    47e0:	6e696c6e 	cdpvs	12, 6, cr6, cr9, cr14, {3}
    47e4:	295f5f65 	ldmdbcs	pc, {r0, r2, r5, r6, r8, r9, sl, fp, ip, lr}^	@ <UNPREDICTABLE>
    47e8:	4d5f0029 	ldclmi	0, cr0, [pc, #-164]	@ 474c <vector_table-0x7ffb8b4>
    47ec:	53484341 	movtpl	r4, #33601	@ 0x8341
    47f0:	494c4454 	stmdbmi	ip, {r2, r4, r6, sl, lr}^
    47f4:	5f485f42 	svcpl	0x00485f42
    47f8:	616c0020 	cmnvs	ip, r0, lsr #32
    47fc:	695f7473 	ldmdbvs	pc, {r0, r1, r4, r5, r6, sl, ip, sp, lr}^	@ <UNPREDICTABLE>
    4800:	5f5f0064 	svcpl	0x005f0064
    4804:	42554f44 	subsmi	r4, r5, #68, 30	@ 0x110
    4808:	545f454c 	ldrbpl	r4, [pc], #-1356	@ 4810 <vector_table-0x7ffb7f0>
    480c:	20455059 	subcs	r5, r5, r9, asr r0
    4810:	62756f64 	rsbsvs	r6, r5, #100, 30	@ 0x190
    4814:	5f00656c 	svcpl	0x0000656c
    4818:	6469685f 	strbtvs	r6, [r9], #-2143	@ 0xfffff7a1
    481c:	206e6564 	rsbcs	r6, lr, r4, ror #10
    4820:	74615f5f 	strbtvc	r5, [r1], #-3935	@ 0xfffff0a1
    4824:	62697274 	rsbvs	r7, r9, #116, 4	@ 0x40000007
    4828:	5f657475 	svcpl	0x00657475
    482c:	5f28285f 	svcpl	0x0028285f
    4830:	7369765f 	cmnvc	r9, #99614720	@ 0x5f00000
    4834:	6c696269 	sfmvs	f6, 2, [r9], #-420	@ 0xfffffe5c
    4838:	5f797469 	svcpl	0x00797469
    483c:	6822285f 	stmdavs	r2!, {r0, r1, r2, r3, r4, r6, fp, sp}
    4840:	65646469 	strbvs	r6, [r4, #-1129]!	@ 0xfffffb97
    4844:	2929226e 	stmdbcs	r9!, {r1, r2, r3, r5, r6, r9, sp}
    4848:	525f0029 	subspl	r0, pc, #41	@ 0x29
    484c:	544e4545 	strbpl	r4, [lr], #-1349	@ 0xfffffabb
    4850:	52424d5f 	subpl	r4, r2, #6080	@ 0x17c0
    4854:	43574f54 	cmpmi	r7, #84, 30	@ 0x150
    4858:	4154535f 	cmpmi	r4, pc, asr r3
    485c:	70284554 	eorvc	r4, r8, r4, asr r5
    4860:	20297274 	eorcs	r7, r9, r4, ror r2
    4864:	74702828 	ldrbtvc	r2, [r0], #-2088	@ 0xfffff7d8
    4868:	3e2d2972 			@ <UNDEFINED> instruction: 0x3e2d2972
    486c:	77656e5f 			@ <UNDEFINED> instruction: 0x77656e5f
    4870:	65725f2e 	ldrbvs	r5, [r2, #-3886]!	@ 0xfffff0d2
    4874:	2e746e65 	cdpcs	14, 7, cr6, cr4, cr5, {3}
    4878:	72626d5f 	rsbvc	r6, r2, #6080	@ 0x17c0
    487c:	63776f74 	cmnvs	r7, #116, 30	@ 0x1d0
    4880:	6174735f 	cmnvs	r4, pc, asr r3
    4884:	00296574 	eoreq	r6, r9, r4, ror r5
    4888:	4e49575f 	mcrmi	7, 2, r5, cr9, cr15, {2}
    488c:	20545f54 	subscs	r5, r4, r4, asr pc
    4890:	6e5f5f00 	cdpvs	15, 5, cr5, cr15, cr0, {0}
    4894:	5f646565 	svcpl	0x00646565
    4898:	657a6973 	ldrbvs	r6, [sl, #-2419]!	@ 0xfffff68d
    489c:	0020745f 	eoreq	r7, r0, pc, asr r4
    48a0:	4545525f 	strbmi	r5, [r5, #-607]	@ 0xfffffda1
    48a4:	435f544e 	cmpmi	pc, #1308622848	@ 0x4e000000
    48a8:	4b434548 	blmi	10d5dd0 <vector_table-0x6f2a230>
    48ac:	4749535f 	smlsldmi	r5, r9, pc, r3	@ <UNPREDICTABLE>
    48b0:	5f4c414e 	svcpl	0x004c414e
    48b4:	28465542 	stmdacs	r6, {r1, r6, r8, sl, ip, lr}^
    48b8:	29727470 	ldmdbcs	r2!, {r4, r5, r6, sl, ip, sp, lr}^
    48bc:	525f0020 	subspl	r0, pc, #32
    48c0:	544e4545 	strbpl	r4, [lr], #-1349	@ 0xfffffabb
    48c4:	494e495f 	stmdbmi	lr, {r0, r1, r2, r3, r4, r6, r8, fp, lr}^
    48c8:	45525f54 	ldrbmi	r5, [r2, #-3924]	@ 0xfffff0ac
    48cc:	56524553 			@ <UNDEFINED> instruction: 0x56524553
    48d0:	315f4445 	cmpcc	pc, r5, asr #8
    48d4:	5f5f0020 	svcpl	0x005f0020
    48d8:	6b616577 	blvs	185debc <vector_table-0x67a2144>
    48dc:	6d79735f 	ldclvs	3, cr7, [r9, #-380]!	@ 0xfffffe84
    48e0:	206c6f62 	rsbcs	r6, ip, r2, ror #30
    48e4:	74615f5f 	strbtvc	r5, [r1], #-3935	@ 0xfffff0a1
    48e8:	62697274 	rsbvs	r7, r9, #116, 4	@ 0x40000007
    48ec:	5f657475 	svcpl	0x00657475
    48f0:	5f28285f 	svcpl	0x0028285f
    48f4:	6165775f 	cmnvs	r5, pc, asr r7
    48f8:	295f5f6b 	ldmdbcs	pc, {r0, r1, r3, r5, r6, r8, r9, sl, fp, ip, lr}^	@ <UNPREDICTABLE>
    48fc:	5f5f0029 	svcpl	0x005f0029
    4900:	64657375 	strbtvs	r7, [r5], #-885	@ 0xfffffc8b
    4904:	615f5f20 	cmpvs	pc, r0, lsr #30
    4908:	69727474 	ldmdbvs	r2!, {r2, r4, r5, r6, sl, ip, sp, lr}^
    490c:	65747562 	ldrbvs	r7, [r4, #-1378]!	@ 0xfffffa9e
    4910:	28285f5f 	stmdacs	r8!, {r0, r1, r2, r3, r4, r6, r8, r9, sl, fp, ip, lr}
    4914:	73755f5f 	cmnvc	r5, #380	@ 0x17c
    4918:	5f5f6465 	svcpl	0x005f6465
    491c:	5f002929 	svcpl	0x00002929
    4920:	6e65675f 	mcrvs	7, 3, r6, cr5, cr15, {2}
    4924:	63697265 	cmnvs	r9, #1342177286	@ 0x50000006
    4928:	70786528 	rsbsvc	r6, r8, r8, lsr #10
    492c:	2c742c72 	ldclcs	12, cr2, [r4], #-456	@ 0xfffffe38
    4930:	2c736579 	cfldr64cs	mvdx6, [r3], #-484	@ 0xfffffe1c
    4934:	20296f6e 	eorcs	r6, r9, lr, ror #30
    4938:	6e65475f 	mcrvs	7, 3, r4, cr5, cr15, {2}
    493c:	63697265 	cmnvs	r9, #1342177286	@ 0x50000006
    4940:	70786528 	rsbsvc	r6, r8, r8, lsr #10
    4944:	74202c72 	strtvc	r2, [r0], #-3186	@ 0xfffff38e
    4948:	6579203a 	ldrbvs	r2, [r9, #-58]!	@ 0xffffffc6
    494c:	64202c73 	strtvs	r2, [r0], #-3187	@ 0xfffff38d
    4950:	75616665 	strbvc	r6, [r1, #-1637]!	@ 0xfffff99b
    4954:	203a746c 	eorscs	r7, sl, ip, ror #8
    4958:	00296f6e 	eoreq	r6, r9, lr, ror #30
    495c:	4e475f5f 	mcrmi	15, 2, r5, cr7, cr15, {2}
    4960:	494c4355 	stmdbmi	ip, {r0, r2, r4, r6, r8, r9, lr}^
    4964:	435f454b 	cmpmi	pc, #314572800	@ 0x12c00000
    4968:	5f524f54 	svcpl	0x00524f54
    496c:	54434553 	strbpl	r4, [r3], #-1363	@ 0xfffffaad
    4970:	5f4e4f49 	svcpl	0x004e4f49
    4974:	444e4148 	strbmi	r4, [lr], #-328	@ 0xfffffeb8
    4978:	474e494c 	strbmi	r4, [lr, -ip, asr #18]
    497c:	5f003120 	svcpl	0x00003120
    4980:	6e695f5f 	mcrvs	15, 3, r5, cr9, cr15, {2}
    4984:	5f363174 	svcpl	0x00363174
    4988:	65645f74 	strbvs	r5, [r4, #-3956]!	@ 0xfffff08c
    498c:	656e6966 	strbvs	r6, [lr, #-2406]!	@ 0xfffff69a
    4990:	00312064 	eorseq	r2, r1, r4, rrx
    4994:	4545525f 	strbmi	r5, [r5, #-607]	@ 0xfffffda1
    4998:	5f20544e 	svcpl	0x0020544e
    499c:	75706d69 	ldrbvc	r6, [r0, #-3433]!	@ 0xfffff297
    49a0:	705f6572 	subsvc	r6, pc, r2, ror r5	@ <UNPREDICTABLE>
    49a4:	5f007274 	svcpl	0x00007274
    49a8:	7078655f 	rsbsvc	r6, r8, pc, asr r5
    49ac:	6574726f 	ldrbvs	r7, [r4, #-623]!	@ 0xfffffd91
    49b0:	5f5f2064 	svcpl	0x005f2064
    49b4:	72747461 	rsbsvc	r7, r4, #1627389952	@ 0x61000000
    49b8:	74756269 	ldrbtvc	r6, [r5], #-617	@ 0xfffffd97
    49bc:	285f5f65 	ldmdacs	pc, {r0, r2, r5, r6, r8, r9, sl, fp, ip, lr}^	@ <UNPREDICTABLE>
    49c0:	765f5f28 	ldrbvc	r5, [pc], -r8, lsr #30
    49c4:	62697369 	rsbvs	r7, r9, #-1543503871	@ 0xa4000001
    49c8:	74696c69 	strbtvc	r6, [r9], #-3177	@ 0xfffff397
    49cc:	285f5f79 	ldmdacs	pc, {r0, r3, r4, r5, r6, r8, r9, sl, fp, ip, lr}^	@ <UNPREDICTABLE>
    49d0:	66656422 	strbtvs	r6, [r5], -r2, lsr #8
    49d4:	746c7561 	strbtvc	r7, [ip], #-1377	@ 0xfffffa9f
    49d8:	29292922 	stmdbcs	r9!, {r1, r5, r8, fp, sp}
    49dc:	435f5f00 	cmpmi	pc, #0, 30
    49e0:	55535f43 	ldrbpl	r5, [r3, #-3907]	@ 0xfffff0bd
    49e4:	524f5050 	subpl	r5, pc, #80	@ 0x50
    49e8:	5f5f5354 	svcpl	0x005f5354
    49ec:	4c4e495f 	mcrrmi	9, 5, r4, lr, cr15	@ <UNPREDICTABLE>
    49f0:	20454e49 	subcs	r4, r5, r9, asr #28
    49f4:	4d5f0031 	ldclmi	0, cr0, [pc, #-196]	@ 4938 <vector_table-0x7ffb6c8>
    49f8:	454c5f42 	strbmi	r5, [ip, #-3906]	@ 0xfffff0be
    49fc:	414d5f4e 	cmpmi	sp, lr, asr #30
    4a00:	00312058 	eorseq	r2, r1, r8, asr r0
    4a04:	4545525f 	strbmi	r5, [r5, #-607]	@ 0xfffffda1
    4a08:	495f544e 	ldmdbmi	pc, {r1, r2, r3, r6, sl, ip, lr}^	@ <UNPREDICTABLE>
    4a0c:	5f28434e 	svcpl	0x0028434e
    4a10:	29727470 	ldmdbcs	r2!, {r4, r5, r6, sl, ip, sp, lr}^
    4a14:	5f282820 	svcpl	0x00282820
    4a18:	29727470 	ldmdbcs	r2!, {r4, r5, r6, sl, ip, sp, lr}^
    4a1c:	695f3e2d 	ldmdbvs	pc, {r0, r2, r3, r5, r9, sl, fp, ip, sp}^	@ <UNPREDICTABLE>
    4a20:	0029636e 	eoreq	r6, r9, lr, ror #6
    4a24:	6c615f5f 	stclvs	15, cr5, [r1], #-380	@ 0xfffffe84
    4a28:	5f636f6c 	svcpl	0x00636f6c
    4a2c:	67696c61 	strbvs	r6, [r9, -r1, ror #24]!
    4a30:	2978286e 	ldmdbcs	r8!, {r1, r2, r3, r5, r6, fp, sp}^
    4a34:	615f5f20 	cmpvs	pc, r0, lsr #30
    4a38:	69727474 	ldmdbvs	r2!, {r2, r4, r5, r6, sl, ip, sp, lr}^
    4a3c:	65747562 	ldrbvs	r7, [r4, #-1378]!	@ 0xfffffa9e
    4a40:	28285f5f 	stmdacs	r8!, {r0, r1, r2, r3, r4, r6, r8, r9, sl, fp, ip, lr}
    4a44:	6c615f5f 	stclvs	15, cr5, [r1], #-380	@ 0xfffffe84
    4a48:	5f636f6c 	svcpl	0x00636f6c
    4a4c:	67696c61 	strbvs	r6, [r9, -r1, ror #24]!
    4a50:	285f5f6e 	ldmdacs	pc, {r1, r2, r3, r5, r6, r8, r9, sl, fp, ip, lr}^	@ <UNPREDICTABLE>
    4a54:	29292978 	stmdbcs	r9!, {r3, r4, r5, r6, r8, fp, sp}
    4a58:	61747300 	cmnvs	r4, r0, lsl #6
    4a5c:	655f6b63 	ldrbvs	r6, [pc, #-2915]	@ 3f01 <vector_table-0x7ffc0ff>
    4a60:	5f00646e 	svcpl	0x0000646e
    4a64:	6e695f5f 	mcrvs	15, 3, r5, cr9, cr15, {2}
    4a68:	656c5f74 	strbvs	r5, [ip, #-3956]!	@ 0xfffff08c
    4a6c:	31747361 	cmncc	r4, r1, ror #6
    4a70:	5f745f36 	svcpl	0x00745f36
    4a74:	69666564 	stmdbvs	r6!, {r2, r5, r6, r8, sl, sp, lr}^
    4a78:	2064656e 	rsbcs	r6, r4, lr, ror #10
    4a7c:	5f5f0031 	svcpl	0x005f0031
    4a80:	75746572 	ldrbvc	r6, [r4, #-1394]!	@ 0xfffffa8e
    4a84:	5f736e72 	svcpl	0x00736e72
    4a88:	63697774 	cmnvs	r9, #116, 14	@ 0x1d00000
    4a8c:	5f5f2065 	svcpl	0x005f2065
    4a90:	72747461 	rsbsvc	r7, r4, #1627389952	@ 0x61000000
    4a94:	74756269 	ldrbtvc	r6, [r5], #-617	@ 0xfffffd97
    4a98:	285f5f65 	ldmdacs	pc, {r0, r2, r5, r6, r8, r9, sl, fp, ip, lr}^	@ <UNPREDICTABLE>
    4a9c:	725f5f28 	subsvc	r5, pc, #40, 30	@ 0xa0
    4aa0:	72757465 	rsbsvc	r7, r5, #1694498816	@ 0x65000000
    4aa4:	745f736e 	ldrbvc	r7, [pc], #-878	@ 4aac <vector_table-0x7ffb554>
    4aa8:	65636977 	strbvs	r6, [r3, #-2423]!	@ 0xfffff689
    4aac:	29295f5f 	stmdbcs	r9!, {r0, r1, r2, r3, r4, r6, r8, r9, sl, fp, ip, lr}
    4ab0:	725f5f00 	subsvc	r5, pc, #0, 30
    4ab4:	69757165 	ldmdbvs	r5!, {r0, r2, r5, r6, r8, ip, sp, lr}^
    4ab8:	5f736572 	svcpl	0x00736572
    4abc:	72616873 	rsbvc	r6, r1, #7536640	@ 0x730000
    4ac0:	2e286465 	cdpcs	4, 2, cr6, cr8, cr5, {3}
    4ac4:	20292e2e 	eorcs	r2, r9, lr, lsr #28
    4ac8:	6f6c5f5f 	svcvs	0x006c5f5f
    4acc:	615f6b63 	cmpvs	pc, r3, ror #22
    4ad0:	746f6e6e 	strbtvc	r6, [pc], #-3694	@ 4ad8 <vector_table-0x7ffb528>
    4ad4:	28657461 	stmdacs	r5!, {r0, r5, r6, sl, ip, sp, lr}^
    4ad8:	72616873 	rsbvc	r6, r1, #7536640	@ 0x730000
    4adc:	6c5f6465 	cfldrdvs	mvd6, [pc], {101}	@ 0x65
    4ae0:	736b636f 	cmnvc	fp, #-1140850687	@ 0xbc000001
    4ae4:	7165725f 	cmnvc	r5, pc, asr r2
    4ae8:	65726975 	ldrbvs	r6, [r2, #-2421]!	@ 0xfffff68b
    4aec:	5f5f2864 	svcpl	0x005f2864
    4af0:	415f4156 	cmpmi	pc, r6, asr r1	@ <UNPREDICTABLE>
    4af4:	5f534752 	svcpl	0x00534752
    4af8:	0029295f 	eoreq	r2, r9, pc, asr r9
    4afc:	444e455f 	strbmi	r4, [lr], #-1375	@ 0xfffffaa1
    4b00:	4454535f 	ldrbmi	r5, [r4], #-863	@ 0xfffffca1
    4b04:	0020435f 	eoreq	r4, r0, pc, asr r3
    4b08:	6c754e5f 	ldclvs	14, cr4, [r5], #-380	@ 0xfffffe84
    4b0c:	6e755f6c 	cdpvs	15, 7, cr5, cr5, cr12, {3}
    4b10:	63657073 	cmnvs	r5, #115	@ 0x73
    4b14:	65696669 	strbvs	r6, [r9, #-1641]!	@ 0xfffff997
    4b18:	5f002064 	svcpl	0x00002064
    4b1c:	5453585f 	ldrbpl	r5, [r3], #-2143	@ 0xfffff7a1
    4b20:	474e4952 	smlsldmi	r4, lr, r2, r9
    4b24:	20297828 	eorcs	r7, r9, r8, lsr #16
    4b28:	54535f5f 	ldrbpl	r5, [r3], #-3935	@ 0xfffff0a1
    4b2c:	474e4952 	smlsldmi	r4, lr, r2, r9
    4b30:	00297828 	eoreq	r7, r9, r8, lsr #16
    4b34:	74615f5f 	strbtvc	r5, [r1], #-3935	@ 0xfffff0a1
    4b38:	62697274 	rsbvs	r7, r9, #116, 4	@ 0x40000007
    4b3c:	5f657475 	svcpl	0x00657475
    4b40:	65727570 	ldrbvs	r7, [r2, #-1392]!	@ 0xfffffa90
    4b44:	00205f5f 	eoreq	r5, r0, pc, asr pc
    4b48:	4e475f5f 	mcrmi	15, 2, r5, cr7, cr15, {2}
    4b4c:	494c4355 	stmdbmi	ip, {r0, r2, r4, r6, r8, r9, lr}^
    4b50:	425f454b 	subsmi	r4, pc, #314572800	@ 0x12c00000
    4b54:	544c4955 	strbpl	r4, [ip], #-2389	@ 0xfffff6ab
    4b58:	565f4e49 	ldrbpl	r4, [pc], -r9, asr #28
    4b5c:	52415241 	subpl	r5, r1, #268435460	@ 0x10000004
    4b60:	31205347 			@ <UNDEFINED> instruction: 0x31205347
    4b64:	45525f00 	ldrbmi	r5, [r2, #-3840]	@ 0xfffff100
    4b68:	5f544e45 	svcpl	0x00544e45
    4b6c:	4e474953 			@ <UNDEFINED> instruction: 0x4e474953
    4b70:	284d4147 	stmdacs	sp, {r0, r1, r2, r6, r8, lr}^
    4b74:	29727470 	ldmdbcs	r2!, {r4, r5, r6, sl, ip, sp, lr}^
    4b78:	70282820 	eorvc	r2, r8, r0, lsr #16
    4b7c:	2d297274 	sfmcs	f7, 4, [r9, #-464]!	@ 0xfffffe30
    4b80:	656e5f3e 	strbvs	r5, [lr, #-3902]!	@ 0xfffff0c2
    4b84:	725f2e77 	subsvc	r2, pc, #1904	@ 0x770
    4b88:	746e6565 	strbtvc	r6, [lr], #-1381	@ 0xfffffa9b
    4b8c:	61675f2e 	cmnvs	r7, lr, lsr #30
    4b90:	5f616d6d 	svcpl	0x00616d6d
    4b94:	6e676973 			@ <UNDEFINED> instruction: 0x6e676973
    4b98:	296d6167 	stmdbcs	sp!, {r0, r1, r2, r5, r6, r8, sp, lr}^
    4b9c:	77656e00 	strbvc	r6, [r5, -r0, lsl #28]!
    4ba0:	7361745f 	cmnvc	r1, #1593835520	@ 0x5f000000
    4ba4:	5f5f006b 	svcpl	0x005f006b
    4ba8:	4353494d 	cmpmi	r3, #1261568	@ 0x134000
    4bac:	5349565f 	movtpl	r5, #38495	@ 0x965f
    4bb0:	454c4249 	strbmi	r4, [ip, #-585]	@ 0xfffffdb7
    4bb4:	5f003120 	svcpl	0x00003120
    4bb8:	53424f5f 	movtpl	r4, #12127	@ 0x2f5f
    4bbc:	54454c4f 	strbpl	r4, [r5], #-3151	@ 0xfffff3b1
    4bc0:	414d5f45 	cmpmi	sp, r5, asr #30
    4bc4:	5f204854 	svcpl	0x00204854
    4bc8:	53424f5f 	movtpl	r4, #12127	@ 0x2f5f
    4bcc:	54454c4f 	strbpl	r4, [r5], #-3151	@ 0xfffff3b1
    4bd0:	414d5f45 	cmpmi	sp, r5, asr #30
    4bd4:	445f4854 	ldrbmi	r4, [pc], #-2132	@ 4bdc <vector_table-0x7ffb424>
    4bd8:	55414645 	strbpl	r4, [r1, #-1605]	@ 0xfffff9bb
    4bdc:	5f00544c 	svcpl	0x0000544c
    4be0:	7275705f 	rsbsvc	r7, r5, #95	@ 0x5f
    4be4:	5f5f2065 	svcpl	0x005f2065
    4be8:	72747461 	rsbsvc	r7, r4, #1627389952	@ 0x61000000
    4bec:	74756269 	ldrbtvc	r6, [r5], #-617	@ 0xfffffd97
    4bf0:	285f5f65 	ldmdacs	pc, {r0, r2, r5, r6, r8, r9, sl, fp, ip, lr}^	@ <UNPREDICTABLE>
    4bf4:	705f5f28 	subsvc	r5, pc, r8, lsr #30
    4bf8:	5f657275 	svcpl	0x00657275
    4bfc:	0029295f 	eoreq	r2, r9, pc, asr r9
    4c00:	666f5f5f 	uqsaxvs	r5, pc, pc	@ <UNPREDICTABLE>
    4c04:	74657366 	strbtvc	r7, [r5], #-870	@ 0xfffffc9a
    4c08:	7428666f 	strtvc	r6, [r8], #-1647	@ 0xfffff991
    4c0c:	2c657079 	stclcs	0, cr7, [r5], #-484	@ 0xfffffe1c
    4c10:	6c656966 			@ <UNDEFINED> instruction: 0x6c656966
    4c14:	6f202964 	svcvs	0x00202964
    4c18:	65736666 	ldrbvs	r6, [r3, #-1638]!	@ 0xfffff99a
    4c1c:	28666f74 	stmdacs	r6!, {r2, r4, r5, r6, r8, r9, sl, fp, sp, lr}^
    4c20:	65707974 	ldrbvs	r7, [r0, #-2420]!	@ 0xfffff68c
    4c24:	6966202c 	stmdbvs	r6!, {r2, r3, r5, sp}^
    4c28:	29646c65 	stmdbcs	r4!, {r0, r2, r5, r6, sl, fp, sp, lr}^
    4c2c:	6e5f5f00 	cdpvs	15, 5, cr5, cr15, cr0, {0}
    4c30:	6e61736f 	cdpvs	3, 6, cr7, cr1, cr15, {3}
    4c34:	7a697469 	bvc	1a61de0 <vector_table-0x659e220>
    4c38:	6d656d65 	stclvs	13, cr6, [r5, #-404]!	@ 0xfffffe6c
    4c3c:	2079726f 	rsbscs	r7, r9, pc, ror #4
    4c40:	6c5f5f00 	mrrcvs	15, 0, r5, pc, cr0	@ <UNPREDICTABLE>
    4c44:	5f6b636f 	svcpl	0x006b636f
    4c48:	75716361 	ldrbvc	r6, [r1, #-865]!	@ 0xfffffc9f
    4c4c:	5f657269 	svcpl	0x00657269
    4c50:	75636572 	strbvc	r6, [r3, #-1394]!	@ 0xfffffa8e
    4c54:	76697372 			@ <UNDEFINED> instruction: 0x76697372
    4c58:	6f6c2865 	svcvs	0x006c2865
    4c5c:	20296b63 	eorcs	r6, r9, r3, ror #22
    4c60:	6f762828 	svcvs	0x00762828
    4c64:	20296469 	eorcs	r6, r9, r9, ror #8
    4c68:	5f002930 	svcpl	0x00002930
    4c6c:	4e454552 	mcrmi	5, 2, r4, cr5, cr2, {2}
    4c70:	54535f54 	ldrbpl	r5, [r3], #-3924	@ 0xfffff0ac
    4c74:	284e4944 	stmdacs	lr, {r2, r6, r8, fp, lr}^
    4c78:	7274705f 	rsbsvc	r7, r4, #95	@ 0x5f
    4c7c:	28282029 	stmdacs	r8!, {r0, r3, r5, sp}
    4c80:	7274705f 	rsbsvc	r7, r4, #95	@ 0x5f
    4c84:	5f3e2d29 	svcpl	0x003e2d29
    4c88:	69647473 	stmdbvs	r4!, {r0, r1, r4, r5, r6, sl, ip, sp, lr}^
    4c8c:	5f00296e 	svcpl	0x0000296e
    4c90:	5454415f 	ldrbpl	r4, [r4], #-351	@ 0xfffffea1
    4c94:	55424952 	strbpl	r4, [r2, #-2386]	@ 0xfffff6ae
    4c98:	495f4554 	ldmdbmi	pc, {r2, r4, r6, r8, sl, lr}^	@ <UNPREDICTABLE>
    4c9c:	5255504d 	subspl	r5, r5, #77	@ 0x4d
    4ca0:	41445f45 	cmpmi	r4, r5, asr #30
    4ca4:	5f5f4154 	svcpl	0x005f4154
    4ca8:	74730020 	ldrbtvc	r0, [r3], #-32	@ 0xffffffe0
    4cac:	5f6b6361 	svcpl	0x006b6361
    4cb0:	00706f74 	rsbseq	r6, r0, r4, ror pc
    4cb4:	73615f5f 	cmnvc	r1, #380	@ 0x17c
    4cb8:	74726573 	ldrbtvc	r6, [r2], #-1395	@ 0xfffffa8d
    4cbc:	78655f73 	stmdavc	r5!, {r0, r1, r4, r5, r6, r8, r9, sl, fp, ip, lr}^
    4cc0:	73756c63 	cmnvc	r5, #25344	@ 0x6300
    4cc4:	28657669 	stmdacs	r5!, {r0, r3, r5, r6, r9, sl, ip, sp, lr}^
    4cc8:	292e2e2e 	stmdbcs	lr!, {r1, r2, r3, r5, r9, sl, fp, sp}
    4ccc:	6c5f5f20 	mrrcvs	15, 2, r5, pc, cr0	@ <UNPREDICTABLE>
    4cd0:	5f6b636f 	svcpl	0x006b636f
    4cd4:	6f6e6e61 	svcvs	0x006e6e61
    4cd8:	65746174 	ldrbvs	r6, [r4, #-372]!	@ 0xfffffe8c
    4cdc:	73736128 	cmnvc	r3, #40, 2
    4ce0:	5f747265 	svcpl	0x00747265
    4ce4:	6c637865 	stclvs	8, cr7, [r3], #-404	@ 0xfffffe6c
    4ce8:	76697375 			@ <UNDEFINED> instruction: 0x76697375
    4cec:	6f6c5f65 	svcvs	0x006c5f65
    4cf0:	5f286b63 	svcpl	0x00286b63
    4cf4:	5f41565f 	svcpl	0x0041565f
    4cf8:	53475241 	movtpl	r5, #29249	@ 0x7241
    4cfc:	29295f5f 	stmdbcs	r9!, {r0, r1, r2, r3, r4, r6, r8, r9, sl, fp, ip, lr}
    4d00:	45525f00 	ldrbmi	r5, [r2, #-3840]	@ 0xfffff100
    4d04:	5f544e45 	svcpl	0x00544e45
    4d08:	5f474953 	svcpl	0x00474953
    4d0c:	434e5546 	movtmi	r5, #58694	@ 0xe546
    4d10:	74705f28 	ldrbtvc	r5, [r0], #-3880	@ 0xfffff0d8
    4d14:	28202972 	stmdacs	r0!, {r1, r4, r5, r6, r8, fp, sp}
    4d18:	74705f28 	ldrbtvc	r5, [r0], #-3880	@ 0xfffff0d8
    4d1c:	3e2d2972 			@ <UNDEFINED> instruction: 0x3e2d2972
    4d20:	6769735f 			@ <UNDEFINED> instruction: 0x6769735f
    4d24:	6e75665f 	mrcvs	6, 3, r6, cr5, cr15, {2}
    4d28:	5f002963 	svcpl	0x00002963
    4d2c:	49465441 	stmdbmi	r6, {r0, r6, sl, ip, lr}^
    4d30:	535f454c 	cmppl	pc, #76, 10	@ 0x13000000
    4d34:	4352554f 	cmpmi	r2, #331350016	@ 0x13c00000
    4d38:	525f0045 	subspl	r0, pc, #69	@ 0x45
    4d3c:	544e4545 	strbpl	r4, [lr], #-1349	@ 0xfffffabb
    4d40:	54424d5f 	strbpl	r4, [r2], #-3423	@ 0xfffff2a1
    4d44:	5f43574f 	svcpl	0x0043574f
    4d48:	54415453 	strbpl	r5, [r1], #-1107	@ 0xfffffbad
    4d4c:	74702845 	ldrbtvc	r2, [r0], #-2117	@ 0xfffff7bb
    4d50:	28202972 	stmdacs	r0!, {r1, r4, r5, r6, r8, fp, sp}
    4d54:	72747028 	rsbsvc	r7, r4, #40	@ 0x28
    4d58:	5f3e2d29 	svcpl	0x003e2d29
    4d5c:	2e77656e 	cdpcs	5, 7, cr6, cr7, cr14, {3}
    4d60:	6565725f 	strbvs	r7, [r5, #-607]!	@ 0xfffffda1
    4d64:	5f2e746e 	svcpl	0x002e746e
    4d68:	6f74626d 	svcvs	0x0074626d
    4d6c:	735f6377 	cmpvc	pc, #-603979775	@ 0xdc000001
    4d70:	65746174 	ldrbvs	r6, [r4, #-372]!	@ 0xfffffe8c
    4d74:	525f0029 	subspl	r0, pc, #41	@ 0x29
    4d78:	544e4545 	strbpl	r4, [lr], #-1349	@ 0xfffffabb
    4d7c:	4c424d5f 	mcrrmi	13, 5, r4, r2, cr15
    4d80:	535f4e45 	cmppl	pc, #1104	@ 0x450
    4d84:	45544154 	ldrbmi	r4, [r4, #-340]	@ 0xfffffeac
    4d88:	72747028 	rsbsvc	r7, r4, #40	@ 0x28
    4d8c:	28282029 	stmdacs	r8!, {r0, r3, r5, sp}
    4d90:	29727470 	ldmdbcs	r2!, {r4, r5, r6, sl, ip, sp, lr}^
    4d94:	6e5f3e2d 	cdpvs	14, 5, cr3, cr15, cr13, {1}
    4d98:	5f2e7765 	svcpl	0x002e7765
    4d9c:	6e656572 	mcrvs	5, 3, r6, cr5, cr2, {3}
    4da0:	6d5f2e74 	ldclvs	14, cr2, [pc, #-464]	@ 4bd8 <vector_table-0x7ffb428>
    4da4:	6e656c62 	cdpvs	12, 6, cr6, cr5, cr2, {3}
    4da8:	6174735f 	cmnvs	r4, pc, asr r3
    4dac:	00296574 	eoreq	r6, r9, r4, ror r5
    4db0:	72745f5f 	rsbsvc	r5, r4, #380	@ 0x17c
    4db4:	636f6c79 	cmnvs	pc, #30976	@ 0x7900
    4db8:	735f736b 	cmpvc	pc, #-1409286143	@ 0xac000001
    4dbc:	65726168 	ldrbvs	r6, [r2, #-360]!	@ 0xfffffe98
    4dc0:	2e2e2864 	cdpcs	8, 2, cr2, cr14, cr4, {3}
    4dc4:	5f20292e 	svcpl	0x0020292e
    4dc8:	636f6c5f 	cmnvs	pc, #24320	@ 0x5f00
    4dcc:	6e615f6b 	cdpvs	15, 6, cr5, cr1, cr11, {3}
    4dd0:	61746f6e 	cmnvs	r4, lr, ror #30
    4dd4:	73286574 			@ <UNDEFINED> instruction: 0x73286574
    4dd8:	65726168 	ldrbvs	r6, [r2, #-360]!	@ 0xfffffe98
    4ddc:	72745f64 	rsbsvc	r5, r4, #100, 30	@ 0x190
    4de0:	636f6c79 	cmnvs	pc, #30976	@ 0x7900
    4de4:	75665f6b 	strbvc	r5, [r6, #-3947]!	@ 0xfffff095
    4de8:	6974636e 	ldmdbvs	r4!, {r1, r2, r3, r5, r6, r8, r9, sp, lr}^
    4dec:	5f286e6f 	svcpl	0x00286e6f
    4df0:	5f41565f 	svcpl	0x0041565f
    4df4:	53475241 	movtpl	r5, #29249	@ 0x7241
    4df8:	29295f5f 	stmdbcs	r9!, {r0, r1, r2, r3, r4, r6, r8, r9, sl, fp, ip, lr}
    4dfc:	73617400 	cmnvc	r1, #0, 8
    4e00:	742f736b 	strtvc	r7, [pc], #-875	@ 4e08 <vector_table-0x7ffb1f8>
    4e04:	736b7361 	cmnvc	fp, #-2080374783	@ 0x84000001
    4e08:	5f00632e 	svcpl	0x0000632e
    4e0c:	636f6c5f 	cmnvs	pc, #24320	@ 0x5f00
    4e10:	735f736b 	cmpvc	pc, #-1409286143	@ 0xac000001
    4e14:	65726168 	ldrbvs	r6, [r2, #-360]!	@ 0xfffffe98
    4e18:	2e2e2864 	cdpcs	8, 2, cr2, cr14, cr4, {3}
    4e1c:	5f20292e 	svcpl	0x0020292e
    4e20:	636f6c5f 	cmnvs	pc, #24320	@ 0x5f00
    4e24:	6e615f6b 	cdpvs	15, 6, cr5, cr1, cr11, {3}
    4e28:	61746f6e 	cmnvs	r4, lr, ror #30
    4e2c:	73286574 			@ <UNDEFINED> instruction: 0x73286574
    4e30:	65726168 	ldrbvs	r6, [r2, #-360]!	@ 0xfffffe98
    4e34:	6f6c5f64 	svcvs	0x006c5f64
    4e38:	665f6b63 	ldrbvs	r6, [pc], -r3, ror #22
    4e3c:	74636e75 	strbtvc	r6, [r3], #-3701	@ 0xfffff18b
    4e40:	286e6f69 	stmdacs	lr!, {r0, r3, r5, r6, r8, r9, sl, fp, sp, lr}^
    4e44:	41565f5f 	cmpmi	r6, pc, asr pc
    4e48:	4752415f 			@ <UNDEFINED> instruction: 0x4752415f
    4e4c:	295f5f53 	ldmdbcs	pc, {r0, r1, r4, r6, r8, r9, sl, fp, ip, lr}^	@ <UNPREDICTABLE>
    4e50:	6e750029 	cdpvs	0, 7, cr0, cr5, cr9, {1}
    4e54:	6e676973 			@ <UNDEFINED> instruction: 0x6e676973
    4e58:	73206465 			@ <UNDEFINED> instruction: 0x73206465
    4e5c:	656e6769 	strbvs	r6, [lr, #-1897]!	@ 0xfffff897
    4e60:	5f5f0064 	svcpl	0x005f0064
    4e64:	5f736168 	svcpl	0x00736168
    4e68:	74616566 	strbtvc	r6, [r1], #-1382	@ 0xfffffa9a
    4e6c:	28657275 	stmdacs	r5!, {r0, r2, r4, r5, r6, r9, ip, sp, lr}^
    4e70:	30202978 	eorcc	r2, r0, r8, ror r9
    4e74:	5f5f5f00 	svcpl	0x005f5f00
    4e78:	38746e69 	ldmdacc	r4!, {r0, r3, r5, r6, r9, sl, fp, sp, lr}^
    4e7c:	645f745f 	ldrbvs	r7, [pc], #-1119	@ 4e84 <vector_table-0x7ffb17c>
    4e80:	6e696665 	cdpvs	6, 6, cr6, cr9, cr5, {3}
    4e84:	31206465 			@ <UNDEFINED> instruction: 0x31206465
    4e88:	6e5f5f00 	cdpvs	15, 5, cr5, cr15, cr0, {0}
    4e8c:	756e6e6f 	strbvc	r6, [lr, #-3695]!	@ 0xfffff191
    4e90:	615f6c6c 	cmpvs	pc, ip, ror #24
    4e94:	5f206c6c 	svcpl	0x00206c6c
    4e98:	7474615f 	ldrbtvc	r6, [r4], #-351	@ 0xfffffea1
    4e9c:	75626972 	strbvc	r6, [r2, #-2418]!	@ 0xfffff68e
    4ea0:	5f5f6574 	svcpl	0x005f6574
    4ea4:	5f5f2828 	svcpl	0x005f2828
    4ea8:	6e6e6f6e 	cdpvs	15, 6, cr6, cr14, cr14, {3}
    4eac:	5f6c6c75 	svcpl	0x006c6c75
    4eb0:	0029295f 	eoreq	r2, r9, pc, asr r9
    4eb4:	534f505f 	movtpl	r5, #61535	@ 0xf05f
    4eb8:	535f5849 	cmppl	pc, #4784128	@ 0x490000
    4ebc:	4352554f 	cmpmi	r2, #331350016	@ 0x13c00000
    4ec0:	41520045 	cmpmi	r2, r5, asr #32
    4ec4:	4d5f444e 	cfldrdmi	mvd4, [pc, #-312]	@ 4d94 <vector_table-0x7ffb26c>
    4ec8:	5f205841 	svcpl	0x00205841
    4ecc:	4e41525f 	mcrmi	2, 2, r5, cr1, cr15, {2}
    4ed0:	414d5f44 	cmpmi	sp, r4, asr #30
    4ed4:	525f0058 	subspl	r0, pc, #88	@ 0x58
    4ed8:	544e4545 	strbpl	r4, [lr], #-1349	@ 0xfffffabb
    4edc:	5252455f 	subspl	r4, r2, #398458880	@ 0x17c00000
    4ee0:	5f284f4e 	svcpl	0x00284f4e
    4ee4:	29727470 	ldmdbcs	r2!, {r4, r5, r6, sl, ip, sp, lr}^
    4ee8:	5f282820 	svcpl	0x00282820
    4eec:	29727470 	ldmdbcs	r2!, {r4, r5, r6, sl, ip, sp, lr}^
    4ef0:	655f3e2d 	ldrbvs	r3, [pc, #-3629]	@ 40cb <vector_table-0x7ffbf35>
    4ef4:	6f6e7272 	svcvs	0x006e7272
    4ef8:	4d5f0029 	ldclmi	0, cr0, [pc, #-164]	@ 4e5c <vector_table-0x7ffb1a4>
    4efc:	49484341 	stmdbmi	r8, {r0, r6, r8, r9, lr}^
    4f00:	5f5f454e 	svcpl	0x005f454e
    4f04:	45505954 	ldrbmi	r5, [r0, #-2388]	@ 0xfffff6ac
    4f08:	20485f53 	subcs	r5, r8, r3, asr pc
    4f0c:	615f5f00 	cmpvs	pc, r0, lsl #30
    4f10:	69727474 	ldmdbvs	r2!, {r2, r4, r5, r6, sl, ip, sp, lr}^
    4f14:	65747562 	ldrbvs	r7, [r4, #-1378]!	@ 0xfffffa9e
    4f18:	6c616d5f 	stclvs	13, cr6, [r1], #-380	@ 0xfffffe84
    4f1c:	5f636f6c 	svcpl	0x00636f6c
    4f20:	5f00205f 	svcpl	0x0000205f
    4f24:	4c554e5f 	mrrcmi	14, 5, r4, r5, cr15
    4f28:	4942414c 	stmdbmi	r2, {r2, r3, r6, r8, lr}^
    4f2c:	5954494c 	ldmdbpl	r4, {r2, r3, r6, r8, fp, lr}^
    4f30:	4152505f 	cmpmi	r2, pc, asr r0
    4f34:	5f414d47 	svcpl	0x00414d47
    4f38:	20504f50 	subscs	r4, r0, r0, asr pc
    4f3c:	725f5f00 	subsvc	r5, pc, #0, 30
    4f40:	72747365 	rsbsvc	r7, r4, #-1811939327	@ 0x94000001
    4f44:	20746369 	rsbscs	r6, r4, r9, ror #6
    4f48:	74736572 	ldrbtvc	r6, [r3], #-1394	@ 0xfffffa8e
    4f4c:	74636972 	strbtvc	r6, [r3], #-2418	@ 0xfffff68e
    4f50:	725f5f00 	subsvc	r5, pc, #0, 30
    4f54:	69757165 	ldmdbvs	r5!, {r0, r2, r5, r6, r8, ip, sp, lr}^
    4f58:	5f736572 	svcpl	0x00736572
    4f5c:	6f6c6e75 	svcvs	0x006c6e75
    4f60:	64656b63 	strbtvs	r6, [r5], #-2915	@ 0xfffff49d
    4f64:	2e2e2e28 	cdpcs	14, 2, cr2, cr14, cr8, {1}
    4f68:	5f5f2029 	svcpl	0x005f2029
    4f6c:	6b636f6c 	blvs	18e0d24 <vector_table-0x671f2dc>
    4f70:	6e6e615f 	mcrvs	1, 3, r6, cr14, cr15, {2}
    4f74:	7461746f 	strbtvc	r7, [r1], #-1135	@ 0xfffffb91
    4f78:	6f6c2865 	svcvs	0x006c2865
    4f7c:	5f736b63 	svcpl	0x00736b63
    4f80:	6c637865 	stclvs	8, cr7, [r3], #-404	@ 0xfffffe6c
    4f84:	64656475 	strbtvs	r6, [r5], #-1141	@ 0xfffffb8b
    4f88:	565f5f28 	ldrbpl	r5, [pc], -r8, lsr #30
    4f8c:	52415f41 	subpl	r5, r1, #260	@ 0x104
    4f90:	5f5f5347 	svcpl	0x005f5347
    4f94:	5f002929 	svcpl	0x00002929
    4f98:	5f455355 	svcpl	0x00455355
    4f9c:	4f544447 	svcmi	0x00544447
    4fa0:	5f002041 	svcpl	0x00002041
    4fa4:	6e696d5f 	mcrvs	13, 3, r6, cr9, cr15, {2}
    4fa8:	7a69735f 	bvc	1a61d2c <vector_table-0x659e2d4>
    4fac:	29782865 	ldmdbcs	r8!, {r0, r2, r5, r6, fp, sp}^
    4fb0:	61747320 	cmnvs	r4, r0, lsr #6
    4fb4:	20636974 	rsbcs	r6, r3, r4, ror r9
    4fb8:	00297828 	eoreq	r7, r9, r8, lsr #16
    4fbc:	656e5f5f 	strbvs	r5, [lr, #-3935]!	@ 0xfffff0a1
    4fc0:	4e5f6465 	cdpmi	4, 5, cr6, cr15, cr5, {3}
    4fc4:	204c4c55 	subcs	r4, ip, r5, asr ip
    4fc8:	45445f00 	strbmi	r5, [r4, #-3840]	@ 0xfffff100
    4fcc:	4c554146 	ldfmie	f4, [r5], {70}	@ 0x46
    4fd0:	4f535f54 	svcmi	0x00535f54
    4fd4:	45435255 	strbmi	r5, [r3, #-597]	@ 0xfffffdab
    4fd8:	5f003120 	svcpl	0x00003120
    4fdc:	6365735f 	cmnvs	r5, #2080374785	@ 0x7c000001
    4fe0:	6e6f6974 			@ <UNDEFINED> instruction: 0x6e6f6974
    4fe4:	20297828 	eorcs	r7, r9, r8, lsr #16
    4fe8:	74615f5f 	strbtvc	r5, [r1], #-3935	@ 0xfffff0a1
    4fec:	62697274 	rsbvs	r7, r9, #116, 4	@ 0x40000007
    4ff0:	5f657475 	svcpl	0x00657475
    4ff4:	5f28285f 	svcpl	0x0028285f
    4ff8:	6365735f 	cmnvs	r5, #2080374785	@ 0x7c000001
    4ffc:	6e6f6974 			@ <UNDEFINED> instruction: 0x6e6f6974
    5000:	78285f5f 	stmdavc	r8!, {r0, r1, r2, r3, r4, r6, r8, r9, sl, fp, ip, lr}
    5004:	00292929 	eoreq	r2, r9, r9, lsr #18
    5008:	75705f5f 	ldrbvc	r5, [r0, #-3935]!	@ 0xfffff0a1
    500c:	20326572 	eorscs	r6, r2, r2, ror r5
    5010:	74615f5f 	strbtvc	r5, [r1], #-3935	@ 0xfffff0a1
    5014:	62697274 	rsbvs	r7, r9, #116, 4	@ 0x40000007
    5018:	5f657475 	svcpl	0x00657475
    501c:	5f28285f 	svcpl	0x0028285f
    5020:	6e6f635f 	mcrvs	3, 3, r6, cr15, cr15, {2}
    5024:	5f5f7473 	svcpl	0x005f7473
    5028:	5f002929 	svcpl	0x00002929
    502c:	4c554e5f 	mrrcmi	14, 5, r4, r5, cr15
    5030:	4942414c 	stmdbmi	r2, {r2, r3, r6, r8, lr}^
    5034:	5954494c 	ldmdbpl	r4, {r2, r3, r6, r8, fp, lr}^
    5038:	4152505f 	cmpmi	r2, pc, asr r0
    503c:	5f414d47 	svcpl	0x00414d47
    5040:	48535550 	ldmdami	r3, {r4, r6, r8, sl, ip, lr}^
    5044:	525f0020 	subspl	r0, pc, #32
    5048:	34444e41 	strbcc	r4, [r4], #-3649	@ 0xfffff1bf
    504c:	45535f38 	ldrbmi	r5, [r3, #-3896]	@ 0xfffff0c8
    5050:	315f4445 	cmpcc	pc, r5, asr #8
    5054:	78302820 	ldmdavc	r0!, {r5, fp, sp}
    5058:	64636261 	strbtvs	r6, [r3], #-609	@ 0xfffffd9f
    505c:	796d0029 	stmdbvc	sp!, {r0, r3, r5}^
    5060:	6165685f 	cmnvs	r5, pc, asr r8
    5064:	00745f70 	rsbseq	r5, r4, r0, ror pc
    5068:	4545525f 	strbmi	r5, [r5, #-607]	@ 0xfffffda1
    506c:	435f544e 	cmpmi	pc, #1308622848	@ 0x4e000000
    5070:	4e41454c 	cdpmi	5, 4, cr4, cr1, cr12, {2}
    5074:	5f285055 	svcpl	0x00285055
    5078:	29727470 	ldmdbcs	r2!, {r4, r5, r6, sl, ip, sp, lr}^
    507c:	5f282820 	svcpl	0x00282820
    5080:	29727470 	ldmdbcs	r2!, {r4, r5, r6, sl, ip, sp, lr}^
    5084:	5f5f3e2d 	svcpl	0x005f3e2d
    5088:	61656c63 	cmnvs	r5, r3, ror #24
    508c:	2970756e 	ldmdbcs	r0!, {r1, r2, r3, r5, r6, r8, sl, ip, sp, lr}^
    5090:	435f5f00 	cmpmi	pc, #0, 30
    5094:	55535f43 	ldrbpl	r5, [r3, #-3907]	@ 0xfffff0bd
    5098:	524f5050 	subpl	r5, pc, #80	@ 0x50
    509c:	5f5f5354 	svcpl	0x005f5354
    50a0:	4e55465f 	mrcmi	6, 2, r4, cr5, cr15, {2}
    50a4:	205f5f43 	subscs	r5, pc, r3, asr #30
    50a8:	5f5f0031 	svcpl	0x005f0031
    50ac:	43554e47 	cmpmi	r5, #1136	@ 0x470
    50b0:	454b494c 	strbmi	r4, [fp, #-2380]	@ 0xfffff6b4
    50b4:	54414d5f 	strbpl	r4, [r1], #-3423	@ 0xfffff2a1
    50b8:	55425f48 	strbpl	r5, [r2, #-3912]	@ 0xfffff0b8
    50bc:	49544c49 	ldmdbmi	r4, {r0, r3, r6, sl, fp, lr}^
    50c0:	4f435f4e 	svcmi	0x00435f4e
    50c4:	4154534e 	cmpmi	r4, lr, asr #6
    50c8:	2053544e 	subscs	r5, r3, lr, asr #8
    50cc:	625f5f00 	subsvs	r5, pc, #0, 30
    50d0:	746c6975 	strbtvc	r6, [ip], #-2421	@ 0xfffff68b
    50d4:	615f6e69 	cmpvs	pc, r9, ror #28
    50d8:	6e67696c 	vnmulvs.f16	s13, s14, s25	@ <UNPREDICTABLE>
    50dc:	2870755f 	ldmdacs	r0!, {r0, r1, r2, r3, r4, r6, r8, sl, ip, sp, lr}^
    50e0:	6c612c78 	stclvs	12, cr2, [r1], #-480	@ 0xfffffe20
    50e4:	296e6769 	stmdbcs	lr!, {r0, r3, r5, r6, r8, r9, sl, sp, lr}^
    50e8:	5f282820 	svcpl	0x00282820
    50ec:	7079745f 	rsbsvc	r7, r9, pc, asr r4
    50f0:	5f666f65 	svcpl	0x00666f65
    50f4:	2978285f 	ldmdbcs	r8!, {r0, r1, r2, r3, r4, r6, fp, sp}^
    50f8:	28282829 	stmdacs	r8!, {r0, r3, r5, fp, sp}
    50fc:	69755f5f 	ldmdbvs	r5!, {r0, r1, r2, r3, r4, r6, r8, r9, sl, fp, ip, lr}^
    5100:	7470746e 	ldrbtvc	r7, [r0], #-1134	@ 0xfffffb92
    5104:	29745f72 	ldmdbcs	r4!, {r1, r4, r5, r6, r8, r9, sl, fp, ip, lr}^
    5108:	2b297828 	blcs	a631b0 <vector_table-0x759ce50>
    510c:	6c612828 	stclvs	8, cr2, [r1], #-160	@ 0xffffff60
    5110:	296e6769 	stmdbcs	lr!, {r0, r3, r5, r6, r8, r9, sl, sp, lr}^
    5114:	2929312d 	stmdbcs	r9!, {r0, r2, r3, r5, r8, ip, sp}
    5118:	287e2826 	ldmdacs	lr!, {r1, r2, r5, fp, sp}^
    511c:	696c6128 	stmdbvs	ip!, {r3, r5, r8, sp, lr}^
    5120:	2d296e67 	stccs	14, cr6, [r9, #-412]!	@ 0xfffffe64
    5124:	29292931 	stmdbcs	r9!, {r0, r4, r5, r8, fp, sp}
    5128:	525f0029 	subspl	r0, pc, #41	@ 0x29
    512c:	544e4545 	strbpl	r4, [lr], #-1349	@ 0xfffffabb
    5130:	414d535f 	cmpmi	sp, pc, asr r3
    5134:	435f4c4c 	cmpmi	pc, #76, 24	@ 0x4c00
    5138:	4b434548 	blmi	10d6660 <vector_table-0x6f299a0>
    513c:	494e495f 	stmdbmi	lr, {r0, r1, r2, r3, r4, r6, r8, fp, lr}^
    5140:	74702854 	ldrbtvc	r2, [r0], #-2132	@ 0xfffff7ac
    5144:	00202972 	eoreq	r2, r0, r2, ror r9
    5148:	6f635f5f 	svcvs	0x00635f5f
    514c:	2074736e 	rsbscs	r7, r4, lr, ror #6
    5150:	736e6f63 	cmnvc	lr, #396	@ 0x18c
    5154:	5f5f0074 	svcpl	0x005f0074
    5158:	6f6c6c61 	svcvs	0x006c6c61
    515c:	69735f63 	ldmdbvs	r3!, {r0, r1, r5, r6, r8, r9, sl, fp, ip, lr}^
    5160:	7828657a 	stmdavc	r8!, {r1, r3, r4, r5, r6, r8, sl, sp, lr}
    5164:	5f5f2029 	svcpl	0x005f2029
    5168:	72747461 	rsbsvc	r7, r4, #1627389952	@ 0x61000000
    516c:	74756269 	ldrbtvc	r6, [r5], #-617	@ 0xfffffd97
    5170:	285f5f65 	ldmdacs	pc, {r0, r2, r5, r6, r8, r9, sl, fp, ip, lr}^	@ <UNPREDICTABLE>
    5174:	615f5f28 	cmpvs	pc, r8, lsr #30
    5178:	636f6c6c 	cmnvs	pc, #108, 24	@ 0x6c00
    517c:	7a69735f 	bvc	1a61f00 <vector_table-0x659e100>
    5180:	285f5f65 	ldmdacs	pc, {r0, r2, r5, r6, r8, r9, sl, fp, ip, lr}^	@ <UNPREDICTABLE>
    5184:	29292978 	stmdbcs	r9!, {r3, r4, r5, r6, r8, fp, sp}
    5188:	41575f00 	cmpmi	r7, r0, lsl #30
    518c:	555f544e 	ldrbpl	r5, [pc, #-1102]	@ 4d46 <vector_table-0x7ffb2ba>
    5190:	475f4553 			@ <UNDEFINED> instruction: 0x475f4553
    5194:	414f5444 	cmpmi	pc, r4, asr #8
    5198:	5f003120 	svcpl	0x00003120
    519c:	7261775f 	rsbvc	r7, r1, #24903680	@ 0x17c0000
    51a0:	65725f6e 	ldrbvs	r5, [r2, #-3950]!	@ 0xfffff092
    51a4:	65726566 	ldrbvs	r6, [r2, #-1382]!	@ 0xfffffa9a
    51a8:	7365636e 	cmnvc	r5, #-1207959551	@ 0xb8000001
    51ac:	6d797328 	ldclvs	3, cr7, [r9, #-160]!	@ 0xffffff60
    51b0:	67736d2c 	ldrbvs	r6, [r3, -ip, lsr #26]!
    51b4:	5f5f2029 	svcpl	0x005f2029
    51b8:	5f6d7361 	svcpl	0x006d7361
    51bc:	2e22285f 	mcrcs	8, 1, r2, cr2, cr15, {2}
    51c0:	74636573 	strbtvc	r6, [r3], #-1395	@ 0xfffffa8d
    51c4:	206e6f69 	rsbcs	r6, lr, r9, ror #30
    51c8:	756e672e 	strbvc	r6, [lr, #-1838]!	@ 0xfffff8d2
    51cc:	7261772e 	rsbvc	r7, r1, #12058624	@ 0xb80000
    51d0:	676e696e 	strbvs	r6, [lr, -lr, ror #18]!
    51d4:	2320222e 			@ <UNDEFINED> instruction: 0x2320222e
    51d8:	296d7973 	stmdbcs	sp!, {r0, r1, r4, r5, r6, r8, fp, ip, sp, lr}^
    51dc:	5f5f203b 	svcpl	0x005f203b
    51e0:	5f6d7361 	svcpl	0x006d7361
    51e4:	2e22285f 	mcrcs	8, 1, r2, cr2, cr15, {2}
    51e8:	69637361 	stmdbvs	r3!, {r0, r5, r6, r8, r9, ip, sp, lr}^
    51ec:	225c207a 	subscs	r2, ip, #122	@ 0x7a
    51f0:	736d2022 	cmnvc	sp, #34	@ 0x22
    51f4:	5c222067 	stcpl	0, cr2, [r2], #-412	@ 0xfffffe64
    51f8:	3b292222 	blcc	a4da88 <vector_table-0x75b2578>
    51fc:	615f5f20 	cmpvs	pc, r0, lsr #30
    5200:	5f5f6d73 	svcpl	0x005f6d73
    5204:	702e2228 	eorvc	r2, lr, r8, lsr #4
    5208:	69766572 	ldmdbvs	r6!, {r1, r4, r5, r6, r8, sl, sp, lr}^
    520c:	2273756f 	rsbscs	r7, r3, #465567744	@ 0x1bc00000
    5210:	4e5f0029 	cdpmi	0, 5, cr0, cr15, cr9, {1}
    5214:	494c5745 	stmdbmi	ip, {r0, r2, r6, r8, r9, sl, ip, lr}^
    5218:	45565f42 	ldrbmi	r5, [r6, #-3906]	@ 0xfffff0be
    521c:	4f495352 	svcmi	0x00495352
    5220:	5f485f4e 	svcpl	0x00485f4e
    5224:	0031205f 	eorseq	r2, r1, pc, asr r0
    5228:	4554415f 	ldrbmi	r4, [r4, #-351]	@ 0xfffffea1
    522c:	5f544958 	svcpl	0x00544958
    5230:	414e5944 	cmpmi	lr, r4, asr #18
    5234:	5f43494d 	svcpl	0x0043494d
    5238:	4f4c4c41 	svcmi	0x004c4c41
    523c:	00312043 	eorseq	r2, r1, r3, asr #32
    5240:	4545525f 	strbmi	r5, [r5, #-607]	@ 0xfffffda1
    5244:	525f544e 	subspl	r5, pc, #1308622848	@ 0x4e000000
    5248:	34444e41 	strbcc	r4, [r4], #-3649	@ 0xfffff1bf
    524c:	554d5f38 	strbpl	r5, [sp, #-3896]	@ 0xfffff0c8
    5250:	7028544c 	eorvc	r5, r8, ip, asr #8
    5254:	20297274 	eorcs	r7, r9, r4, ror r2
    5258:	74702828 	ldrbtvc	r2, [r0], #-2088	@ 0xfffff7d8
    525c:	3e2d2972 			@ <UNDEFINED> instruction: 0x3e2d2972
    5260:	77656e5f 			@ <UNDEFINED> instruction: 0x77656e5f
    5264:	65725f2e 	ldrbvs	r5, [r2, #-3886]!	@ 0xfffff0d2
    5268:	2e746e65 	cdpcs	14, 7, cr6, cr4, cr5, {3}
    526c:	3834725f 	ldmdacc	r4!, {r0, r1, r2, r3, r4, r6, r9, ip, sp, lr}
    5270:	756d5f2e 	strbvc	r5, [sp, #-3886]!	@ 0xfffff0d2
    5274:	0029746c 	eoreq	r7, r9, ip, ror #8
    5278:	4545525f 	strbmi	r5, [r5, #-607]	@ 0xfffffda1
    527c:	495f544e 	ldmdbmi	pc, {r1, r2, r3, r6, sl, ip, lr}^	@ <UNPREDICTABLE>
    5280:	5f54494e 	svcpl	0x0054494e
    5284:	5f525450 	svcpl	0x00525450
    5288:	4f52455a 	svcmi	0x0052455a
    528c:	76284445 	strtvc	r4, [r8], -r5, asr #8
    5290:	20297261 	eorcs	r7, r9, r1, ror #4
    5294:	7628207b 			@ <UNDEFINED> instruction: 0x7628207b
    5298:	2d297261 	sfmcs	f7, 4, [r9, #-388]!	@ 0xfffffe7c
    529c:	74735f3e 	ldrbtvc	r5, [r3], #-3902	@ 0xfffff0c2
    52a0:	206e6964 	rsbcs	r6, lr, r4, ror #18
    52a4:	5f26203d 	svcpl	0x0026203d
    52a8:	5b66735f 	blpl	19a202c <vector_table-0x665dfd4>
    52ac:	203b5d30 	eorscs	r5, fp, r0, lsr sp
    52b0:	72617628 	rsbvc	r7, r1, #40, 12	@ 0x2800000
    52b4:	5f3e2d29 	svcpl	0x003e2d29
    52b8:	6f647473 	svcvs	0x00647473
    52bc:	3d207475 	cfstrscc	mvf7, [r0, #-468]!	@ 0xfffffe2c
    52c0:	5f5f2620 	svcpl	0x005f2620
    52c4:	315b6673 	cmpcc	fp, r3, ror r6
    52c8:	28203b5d 	stmdacs	r0!, {r0, r2, r3, r4, r6, r8, r9, fp, ip, sp}
    52cc:	29726176 	ldmdbcs	r2!, {r1, r2, r4, r5, r6, r8, sp, lr}^
    52d0:	735f3e2d 	cmpvc	pc, #720	@ 0x2d0
    52d4:	72656474 	rsbvc	r6, r5, #116, 8	@ 0x74000000
    52d8:	203d2072 	eorscs	r2, sp, r2, ror r0
    52dc:	735f5f26 	cmpvc	pc, #38, 30	@ 0x98
    52e0:	5d325b66 	vldmdbpl	r2!, {d5-<overflow reg d55>}
    52e4:	7628203b 			@ <UNDEFINED> instruction: 0x7628203b
    52e8:	2d297261 	sfmcs	f7, 4, [r9, #-388]!	@ 0xfffffe7c
    52ec:	656e5f3e 	strbvs	r5, [lr, #-3902]!	@ 0xfffff0c2
    52f0:	725f2e77 	subsvc	r2, pc, #1904	@ 0x770
    52f4:	746e6565 	strbtvc	r6, [lr], #-1381	@ 0xfffffa9b
    52f8:	61725f2e 	cmnvs	r2, lr, lsr #30
    52fc:	6e5f646e 	cdpvs	4, 5, cr6, cr15, cr14, {3}
    5300:	20747865 	rsbscs	r7, r4, r5, ror #16
    5304:	3b31203d 	blcc	c4d400 <vector_table-0x73b2c00>
    5308:	61762820 	cmnvs	r6, r0, lsr #16
    530c:	3e2d2972 			@ <UNDEFINED> instruction: 0x3e2d2972
    5310:	77656e5f 			@ <UNDEFINED> instruction: 0x77656e5f
    5314:	65725f2e 	ldrbvs	r5, [r2, #-3886]!	@ 0xfffff0d2
    5318:	2e746e65 	cdpcs	14, 7, cr6, cr4, cr5, {3}
    531c:	3834725f 	ldmdacc	r4!, {r0, r1, r2, r3, r4, r6, r9, ip, sp, lr}
    5320:	65735f2e 	ldrbvs	r5, [r3, #-3886]!	@ 0xfffff0d2
    5324:	305b6465 	subscc	r6, fp, r5, ror #8
    5328:	203d205d 	eorscs	r2, sp, sp, asr r0
    532c:	4e41525f 	mcrmi	2, 2, r5, cr1, cr15, {2}
    5330:	5f383444 	svcpl	0x00383444
    5334:	44454553 	strbmi	r4, [r5], #-1363	@ 0xfffffaad
    5338:	203b305f 	eorscs	r3, fp, pc, asr r0
    533c:	72617628 	rsbvc	r7, r1, #40, 12	@ 0x2800000
    5340:	5f3e2d29 	svcpl	0x003e2d29
    5344:	2e77656e 	cdpcs	5, 7, cr6, cr7, cr14, {3}
    5348:	6565725f 	strbvs	r7, [r5, #-607]!	@ 0xfffffda1
    534c:	5f2e746e 	svcpl	0x002e746e
    5350:	2e383472 	mrccs	4, 1, r3, cr8, cr2, {3}
    5354:	6565735f 	strbvs	r7, [r5, #-863]!	@ 0xfffffca1
    5358:	5d315b64 	vldmdbpl	r1!, {d5-<overflow reg d54>}
    535c:	5f203d20 	svcpl	0x00203d20
    5360:	444e4152 	strbmi	r4, [lr], #-338	@ 0xfffffeae
    5364:	535f3834 	cmppl	pc, #52, 16	@ 0x340000
    5368:	5f444545 	svcpl	0x00444545
    536c:	28203b31 	stmdacs	r0!, {r0, r4, r5, r8, r9, fp, ip, sp}
    5370:	29726176 	ldmdbcs	r2!, {r1, r2, r4, r5, r6, r8, sp, lr}^
    5374:	6e5f3e2d 	cdpvs	14, 5, cr3, cr15, cr13, {1}
    5378:	5f2e7765 	svcpl	0x002e7765
    537c:	6e656572 	mcrvs	5, 3, r6, cr5, cr2, {3}
    5380:	725f2e74 	subsvc	r2, pc, #116, 28	@ 0x740
    5384:	5f2e3834 	svcpl	0x002e3834
    5388:	64656573 	strbtvs	r6, [r5], #-1395	@ 0xfffffa8d
    538c:	205d325b 	subscs	r3, sp, fp, asr r2
    5390:	525f203d 	subspl	r2, pc, #61	@ 0x3d
    5394:	34444e41 	strbcc	r4, [r4], #-3649	@ 0xfffff1bf
    5398:	45535f38 	ldrbmi	r5, [r3, #-3896]	@ 0xfffff0c8
    539c:	325f4445 	subscc	r4, pc, #1157627904	@ 0x45000000
    53a0:	7628203b 			@ <UNDEFINED> instruction: 0x7628203b
    53a4:	2d297261 	sfmcs	f7, 4, [r9, #-388]!	@ 0xfffffe7c
    53a8:	656e5f3e 	strbvs	r5, [lr, #-3902]!	@ 0xfffff0c2
    53ac:	725f2e77 	subsvc	r2, pc, #1904	@ 0x770
    53b0:	746e6565 	strbtvc	r6, [lr], #-1381	@ 0xfffffa9b
    53b4:	34725f2e 	ldrbtcc	r5, [r2], #-3886	@ 0xfffff0d2
    53b8:	6d5f2e38 	ldclvs	14, cr2, [pc, #-224]	@ 52e0 <vector_table-0x7ffad20>
    53bc:	5b746c75 	blpl	1d20598 <vector_table-0x62dfa68>
    53c0:	3d205d30 	stccc	13, cr5, [r0, #-192]!	@ 0xffffff40
    53c4:	41525f20 	cmpmi	r2, r0, lsr #30
    53c8:	3834444e 	ldmdacc	r4!, {r1, r2, r3, r6, sl, lr}
    53cc:	4c554d5f 	mrrcmi	13, 5, r4, r5, cr15
    53d0:	3b305f54 	blcc	c1d128 <vector_table-0x73e2ed8>
    53d4:	61762820 	cmnvs	r6, r0, lsr #16
    53d8:	3e2d2972 			@ <UNDEFINED> instruction: 0x3e2d2972
    53dc:	77656e5f 			@ <UNDEFINED> instruction: 0x77656e5f
    53e0:	65725f2e 	ldrbvs	r5, [r2, #-3886]!	@ 0xfffff0d2
    53e4:	2e746e65 	cdpcs	14, 7, cr6, cr4, cr5, {3}
    53e8:	3834725f 	ldmdacc	r4!, {r0, r1, r2, r3, r4, r6, r9, ip, sp, lr}
    53ec:	756d5f2e 	strbvc	r5, [sp, #-3886]!	@ 0xfffff0d2
    53f0:	315b746c 	cmpcc	fp, ip, ror #8
    53f4:	203d205d 	eorscs	r2, sp, sp, asr r0
    53f8:	4e41525f 	mcrmi	2, 2, r5, cr1, cr15, {2}
    53fc:	5f383444 	svcpl	0x00383444
    5400:	544c554d 	strbpl	r5, [ip], #-1357	@ 0xfffffab3
    5404:	203b315f 	eorscs	r3, fp, pc, asr r1
    5408:	72617628 	rsbvc	r7, r1, #40, 12	@ 0x2800000
    540c:	5f3e2d29 	svcpl	0x003e2d29
    5410:	2e77656e 	cdpcs	5, 7, cr6, cr7, cr14, {3}
    5414:	6565725f 	strbvs	r7, [r5, #-607]!	@ 0xfffffda1
    5418:	5f2e746e 	svcpl	0x002e746e
    541c:	2e383472 	mrccs	4, 1, r3, cr8, cr2, {3}
    5420:	6c756d5f 	ldclvs	13, cr6, [r5], #-380	@ 0xfffffe84
    5424:	5d325b74 	vldmdbpl	r2!, {d5-<overflow reg d62>}
    5428:	5f203d20 	svcpl	0x00203d20
    542c:	444e4152 	strbmi	r4, [lr], #-338	@ 0xfffffeae
    5430:	4d5f3834 	ldclmi	8, cr3, [pc, #-208]	@ 5368 <vector_table-0x7ffac98>
    5434:	5f544c55 	svcpl	0x00544c55
    5438:	28203b32 	stmdacs	r0!, {r1, r4, r5, r8, r9, fp, ip, sp}
    543c:	29726176 	ldmdbcs	r2!, {r1, r2, r4, r5, r6, r8, sp, lr}^
    5440:	6e5f3e2d 	cdpvs	14, 5, cr3, cr15, cr13, {1}
    5444:	5f2e7765 	svcpl	0x002e7765
    5448:	6e656572 	mcrvs	5, 3, r6, cr5, cr2, {3}
    544c:	725f2e74 	subsvc	r2, pc, #116, 28	@ 0x740
    5450:	5f2e3834 	svcpl	0x002e3834
    5454:	20646461 	rsbcs	r6, r4, r1, ror #8
    5458:	525f203d 	subspl	r2, pc, #61	@ 0x3d
    545c:	34444e41 	strbcc	r4, [r4], #-3649	@ 0xfffff1bf
    5460:	44415f38 	strbmi	r5, [r1], #-3896	@ 0xfffff0c8
    5464:	7d203b44 	vstmdbvc	r0!, {d3-<overflow reg d36>}
    5468:	45525f00 	ldrbmi	r5, [r2, #-3840]	@ 0xfffff100
    546c:	5f544e45 	svcpl	0x00544e45
    5470:	41434f4c 	cmpmi	r3, ip, asr #30
    5474:	5f28454c 	svcpl	0x0028454c
    5478:	29727470 	ldmdbcs	r2!, {r4, r5, r6, sl, ip, sp, lr}^
    547c:	5f282820 	svcpl	0x00282820
    5480:	29727470 	ldmdbcs	r2!, {r4, r5, r6, sl, ip, sp, lr}^
    5484:	6c5f3e2d 	mrrcvs	14, 2, r3, pc, cr13	@ <UNPREDICTABLE>
    5488:	6c61636f 	stclvs	3, cr6, [r1], #-444	@ 0xfffffe44
    548c:	4d002965 	vstrmi.16	s4, [r0, #-202]	@ 0xffffff36	@ <UNPREDICTABLE>
    5490:	55435f42 	strbpl	r5, [r3, #-3906]	@ 0xfffff0be
    5494:	414d5f52 	cmpmi	sp, r2, asr pc
    5498:	5f5f2058 	svcpl	0x005f2058
    549c:	61636f6c 	cmnvs	r3, ip, ror #30
    54a0:	6d5f656c 	cfldr64vs	mvdx6, [pc, #-432]	@ 52f8 <vector_table-0x7ffad08>
    54a4:	75635f62 	strbvc	r5, [r3, #-3938]!	@ 0xfffff09e
    54a8:	616d5f72 	smcvs	54770	@ 0xd5f2
    54ac:	00292878 	eoreq	r2, r9, r8, ror r8
    54b0:	4545525f 	strbmi	r5, [r5, #-607]	@ 0xfffffda1
    54b4:	495f544e 	ldmdbmi	pc, {r1, r2, r3, r6, sl, ip, lr}^	@ <UNPREDICTABLE>
    54b8:	5f54494e 	svcpl	0x0054494e
    54bc:	45534552 	ldrbmi	r4, [r3, #-1362]	@ 0xfffffaae
    54c0:	44455652 	strbmi	r5, [r5], #-1618	@ 0xfffff9ae
    54c4:	0020385f 	eoreq	r3, r0, pc, asr r8
    54c8:	695f5f5f 	ldmdbvs	pc, {r0, r1, r2, r3, r4, r6, r8, r9, sl, fp, ip, lr}^	@ <UNPREDICTABLE>
    54cc:	3233746e 	eorscc	r7, r3, #1845493760	@ 0x6e000000
    54d0:	645f745f 	ldrbvs	r7, [pc], #-1119	@ 54d8 <vector_table-0x7ffab28>
    54d4:	6e696665 	cdpvs	6, 6, cr6, cr9, cr5, {3}
    54d8:	31206465 			@ <UNDEFINED> instruction: 0x31206465
    54dc:	41485f00 	cmpmi	r8, r0, lsl #30
    54e0:	435f4556 	cmpmi	pc, #360710144	@ 0x15800000
    54e4:	4e495f43 	cdpmi	15, 4, cr5, cr9, cr3, {2}
    54e8:	49424948 	stmdbmi	r2, {r3, r6, r8, fp, lr}^
    54ec:	4f4c5f54 	svcmi	0x004c5f54
    54f0:	545f504f 	ldrbpl	r5, [pc], #-79	@ 54f8 <vector_table-0x7ffab08>
    54f4:	494c5f4f 	stmdbmi	ip, {r0, r1, r2, r3, r6, r8, r9, sl, fp, ip, lr}^
    54f8:	4c414342 	mcrrmi	3, 4, r4, r1, cr2
    54fc:	0031204c 	eorseq	r2, r1, ip, asr #32
    5500:	53425f5f 	movtpl	r5, #12127	@ 0x2f5f
    5504:	49565f44 	ldmdbmi	r6, {r2, r6, r8, r9, sl, fp, ip, lr}^
    5508:	4c424953 	mcrrmi	9, 5, r4, r2, cr3	@ <UNPREDICTABLE>
    550c:	00312045 	eorseq	r2, r1, r5, asr #32
    5510:	6e755f5f 	mrcvs	15, 3, r5, cr5, cr15, {2}
    5514:	64657375 	strbtvs	r7, [r5], #-885	@ 0xfffffc8b
    5518:	615f5f20 	cmpvs	pc, r0, lsr #30
    551c:	69727474 	ldmdbvs	r2!, {r2, r4, r5, r6, sl, ip, sp, lr}^
    5520:	65747562 	ldrbvs	r7, [r4, #-1378]!	@ 0xfffffa9e
    5524:	28285f5f 	stmdacs	r8!, {r0, r1, r2, r3, r4, r6, r8, r9, sl, fp, ip, lr}
    5528:	6e755f5f 	mrcvs	15, 3, r5, cr5, cr15, {2}
    552c:	64657375 	strbtvs	r7, [r5], #-885	@ 0xfffffc8b
    5530:	29295f5f 	stmdbcs	r9!, {r0, r1, r2, r3, r4, r6, r8, r9, sl, fp, ip, lr}
    5534:	45525f00 	ldrbmi	r5, [r2, #-3840]	@ 0xfffff100
    5538:	5f544e45 	svcpl	0x00544e45
    553c:	5253424d 	subspl	r4, r3, #-805306364	@ 0xd0000004
    5540:	43574f54 	cmpmi	r7, #84, 30	@ 0x150
    5544:	54535f53 	ldrbpl	r5, [r3], #-3923	@ 0xfffff0ad
    5548:	28455441 	stmdacs	r5, {r0, r6, sl, ip, lr}^
    554c:	29727470 	ldmdbcs	r2!, {r4, r5, r6, sl, ip, sp, lr}^
    5550:	70282820 	eorvc	r2, r8, r0, lsr #16
    5554:	2d297274 	sfmcs	f7, 4, [r9, #-464]!	@ 0xfffffe30
    5558:	656e5f3e 	strbvs	r5, [lr, #-3902]!	@ 0xfffff0c2
    555c:	725f2e77 	subsvc	r2, pc, #1904	@ 0x770
    5560:	746e6565 	strbtvc	r6, [lr], #-1381	@ 0xfffffa9b
    5564:	626d5f2e 	rsbvs	r5, sp, #46, 30	@ 0xb8
    5568:	6f747273 	svcvs	0x00747273
    556c:	5f736377 	svcpl	0x00736377
    5570:	74617473 	strbtvc	r7, [r1], #-1139	@ 0xfffffb8d
    5574:	5f002965 	svcpl	0x00002965
    5578:	6e695f5f 	mcrvs	15, 3, r5, cr9, cr15, {2}
    557c:	656c5f74 	strbvs	r5, [ip, #-3956]!	@ 0xfffff08c
    5580:	36747361 	ldrbtcc	r7, [r4], -r1, ror #6
    5584:	5f745f34 	svcpl	0x00745f34
    5588:	69666564 	stmdbvs	r6!, {r2, r5, r6, r8, sl, sp, lr}^
    558c:	2064656e 	rsbcs	r6, r4, lr, ror #10
    5590:	5f5f0031 	svcpl	0x005f0031
    5594:	4f524854 	svcmi	0x00524854
    5598:	5f002057 	svcpl	0x00002057
    559c:	4e454552 	mcrmi	5, 2, r4, cr5, cr2, {2}
    55a0:	364c5f54 			@ <UNDEFINED> instruction: 0x364c5f54
    55a4:	425f4134 	subsmi	r4, pc, #52, 2
    55a8:	70284655 	eorvc	r4, r8, r5, asr r6
    55ac:	20297274 	eorcs	r7, r9, r4, ror r2
    55b0:	74702828 	ldrbtvc	r2, [r0], #-2088	@ 0xfffff7d8
    55b4:	3e2d2972 			@ <UNDEFINED> instruction: 0x3e2d2972
    55b8:	77656e5f 			@ <UNDEFINED> instruction: 0x77656e5f
    55bc:	65725f2e 	ldrbvs	r5, [r2, #-3886]!	@ 0xfffff0d2
    55c0:	2e746e65 	cdpcs	14, 7, cr6, cr4, cr5, {3}
    55c4:	34366c5f 	ldrtcc	r6, [r6], #-3167	@ 0xfffff3a1
    55c8:	75625f61 	strbvc	r5, [r2, #-3937]!	@ 0xfffff09f
    55cc:	5f002966 	svcpl	0x00002966
    55d0:	49465441 	stmdbmi	r6, {r0, r6, sl, ip, lr}^
    55d4:	535f454c 	cmppl	pc, #76, 10	@ 0x13000000
    55d8:	4352554f 	cmpmi	r2, #331350016	@ 0x13c00000
    55dc:	00312045 	eorseq	r2, r1, r5, asr #32
    55e0:	58455f5f 	stmdapl	r5, {r0, r1, r2, r3, r4, r6, r8, r9, sl, fp, ip, lr}^
    55e4:	29782850 	ldmdbcs	r8!, {r4, r6, fp, sp}^
    55e8:	205f5f20 	subscs	r5, pc, r0, lsr #30
    55ec:	20782323 	rsbscs	r2, r8, r3, lsr #6
    55f0:	5f5f2323 	svcpl	0x005f2323
    55f4:	4f4e5f00 	svcmi	0x004e5f00
    55f8:	4f524854 	svcmi	0x00524854
    55fc:	5f002057 	svcpl	0x00002057
    5600:	4e454552 	mcrmi	5, 2, r4, cr5, cr2, {2}
    5604:	48435f54 	stmdami	r3, {r2, r4, r6, r8, r9, sl, fp, ip, lr}^
    5608:	5f4b4345 	svcpl	0x004b4345
    560c:	54435341 	strbpl	r5, [r3], #-833	@ 0xfffffcbf
    5610:	5f454d49 	svcpl	0x00454d49
    5614:	28465542 	stmdacs	r6, {r1, r6, r8, sl, ip, lr}^
    5618:	29727470 	ldmdbcs	r2!, {r4, r5, r6, sl, ip, sp, lr}^
    561c:	415f0020 	cmpmi	pc, r0, lsr #32
    5620:	4449534e 	strbmi	r5, [r9], #-846	@ 0xfffffcb2
    5624:	5f4c4345 	svcpl	0x004c4345
    5628:	00205f48 	eoreq	r5, r0, r8, asr #30
    562c:	4e475f5f 	mcrmi	15, 2, r5, cr7, cr15, {2}
    5630:	494c4355 	stmdbmi	ip, {r0, r2, r4, r6, r8, r9, lr}^
    5634:	425f454b 	subsmi	r4, pc, #314572800	@ 0x12c00000
    5638:	544c4955 	strbpl	r4, [ip], #-2389	@ 0xfffff6ab
    563c:	4d5f4e49 	ldclmi	14, cr4, [pc, #-292]	@ 5520 <vector_table-0x7ffaae0>
    5640:	50434d45 	subpl	r4, r3, r5, asr #26
    5644:	00312059 	eorseq	r2, r1, r9, asr r0
    5648:	4c465f5f 	mcrrmi	15, 5, r5, r6, cr15
    564c:	5f54414f 	svcpl	0x0054414f
    5650:	45505954 	ldrbmi	r5, [r0, #-2388]	@ 0xfffff6ac
    5654:	6f6c6620 	svcvs	0x006c6620
    5658:	5f007461 	svcpl	0x00007461
    565c:	424f4c47 	submi	r4, pc, #18176	@ 0x4700
    5660:	525f4c41 	subspl	r4, pc, #16640	@ 0x4100
    5664:	544e4545 	strbpl	r4, [lr], #-1349	@ 0xfffffabb
    5668:	5f262820 	svcpl	0x00262820
    566c:	75706d69 	ldrbvc	r6, [r0, #-3433]!	@ 0xfffff297
    5670:	645f6572 	ldrbvs	r6, [pc], #-1394	@ 5678 <vector_table-0x7ffa988>
    5674:	29617461 	stmdbcs	r1!, {r0, r5, r6, sl, ip, sp, lr}^
    5678:	4e5f5f00 	cdpmi	15, 5, cr5, cr15, cr0, {0}
    567c:	494c5745 	stmdbmi	ip, {r0, r2, r6, r8, r9, sl, ip, lr}^
    5680:	494d5f42 	stmdbmi	sp, {r1, r6, r8, r9, sl, fp, ip, lr}^
    5684:	5f524f4e 	svcpl	0x00524f4e
    5688:	0034205f 	eorseq	r2, r4, pc, asr r0
    568c:	72705f5f 	rsbsvc	r5, r0, #380	@ 0x17c
    5690:	63696465 	cmnvs	r9, #1694498816	@ 0x65000000
    5694:	61665f74 	smcvs	26100	@ 0x65f4
    5698:	2865736c 	stmdacs	r5!, {r2, r3, r5, r6, r8, r9, ip, sp, lr}^
    569c:	29707865 	ldmdbcs	r0!, {r0, r2, r5, r6, fp, ip, sp, lr}^
    56a0:	625f5f20 	subsvs	r5, pc, #32, 30	@ 0x80
    56a4:	746c6975 	strbtvc	r6, [ip], #-2421	@ 0xfffff68b
    56a8:	655f6e69 	ldrbvs	r6, [pc, #-3689]	@ 4847 <vector_table-0x7ffb7b9>
    56ac:	63657078 	cmnvs	r5, #120	@ 0x78
    56b0:	65282874 	strvs	r2, [r8, #-2164]!	@ 0xfffff78c
    56b4:	2c297078 	stccs	0, cr7, [r9], #-480	@ 0xfffffe20
    56b8:	00293020 	eoreq	r3, r9, r0, lsr #32
    56bc:	4545525f 	strbmi	r5, [r5, #-607]	@ 0xfffffda1
    56c0:	535f544e 	cmppl	pc, #1308622848	@ 0x4e000000
    56c4:	52454454 	subpl	r4, r5, #84, 8	@ 0x54000000
    56c8:	705f2852 	subsvc	r2, pc, r2, asr r8	@ <UNPREDICTABLE>
    56cc:	20297274 	eorcs	r7, r9, r4, ror r2
    56d0:	705f2828 	subsvc	r2, pc, r8, lsr #16
    56d4:	2d297274 	sfmcs	f7, 4, [r9, #-464]!	@ 0xfffffe30
    56d8:	74735f3e 	ldrbtvc	r5, [r3], #-3902	@ 0xfffff0c2
    56dc:	72726564 	rsbsvc	r6, r2, #100, 10	@ 0x19000000
    56e0:	535f0029 	cmppl	pc, #41	@ 0x29
    56e4:	525f5359 	subspl	r5, pc, #1677721601	@ 0x64000001
    56e8:	544e4545 	strbpl	r4, [lr], #-1349	@ 0xfffffabb
    56ec:	205f485f 	subscs	r4, pc, pc, asr r8	@ <UNPREDICTABLE>
    56f0:	72687400 	rsbvc	r7, r8, #0, 8
    56f4:	5f646165 	svcpl	0x00646165
    56f8:	636e7566 	cmnvs	lr, #427819008	@ 0x19800000
    56fc:	6e6f6974 			@ <UNDEFINED> instruction: 0x6e6f6974
    5700:	665f5f00 	ldrbvs	r5, [pc], -r0, lsl #30
    5704:	63747361 	cmnvs	r4, #-2080374783	@ 0x84000001
    5708:	206c6c61 	rsbcs	r6, ip, r1, ror #24
    570c:	74615f5f 	strbtvc	r5, [r1], #-3935	@ 0xfffff0a1
    5710:	62697274 	rsbvs	r7, r9, #116, 4	@ 0x40000007
    5714:	5f657475 	svcpl	0x00657475
    5718:	5f28285f 	svcpl	0x0028285f
    571c:	7361665f 	cmnvc	r1, #99614720	@ 0x5f00000
    5720:	6c616374 	stclvs	3, cr6, [r1], #-464	@ 0xfffffe30
    5724:	295f5f6c 	ldmdbcs	pc, {r2, r3, r5, r6, r8, r9, sl, fp, ip, lr}^	@ <UNPREDICTABLE>
    5728:	5f5f0029 	svcpl	0x005f0029
    572c:	746e695f 	strbtvc	r6, [lr], #-2399	@ 0xfffff6a1
    5730:	61656c5f 	cmnvs	r5, pc, asr ip
    5734:	5f387473 	svcpl	0x00387473
    5738:	65645f74 	strbvs	r5, [r4, #-3956]!	@ 0xfffff08c
    573c:	656e6966 	strbvs	r6, [lr, #-2406]!	@ 0xfffff69a
    5740:	00312064 	eorseq	r2, r1, r4, rrx
    5744:	6e755f5f 	mrcvs	15, 3, r5, cr5, cr15, {2}
    5748:	6b636f6c 	blvs	18e1500 <vector_table-0x671eb00>
    574c:	2e2e2873 	mcrcs	8, 1, r2, cr14, cr3, {3}
    5750:	5f20292e 	svcpl	0x0020292e
    5754:	636f6c5f 	cmnvs	pc, #24320	@ 0x5f00
    5758:	6e615f6b 	cdpvs	15, 6, cr5, cr1, cr11, {3}
    575c:	61746f6e 	cmnvs	r4, lr, ror #30
    5760:	75286574 	strvc	r6, [r8, #-1396]!	@ 0xfffffa8c
    5764:	636f6c6e 	cmnvs	pc, #28160	@ 0x6e00
    5768:	75665f6b 	strbvc	r5, [r6, #-3947]!	@ 0xfffff095
    576c:	6974636e 	ldmdbvs	r4!, {r1, r2, r3, r5, r6, r8, r9, sp, lr}^
    5770:	5f286e6f 	svcpl	0x00286e6f
    5774:	5f41565f 	svcpl	0x0041565f
    5778:	53475241 	movtpl	r5, #29249	@ 0x7241
    577c:	29295f5f 	stmdbcs	r9!, {r0, r1, r2, r3, r4, r6, r8, r9, sl, fp, ip, lr}
    5780:	455f5f00 	ldrbmi	r5, [pc, #-3840]	@ 4888 <vector_table-0x7ffb778>
    5784:	524f5058 	subpl	r5, pc, #88	@ 0x58
    5788:	5f002054 	svcpl	0x00002054
    578c:	53424f5f 	movtpl	r4, #12127	@ 0x2f5f
    5790:	54454c4f 	strbpl	r4, [r5], #-3151	@ 0xfffff3b1
    5794:	414d5f45 	cmpmi	sp, r5, asr #30
    5798:	445f4854 	ldrbmi	r4, [pc], #-2132	@ 57a0 <vector_table-0x7ffa860>
    579c:	55414645 	strbpl	r4, [r1, #-1605]	@ 0xfffff9bb
    57a0:	3120544c 			@ <UNDEFINED> instruction: 0x3120544c
    57a4:	535f5f00 	cmppl	pc, #0, 30
    57a8:	49534343 	ldmdbmi	r3, {r0, r1, r6, r8, r9, lr}^
    57ac:	29732844 	ldmdbcs	r3!, {r2, r6, fp, sp}^
    57b0:	72747320 	rsbsvc	r7, r4, #32, 6	@ 0x80000000
    57b4:	20746375 	rsbscs	r6, r4, r5, ror r3
    57b8:	61685f5f 	cmnvs	r8, pc, asr pc
    57bc:	5f006b63 	svcpl	0x00006b63
    57c0:	4345445f 	movtmi	r4, #21599	@ 0x545f
    57c4:	54534e4f 	ldrbpl	r4, [r3], #-3663	@ 0xfffff1b1
    57c8:	70797428 	rsbsvc	r7, r9, r8, lsr #8
    57cc:	61762c65 	cmnvs	r6, r5, ror #24
    57d0:	28202972 	stmdacs	r0!, {r1, r4, r5, r6, r8, fp, sp}
    57d4:	70797428 	rsbsvc	r7, r9, r8, lsr #8
    57d8:	5f282965 	svcpl	0x00282965
    57dc:	6e69755f 	mcrvs	5, 3, r7, cr9, cr15, {2}
    57e0:	72747074 	rsbsvc	r7, r4, #116	@ 0x74
    57e4:	2829745f 	stmdacs	r9!, {r0, r1, r2, r3, r4, r6, sl, ip, sp, lr}
    57e8:	736e6f63 	cmnvc	lr, #396	@ 0x18c
    57ec:	6f762074 	svcvs	0x00762074
    57f0:	2a206469 	bcs	81e99c <vector_table-0x77e1664>
    57f4:	61762829 	cmnvs	r6, r9, lsr #16
    57f8:	00292972 	eoreq	r2, r9, r2, ror r9
    57fc:	424e555f 	submi	r5, lr, #398458880	@ 0x17c00000
    5800:	535f4655 	cmppl	pc, #89128960	@ 0x5500000
    5804:	41455254 	cmpmi	r5, r4, asr r2
    5808:	504f5f4d 	subpl	r5, pc, sp, asr #30
    580c:	00312054 	eorseq	r2, r1, r4, asr r0
    5810:	4d495f5f 	stclmi	15, cr5, [r9, #-380]	@ 0xfffffe84
    5814:	54524f50 	ldrbpl	r4, [r2], #-3920	@ 0xfffff0b0
    5818:	525f0020 	subspl	r0, pc, #32
    581c:	34444e41 	strbcc	r4, [r4], #-3649	@ 0xfffff1bf
    5820:	45535f38 	ldrbmi	r5, [r3, #-3896]	@ 0xfffff0c8
    5824:	325f4445 	subscc	r4, pc, #1157627904	@ 0x45000000
    5828:	78302820 	ldmdavc	r0!, {r5, fp, sp}
    582c:	34333231 	ldrtcc	r3, [r3], #-561	@ 0xfffffdcf
    5830:	415f0029 	cmpmi	pc, r9, lsr #32
    5834:	49584554 	ldmdbmi	r8, {r2, r4, r6, r8, sl, lr}^
    5838:	49535f54 	ldmdbmi	r3, {r2, r4, r6, r8, r9, sl, fp, ip, lr}^
    583c:	3320455a 			@ <UNDEFINED> instruction: 0x3320455a
    5840:	68740032 	ldmdavs	r4!, {r1, r4, r5}^
    5844:	64616572 	strbtvs	r6, [r1], #-1394	@ 0xfffffa8e
    5848:	6978655f 	ldmdbvs	r8!, {r0, r1, r2, r3, r4, r6, r8, sl, sp, lr}^
    584c:	5f5f0074 	svcpl	0x005f0074
    5850:	61736f6e 	cmnvs	r3, lr, ror #30
    5854:	6974696e 	ldmdbvs	r4!, {r1, r2, r3, r5, r6, r8, fp, sp, lr}^
    5858:	6461657a 	strbtvs	r6, [r1], #-1402	@ 0xfffffa86
    585c:	73657264 	cmnvc	r5, #100, 4	@ 0x40000006
    5860:	5f002073 	svcpl	0x00002073
    5864:	4545495f 	strbmi	r4, [r5, #-2399]	@ 0xfffff6a1
    5868:	494c5f45 	stmdbmi	ip, {r0, r2, r6, r8, r9, sl, fp, ip, lr}^
    586c:	454c5454 	strbmi	r5, [ip, #-1108]	@ 0xfffffbac
    5870:	444e455f 	strbmi	r4, [lr], #-1375	@ 0xfffffaa1
    5874:	204e4149 	subcs	r4, lr, r9, asr #2
    5878:	45525f00 	ldrbmi	r5, [r2, #-3840]	@ 0xfffff100
    587c:	5f544e45 	svcpl	0x00544e45
    5880:	4e474953 			@ <UNDEFINED> instruction: 0x4e474953
    5884:	535f4c41 	cmppl	pc, #16640	@ 0x4100
    5888:	20455a49 	subcs	r5, r5, r9, asr #20
    588c:	5f003432 	svcpl	0x00003432
    5890:	544e4157 	strbpl	r4, [lr], #-343	@ 0xfffffea9
    5894:	4745525f 	smlsldmi	r5, r5, pc, r2	@ <UNPREDICTABLE>
    5898:	45545349 	ldrbmi	r5, [r4, #-841]	@ 0xfffffcb7
    589c:	49465f52 	stmdbmi	r6, {r1, r4, r6, r8, r9, sl, fp, ip, lr}^
    58a0:	3120494e 			@ <UNDEFINED> instruction: 0x3120494e
    58a4:	45525f00 	ldrbmi	r5, [r2, #-3840]	@ 0xfffff100
    58a8:	5f544e45 	svcpl	0x00544e45
    58ac:	52454d45 	subpl	r4, r5, #4416	@ 0x1140
    58b0:	434e4547 	movtmi	r4, #58695	@ 0xe547
    58b4:	705f2859 	subsvc	r2, pc, r9, asr r8	@ <UNPREDICTABLE>
    58b8:	20297274 	eorcs	r7, r9, r4, ror r2
    58bc:	705f2828 	subsvc	r2, pc, r8, lsr #16
    58c0:	2d297274 	sfmcs	f7, 4, [r9, #-464]!	@ 0xfffffe30
    58c4:	6d655f3e 	stclvs	15, cr5, [r5, #-248]!	@ 0xffffff08
    58c8:	65677265 	strbvs	r7, [r7, #-613]!	@ 0xfffffd9b
    58cc:	2979636e 	ldmdbcs	r9!, {r1, r2, r3, r5, r6, r8, r9, sp, lr}^
    58d0:	415f5f00 	cmpmi	pc, r0, lsl #30
    58d4:	4c494654 	mcrrmi	6, 5, r4, r9, cr4
    58d8:	49565f45 	ldmdbmi	r6, {r0, r2, r6, r8, r9, sl, fp, ip, lr}^
    58dc:	4c424953 	mcrrmi	9, 5, r4, r2, cr3	@ <UNPREDICTABLE>
    58e0:	00312045 	eorseq	r2, r1, r5, asr #32
    58e4:	616d5f5f 	cmnvs	sp, pc, asr pc
    58e8:	636f6c6c 	cmnvs	pc, #108, 24	@ 0x6c00
    58ec:	6b696c5f 	blvs	1a60a70 <vector_table-0x659f590>
    58f0:	5f5f2065 	svcpl	0x005f2065
    58f4:	72747461 	rsbsvc	r7, r4, #1627389952	@ 0x61000000
    58f8:	74756269 	ldrbtvc	r6, [r5], #-617	@ 0xfffffd97
    58fc:	285f5f65 	ldmdacs	pc, {r0, r2, r5, r6, r8, r9, sl, fp, ip, lr}^	@ <UNPREDICTABLE>
    5900:	6d5f5f28 	ldclvs	15, cr5, [pc, #-160]	@ 5868 <vector_table-0x7ffa798>
    5904:	6f6c6c61 	svcvs	0x006c6c61
    5908:	295f5f63 	ldmdbcs	pc, {r0, r1, r5, r6, r8, r9, sl, fp, ip, lr}^	@ <UNPREDICTABLE>
    590c:	505f0029 	subspl	r0, pc, r9, lsr #32
    5910:	544e494f 	strbpl	r4, [lr], #-2383	@ 0xfffff6b1
    5914:	495f5245 	ldmdbmi	pc, {r0, r2, r6, r9, ip, lr}^	@ <UNPREDICTABLE>
    5918:	6c20544e 	cfstrsvs	mvf5, [r0], #-312	@ 0xfffffec8
    591c:	00676e6f 	rsbeq	r6, r7, pc, ror #28
    5920:	41525f5f 	cmpmi	r2, pc, asr pc
    5924:	4d5f444e 	cfldrdmi	mvd4, [pc, #-312]	@ 57f4 <vector_table-0x7ffa80c>
    5928:	30205841 	eorcc	r5, r0, r1, asr #16
    592c:	66663778 			@ <UNDEFINED> instruction: 0x66663778
    5930:	66666666 	strbtvs	r6, [r6], -r6, ror #12
    5934:	5f5f0066 	svcpl	0x005f0066
    5938:	6b636f6c 	blvs	18e16f0 <vector_table-0x671e910>
    593c:	7972745f 	ldmdbvc	r2!, {r0, r1, r2, r3, r4, r6, sl, ip, sp, lr}^
    5940:	7163615f 	cmnvc	r3, pc, asr r1
    5944:	65726975 	ldrbvs	r6, [r2, #-2421]!	@ 0xfffff68b
    5948:	636f6c28 	cmnvs	pc, #40, 24	@ 0x2800
    594c:	2820296b 	stmdacs	r0!, {r0, r1, r3, r5, r6, r8, fp, sp}
    5950:	696f7628 	stmdbvs	pc!, {r3, r5, r9, sl, ip, sp, lr}^	@ <UNPREDICTABLE>
    5954:	30202964 	eorcc	r2, r0, r4, ror #18
    5958:	5f5f0029 	svcpl	0x005f0029
    595c:	5f4f5349 	svcpl	0x004f5349
    5960:	49565f43 	ldmdbmi	r6, {r0, r1, r6, r8, r9, sl, fp, ip, lr}^
    5964:	4c424953 	mcrrmi	9, 5, r4, r2, cr3	@ <UNPREDICTABLE>
    5968:	30322045 	eorscc	r2, r2, r5, asr #32
    596c:	5f003131 	svcpl	0x00003131
    5970:	5342465f 	movtpl	r4, #9823	@ 0x265f
    5974:	28444944 	stmdacs	r4, {r2, r6, r8, fp, lr}^
    5978:	73202973 			@ <UNDEFINED> instruction: 0x73202973
    597c:	63757274 	cmnvs	r5, #116, 4	@ 0x40000007
    5980:	5f5f2074 	svcpl	0x005f2074
    5984:	6b636168 	blvs	18ddf2c <vector_table-0x67220d4>
    5988:	414d5f00 	cmpmi	sp, r0, lsl #30
    598c:	4e494843 	cdpmi	8, 4, cr4, cr9, cr3, {2}
    5990:	445f5f45 	ldrbmi	r5, [pc], #-3909	@ 5998 <vector_table-0x7ffa668>
    5994:	55414645 	strbpl	r4, [r1, #-1605]	@ 0xfffff9bb
    5998:	545f544c 	ldrbpl	r5, [pc], #-1100	@ 59a0 <vector_table-0x7ffa660>
    599c:	53455059 	movtpl	r5, #20569	@ 0x5059
    59a0:	0020485f 	eoreq	r4, r0, pc, asr r8
    59a4:	4e475f5f 	mcrmi	15, 2, r5, cr7, cr15, {2}
    59a8:	494c4355 	stmdbmi	ip, {r0, r2, r4, r6, r8, r9, lr}^
    59ac:	425f454b 	subsmi	r4, pc, #314572800	@ 0x12c00000
    59b0:	544c4955 	strbpl	r4, [ip], #-2389	@ 0xfffff6ab
    59b4:	4e5f4e49 	cdpmi	14, 5, cr4, cr15, cr9, {2}
    59b8:	5f545845 	svcpl	0x00545845
    59bc:	20475241 	subcs	r5, r7, r1, asr #4
    59c0:	5f5f0031 	svcpl	0x005f0031
    59c4:	4b434f4c 	blmi	10d96fc <vector_table-0x6f26904>
    59c8:	494e495f 	stmdbmi	lr, {r0, r1, r2, r3, r4, r6, r8, fp, lr}^
    59cc:	6c632854 	stclvs	8, cr2, [r3], #-336	@ 0xfffffeb0
    59d0:	2c737361 	ldclcs	3, cr7, [r3], #-388	@ 0xfffffe7c
    59d4:	6b636f6c 	blvs	18e178c <vector_table-0x671e874>
    59d8:	74732029 	ldrbtvc	r2, [r3], #-41	@ 0xffffffd7
    59dc:	63697461 	cmnvs	r9, #1627389952	@ 0x61000000
    59e0:	746e6920 	strbtvc	r6, [lr], #-2336	@ 0xfffff6e0
    59e4:	636f6c20 	cmnvs	pc, #32, 24	@ 0x2000
    59e8:	203d206b 	eorscs	r2, sp, fp, rrx
    59ec:	5f003b30 	svcpl	0x00003b30
    59f0:	444e4152 	strbmi	r4, [lr], #-338	@ 0xfffffeae
    59f4:	4d5f3834 	ldclmi	8, cr3, [pc, #-208]	@ 592c <vector_table-0x7ffa6d4>
    59f8:	5f544c55 	svcpl	0x00544c55
    59fc:	30282032 	eorcc	r2, r8, r2, lsr r0
    5a00:	30303078 	eorscc	r3, r0, r8, ror r0
    5a04:	74002935 	strvc	r2, [r0], #-2357	@ 0xfffff6cb
    5a08:	61657268 	cmnvs	r5, r8, ror #4
    5a0c:	00745f64 	rsbseq	r5, r4, r4, ror #30
    5a10:	4553465f 	ldrbmi	r4, [r3, #-1631]	@ 0xfffff9a1
    5a14:	4f5f4b45 	svcmi	0x005f4b45
    5a18:	4d495450 	cfstrdmi	mvd5, [r9, #-320]	@ 0xfffffec0
    5a1c:	54415a49 	strbpl	r5, [r1], #-2633	@ 0xfffff5b7
    5a20:	204e4f49 	subcs	r4, lr, r9, asr #30
    5a24:	5f5f0031 	svcpl	0x005f0031
    5a28:	49525453 	ldmdbmi	r2, {r0, r1, r4, r6, sl, ip, lr}^
    5a2c:	7828474e 	stmdavc	r8!, {r1, r2, r3, r6, r8, r9, sl, lr}
    5a30:	78232029 	stmdavc	r3!, {r0, r3, r5, sp}
    5a34:	45525f00 	ldrbmi	r5, [r2, #-3840]	@ 0xfffff100
    5a38:	5f544e45 	svcpl	0x00544e45
    5a3c:	54494e49 	strbpl	r4, [r9], #-3657	@ 0xfffff1b7
    5a40:	5254505f 	subspl	r5, r4, #95	@ 0x5f
    5a44:	72617628 	rsbvc	r7, r1, #40, 12	@ 0x2800000
    5a48:	207b2029 	rsbscs	r2, fp, r9, lsr #32
    5a4c:	736d656d 	cmnvc	sp, #457179136	@ 0x1b400000
    5a50:	28287465 	stmdacs	r8!, {r0, r2, r5, r6, sl, ip, sp, lr}
    5a54:	29726176 	ldmdbcs	r2!, {r1, r2, r4, r5, r6, r8, sp, lr}^
    5a58:	2c30202c 	ldccs	0, cr2, [r0], #-176	@ 0xffffff50
    5a5c:	7a697320 	bvc	1a626e4 <vector_table-0x659d91c>
    5a60:	28666f65 	stmdacs	r6!, {r0, r2, r5, r6, r8, r9, sl, fp, sp, lr}^
    5a64:	6176282a 	cmnvs	r6, sl, lsr #16
    5a68:	29292972 	stmdbcs	r9!, {r1, r4, r5, r6, r8, fp, sp}
    5a6c:	525f203b 	subspl	r2, pc, #59	@ 0x3b
    5a70:	544e4545 	strbpl	r4, [lr], #-1349	@ 0xfffffabb
    5a74:	494e495f 	stmdbmi	lr, {r0, r1, r2, r3, r4, r6, r8, fp, lr}^
    5a78:	54505f54 	ldrbpl	r5, [r0], #-3924	@ 0xfffff0ac
    5a7c:	455a5f52 	ldrbmi	r5, [sl, #-3922]	@ 0xfffff0ae
    5a80:	44454f52 	strbmi	r4, [r5], #-3922	@ 0xfffff0ae
    5a84:	72617628 	rsbvc	r7, r1, #40, 12	@ 0x2800000
    5a88:	7d203b29 	fstmdbxvc	r0!, {d3-d22}	@ Deprecated
    5a8c:	45525f00 	ldrbmi	r5, [r2, #-3840]	@ 0xfffff100
    5a90:	5f544e45 	svcpl	0x00544e45
    5a94:	4c52424d 	lfmmi	f4, 2, [r2], {77}	@ 0x4d
    5a98:	535f4e45 	cmppl	pc, #1104	@ 0x450
    5a9c:	45544154 	ldrbmi	r4, [r4, #-340]	@ 0xfffffeac
    5aa0:	72747028 	rsbsvc	r7, r4, #40	@ 0x28
    5aa4:	28282029 	stmdacs	r8!, {r0, r3, r5, sp}
    5aa8:	29727470 	ldmdbcs	r2!, {r4, r5, r6, sl, ip, sp, lr}^
    5aac:	6e5f3e2d 	cdpvs	14, 5, cr3, cr15, cr13, {1}
    5ab0:	5f2e7765 	svcpl	0x002e7765
    5ab4:	6e656572 	mcrvs	5, 3, r6, cr5, cr2, {3}
    5ab8:	6d5f2e74 	ldclvs	14, cr2, [pc, #-464]	@ 58f0 <vector_table-0x7ffa710>
    5abc:	656c7262 	strbvs	r7, [ip, #-610]!	@ 0xfffffd9e
    5ac0:	74735f6e 	ldrbtvc	r5, [r3], #-3950	@ 0xfffff092
    5ac4:	29657461 	stmdbcs	r5!, {r0, r5, r6, sl, ip, sp, lr}^
    5ac8:	705f5f00 	subsvc	r5, pc, r0, lsl #30
    5acc:	746e6972 	strbtvc	r6, [lr], #-2418	@ 0xfffff68e
    5ad0:	696c3066 	stmdbvs	ip!, {r1, r2, r5, r6, ip, sp}^
    5ad4:	6628656b 	strtvs	r6, [r8], -fp, ror #10
    5ad8:	7261746d 	rsbvc	r7, r1, #1828716544	@ 0x6d000000
    5adc:	69662c67 	stmdbvs	r6!, {r0, r1, r2, r5, r6, sl, fp, sp}^
    5ae0:	76747372 			@ <UNDEFINED> instruction: 0x76747372
    5ae4:	72617261 	rsbvc	r7, r1, #268435462	@ 0x10000006
    5ae8:	00202967 	eoreq	r2, r0, r7, ror #18
    5aec:	65645f5f 	strbvs	r5, [r4, #-3935]!	@ 0xfffff0a1
    5af0:	20326461 	eorscs	r6, r2, r1, ror #8
    5af4:	74615f5f 	strbtvc	r5, [r1], #-3935	@ 0xfffff0a1
    5af8:	62697274 	rsbvs	r7, r9, #116, 4	@ 0x40000007
    5afc:	5f657475 	svcpl	0x00657475
    5b00:	5f28285f 	svcpl	0x0028285f
    5b04:	726f6e5f 	rsbvc	r6, pc, #1520	@ 0x5f0
    5b08:	72757465 	rsbsvc	r7, r5, #1694498816	@ 0x65000000
    5b0c:	295f5f6e 	ldmdbcs	pc, {r1, r2, r3, r5, r6, r8, r9, sl, fp, ip, lr}^	@ <UNPREDICTABLE>
    5b10:	525f0029 	subspl	r0, pc, #41	@ 0x29
    5b14:	544e4545 	strbpl	r4, [lr], #-1349	@ 0xfffffabb
    5b18:	4e41525f 	mcrmi	2, 2, r5, cr1, cr15, {2}
    5b1c:	454e5f44 	strbmi	r5, [lr, #-3908]	@ 0xfffff0bc
    5b20:	70285458 	eorvc	r5, r8, r8, asr r4
    5b24:	20297274 	eorcs	r7, r9, r4, ror r2
    5b28:	74702828 	ldrbtvc	r2, [r0], #-2088	@ 0xfffff7d8
    5b2c:	3e2d2972 			@ <UNDEFINED> instruction: 0x3e2d2972
    5b30:	77656e5f 			@ <UNDEFINED> instruction: 0x77656e5f
    5b34:	65725f2e 	ldrbvs	r5, [r2, #-3886]!	@ 0xfffff0d2
    5b38:	2e746e65 	cdpcs	14, 7, cr6, cr4, cr5, {3}
    5b3c:	6e61725f 	mcrvs	2, 3, r7, cr1, cr15, {2}
    5b40:	656e5f64 	strbvs	r5, [lr, #-3940]!	@ 0xfffff09c
    5b44:	00297478 	eoreq	r7, r9, r8, ror r4
    5b48:	6f635f5f 	svcvs	0x00635f5f
    5b4c:	7261706d 	rsbvc	r7, r1, #109	@ 0x6d
    5b50:	5f6e665f 	svcpl	0x006e665f
    5b54:	65645f74 	strbvs	r5, [r4, #-3956]!	@ 0xfffff08c
    5b58:	656e6966 	strbvs	r6, [lr, #-2406]!	@ 0xfffff69a
    5b5c:	5f002064 	svcpl	0x00002064
    5b60:	5058455f 	subspl	r4, r8, pc, asr r5
    5b64:	5f5f5f00 	svcpl	0x005f5f00
    5b68:	36746e69 	ldrbtcc	r6, [r4], -r9, ror #28
    5b6c:	5f745f34 	svcpl	0x00745f34
    5b70:	69666564 	stmdbvs	r6!, {r2, r5, r6, r8, sl, sp, lr}^
    5b74:	2064656e 	rsbcs	r6, r4, lr, ror #10
    5b78:	796d0031 	stmdbvc	sp!, {r0, r4, r5}^
    5b7c:	6165685f 	cmnvs	r5, pc, asr r8
    5b80:	5f5f0070 	svcpl	0x005f0070
    5b84:	49474542 	stmdbmi	r7, {r1, r6, r8, sl, lr}^
    5b88:	45445f4e 	strbmi	r5, [r4, #-3918]	@ 0xfffff0b2
    5b8c:	20534c43 	subscs	r4, r3, r3, asr #24
    5b90:	475f5f00 	ldrbmi	r5, [pc, -r0, lsl #30]
    5b94:	5f43554e 	svcpl	0x0043554e
    5b98:	4c5f4156 	ldfmie	f4, [pc], {86}	@ 0x56
    5b9c:	5f545349 	svcpl	0x00545349
    5ba0:	504d4f43 	subpl	r4, sp, r3, asr #30
    5ba4:	42495441 	submi	r5, r9, #1090519040	@ 0x41000000
    5ba8:	54494c49 	strbpl	r4, [r9], #-3145	@ 0xfffff3b7
    5bac:	00312059 	eorseq	r2, r1, r9, asr r0
    5bb0:	454e5f5f 	strbmi	r5, [lr, #-3935]	@ 0xfffff0a1
    5bb4:	42494c57 	submi	r4, r9, #22272	@ 0x5700
    5bb8:	5441505f 	strbpl	r5, [r1], #-95	@ 0xffffffa1
    5bbc:	454c4843 	strbmi	r4, [ip, #-2115]	@ 0xfffff7bd
    5bc0:	5f4c4556 	svcpl	0x004c4556
    5bc4:	0030205f 	eorseq	r2, r0, pc, asr r0
    5bc8:	69735f5f 	ldmdbvs	r3!, {r0, r1, r2, r3, r4, r6, r8, r9, sl, fp, ip, lr}^
    5bcc:	745f657a 	ldrbvc	r6, [pc], #-1402	@ 5bd4 <vector_table-0x7ffa42c>
    5bd0:	445f5f00 	ldrbmi	r5, [pc], #-3840	@ 5bd8 <vector_table-0x7ffa428>
    5bd4:	2053544f 	subscs	r5, r3, pc, asr #8
    5bd8:	2e2e202c 	cdpcs	0, 2, cr2, cr14, cr12, {1}
    5bdc:	5f5f002e 	svcpl	0x005f002e
    5be0:	5f677261 	svcpl	0x00677261
    5be4:	65707974 	ldrbvs	r7, [r0, #-2420]!	@ 0xfffff68c
    5be8:	6761745f 			@ <UNDEFINED> instruction: 0x6761745f
    5bec:	67726128 	ldrbvs	r6, [r2, -r8, lsr #2]!
    5bf0:	6e696b5f 	vmovvs.8	d9[6], r6
    5bf4:	72612c64 	rsbvc	r2, r1, #100, 24	@ 0x6400
    5bf8:	64695f67 	strbtvs	r5, [r9], #-3943	@ 0xfffff099
    5bfc:	79742c78 	ldmdbvc	r4!, {r3, r4, r5, r6, sl, fp, sp}^
    5c00:	745f6570 	ldrbvc	r6, [pc], #-1392	@ 5c08 <vector_table-0x7ffa3f8>
    5c04:	695f6761 	ldmdbvs	pc, {r0, r5, r6, r8, r9, sl, sp, lr}^	@ <UNPREDICTABLE>
    5c08:	20297864 	eorcs	r7, r9, r4, ror #16
    5c0c:	72617000 	rsbvc	r7, r1, #0
    5c10:	00736d61 	rsbseq	r6, r3, r1, ror #26
    5c14:	73695f5f 	cmnvc	r9, #380	@ 0x17c
    5c18:	696c615f 	stmdbvs	ip!, {r0, r1, r2, r3, r4, r6, r8, sp, lr}^
    5c1c:	64656e67 	strbtvs	r6, [r5], #-3687	@ 0xfffff199
    5c20:	792c7828 	stmdbvc	ip!, {r3, r5, fp, ip, sp, lr}
    5c24:	5f5f2029 	svcpl	0x005f2029
    5c28:	6c697562 	cfstr64vs	mvdx7, [r9], #-392	@ 0xfffffe78
    5c2c:	5f6e6974 	svcpl	0x006e6974
    5c30:	615f7369 	cmpvs	pc, r9, ror #6
    5c34:	6e67696c 	vnmulvs.f16	s13, s14, s25	@ <UNPREDICTABLE>
    5c38:	78286465 	stmdavc	r8!, {r0, r2, r5, r6, sl, sp, lr}
    5c3c:	2979202c 	ldmdbcs	r9!, {r2, r3, r5, sp}^
    5c40:	475f5f00 	ldrbmi	r5, [pc, -r0, lsl #30]
    5c44:	565f554e 	ldrbpl	r5, [pc], -lr, asr #10
    5c48:	42495349 	submi	r5, r9, #603979777	@ 0x24000001
    5c4c:	3020454c 	eorcc	r4, r0, ip, asr #10
    5c50:	45525f00 	ldrbmi	r5, [r2, #-3840]	@ 0xfffff100
    5c54:	5f544e45 	svcpl	0x00544e45
    5c58:	4f544357 	svcmi	0x00544357
    5c5c:	535f424d 	cmppl	pc, #-805306364	@ 0xd0000004
    5c60:	45544154 	ldrbmi	r4, [r4, #-340]	@ 0xfffffeac
    5c64:	72747028 	rsbsvc	r7, r4, #40	@ 0x28
    5c68:	28282029 	stmdacs	r8!, {r0, r3, r5, sp}
    5c6c:	29727470 	ldmdbcs	r2!, {r4, r5, r6, sl, ip, sp, lr}^
    5c70:	6e5f3e2d 	cdpvs	14, 5, cr3, cr15, cr13, {1}
    5c74:	5f2e7765 	svcpl	0x002e7765
    5c78:	6e656572 	mcrvs	5, 3, r6, cr5, cr2, {3}
    5c7c:	775f2e74 			@ <UNDEFINED> instruction: 0x775f2e74
    5c80:	6d6f7463 	cfstrdvs	mvd7, [pc, #-396]!	@ 5afc <vector_table-0x7ffa504>
    5c84:	74735f62 	ldrbtvc	r5, [r3], #-3938	@ 0xfffff09e
    5c88:	29657461 	stmdbcs	r5!, {r0, r5, r6, sl, ip, sp, lr}^
    5c8c:	735f5f00 	cmpvc	pc, #0, 30
    5c90:	656e6769 	strbvs	r6, [lr, #-1897]!	@ 0xfffff897
    5c94:	69732064 	ldmdbvs	r3!, {r2, r5, r6, sp}^
    5c98:	64656e67 	strbtvs	r6, [r5], #-3687	@ 0xfffff199
    5c9c:	45525f00 	ldrbmi	r5, [r2, #-3840]	@ 0xfffff100
    5ca0:	5f544e45 	svcpl	0x00544e45
    5ca4:	525f504d 	subspl	r5, pc, #77	@ 0x4d
    5ca8:	4c555345 	mrrcmi	3, 4, r5, r5, cr5	@ <UNPREDICTABLE>
    5cac:	74702854 	ldrbtvc	r2, [r0], #-2132	@ 0xfffff7ac
    5cb0:	28202972 	stmdacs	r0!, {r1, r4, r5, r6, r8, fp, sp}
    5cb4:	72747028 	rsbsvc	r7, r4, #40	@ 0x28
    5cb8:	5f3e2d29 	svcpl	0x003e2d29
    5cbc:	75736572 	ldrbvc	r6, [r3, #-1394]!	@ 0xfffffa8e
    5cc0:	0029746c 	eoreq	r7, r9, ip, ror #8
    5cc4:	4545525f 	strbmi	r5, [r5, #-607]	@ 0xfffffda1
    5cc8:	415f544e 	cmpmi	pc, lr, asr #8
    5ccc:	49544353 	ldmdbmi	r4, {r0, r1, r4, r6, r8, r9, lr}^
    5cd0:	425f454d 	subsmi	r4, pc, #322961408	@ 0x13400000
    5cd4:	70284655 	eorvc	r4, r8, r5, asr r6
    5cd8:	20297274 	eorcs	r7, r9, r4, ror r2
    5cdc:	74702828 	ldrbtvc	r2, [r0], #-2088	@ 0xfffff7d8
    5ce0:	3e2d2972 			@ <UNDEFINED> instruction: 0x3e2d2972
    5ce4:	77656e5f 			@ <UNDEFINED> instruction: 0x77656e5f
    5ce8:	65725f2e 	ldrbvs	r5, [r2, #-3886]!	@ 0xfffff0d2
    5cec:	2e746e65 	cdpcs	14, 7, cr6, cr4, cr5, {3}
    5cf0:	6373615f 	cmnvs	r3, #-1073741801	@ 0xc0000017
    5cf4:	656d6974 	strbvs	r6, [sp, #-2420]!	@ 0xfffff68c
    5cf8:	6675625f 			@ <UNDEFINED> instruction: 0x6675625f
    5cfc:	5f5f0029 	svcpl	0x005f0029
    5d00:	65766168 	ldrbvs	r6, [r6, #-360]!	@ 0xfffffe98
    5d04:	6e6f6c5f 	mcrvs	12, 3, r6, cr15, cr15, {2}
    5d08:	6e6f6c67 	cdpvs	12, 6, cr6, cr15, cr7, {3}
    5d0c:	20343667 	eorscs	r3, r4, r7, ror #12
    5d10:	656e0031 	strbvs	r0, [lr, #-49]!	@ 0xffffffcf
    5d14:	745f7478 	ldrbvc	r7, [pc], #-1144	@ 5d1c <vector_table-0x7ffa2e4>
    5d18:	006b7361 	rsbeq	r7, fp, r1, ror #6
    5d1c:	4545525f 	strbmi	r5, [r5, #-607]	@ 0xfffffda1
    5d20:	4d5f544e 	cfldrdmi	mvd5, [pc, #-312]	@ 5bf0 <vector_table-0x7ffa410>
    5d24:	35505f50 	ldrbcc	r5, [r0, #-3920]	@ 0xfffff0b0
    5d28:	74702853 	ldrbtvc	r2, [r0], #-2131	@ 0xfffff7ad
    5d2c:	28202972 	stmdacs	r0!, {r1, r4, r5, r6, r8, fp, sp}
    5d30:	72747028 	rsbsvc	r7, r4, #40	@ 0x28
    5d34:	5f3e2d29 	svcpl	0x003e2d29
    5d38:	29733570 	ldmdbcs	r3!, {r4, r5, r6, r8, sl, ip, sp}^
    5d3c:	745f5f00 	ldrbvc	r5, [pc], #-3840	@ 5d44 <vector_table-0x7ffa2bc>
    5d40:	6f6c7972 	svcvs	0x006c7972
    5d44:	5f736b63 	svcpl	0x00736b63
    5d48:	6c637865 	stclvs	8, cr7, [r3], #-404	@ 0xfffffe6c
    5d4c:	76697375 			@ <UNDEFINED> instruction: 0x76697375
    5d50:	2e2e2865 	cdpcs	8, 2, cr2, cr14, cr5, {3}
    5d54:	5f20292e 	svcpl	0x0020292e
    5d58:	636f6c5f 	cmnvs	pc, #24320	@ 0x5f00
    5d5c:	6e615f6b 	cdpvs	15, 6, cr5, cr1, cr11, {3}
    5d60:	61746f6e 	cmnvs	r4, lr, ror #30
    5d64:	65286574 	strvs	r6, [r8, #-1396]!	@ 0xfffffa8c
    5d68:	756c6378 	strbvc	r6, [ip, #-888]!	@ 0xfffffc88
    5d6c:	65766973 	ldrbvs	r6, [r6, #-2419]!	@ 0xfffff68d
    5d70:	7972745f 	ldmdbvc	r2!, {r0, r1, r2, r3, r4, r6, sl, ip, sp, lr}^
    5d74:	6b636f6c 	blvs	18e1b2c <vector_table-0x671e4d4>
    5d78:	6e75665f 	mrcvs	6, 3, r6, cr5, cr15, {2}
    5d7c:	6f697463 	svcvs	0x00697463
    5d80:	5f5f286e 	svcpl	0x005f286e
    5d84:	415f4156 	cmpmi	pc, r6, asr r1	@ <UNPREDICTABLE>
    5d88:	5f534752 	svcpl	0x00534752
    5d8c:	0029295f 	eoreq	r2, r9, pc, asr r9
    5d90:	6c615f5f 	stclvs	15, cr5, [r1], #-380	@ 0xfffffe84
    5d94:	73796177 	cmnvc	r9, #-1073741795	@ 0xc000001d
    5d98:	6c6e695f 			@ <UNDEFINED> instruction: 0x6c6e695f
    5d9c:	20656e69 	rsbcs	r6, r5, r9, ror #28
    5da0:	6e695f5f 	mcrvs	15, 3, r5, cr9, cr15, {2}
    5da4:	656e696c 	strbvs	r6, [lr, #-2412]!	@ 0xfffff694
    5da8:	5f205f5f 	svcpl	0x00205f5f
    5dac:	7474615f 	ldrbtvc	r6, [r4], #-351	@ 0xfffffea1
    5db0:	75626972 	strbvc	r6, [r2, #-2418]!	@ 0xfffff68e
    5db4:	5f5f6574 	svcpl	0x005f6574
    5db8:	5f5f2828 	svcpl	0x005f2828
    5dbc:	61776c61 	cmnvs	r7, r1, ror #24
    5dc0:	695f7379 	ldmdbvs	pc, {r0, r3, r4, r5, r6, r8, r9, ip, sp, lr}^	@ <UNPREDICTABLE>
    5dc4:	6e696c6e 	cdpvs	12, 6, cr6, cr9, cr14, {3}
    5dc8:	295f5f65 	ldmdbcs	pc, {r0, r2, r5, r6, r8, r9, sl, fp, ip, lr}^	@ <UNPREDICTABLE>
    5dcc:	5f5f0029 	svcpl	0x005f0029
    5dd0:	746e6f63 	strbtvc	r6, [lr], #-3939	@ 0xfffff09d
    5dd4:	656e6961 	strbvs	r6, [lr, #-2401]!	@ 0xfffff69f
    5dd8:	28666f72 	stmdacs	r6!, {r1, r4, r5, r6, r8, r9, sl, fp, sp, lr}^
    5ddc:	2c732c78 	ldclcs	12, cr2, [r3], #-480	@ 0xfffffe20
    5de0:	2820296d 	stmdacs	r0!, {r0, r2, r3, r5, r6, r8, fp, sp}
    5de4:	6f63207b 	svcvs	0x0063207b
    5de8:	2074736e 	rsbscs	r7, r4, lr, ror #6
    5dec:	616c6f76 	smcvs	50934	@ 0xc6f6
    5df0:	656c6974 	strbvs	r6, [ip, #-2420]!	@ 0xfffff68c
    5df4:	745f5f20 	ldrbvc	r5, [pc], #-3872	@ 5dfc <vector_table-0x7ffa204>
    5df8:	6f657079 	svcvs	0x00657079
    5dfc:	28282866 	stmdacs	r8!, {r1, r2, r5, r6, fp, sp}
    5e00:	292a2073 	stmdbcs	sl!, {r0, r1, r4, r5, r6, sp}
    5e04:	3e2d2930 			@ <UNDEFINED> instruction: 0x3e2d2930
    5e08:	2a20296d 	bcs	8103c4 <vector_table-0x77efc3c>
    5e0c:	20785f5f 	rsbscs	r5, r8, pc, asr pc
    5e10:	7828203d 	stmdavc	r8!, {r0, r2, r3, r4, r5, sp}
    5e14:	5f203b29 	svcpl	0x00203b29
    5e18:	5145445f 	cmppl	r5, pc, asr r4
    5e1c:	494c4155 	stmdbmi	ip, {r0, r2, r4, r6, r8, lr}^
    5e20:	73285946 			@ <UNDEFINED> instruction: 0x73285946
    5e24:	202c2a20 	eorcs	r2, ip, r0, lsr #20
    5e28:	6e6f6328 	cdpvs	3, 6, cr6, cr15, cr8, {1}
    5e2c:	76207473 			@ <UNDEFINED> instruction: 0x76207473
    5e30:	74616c6f 	strbtvc	r6, [r1], #-3183	@ 0xfffff391
    5e34:	20656c69 	rsbcs	r6, r5, r9, ror #24
    5e38:	72616863 	rsbvc	r6, r1, #6488064	@ 0x630000
    5e3c:	5f292a20 	svcpl	0x00292a20
    5e40:	2d20785f 	stccs	8, cr7, [r0, #-380]!	@ 0xfffffe84
    5e44:	6f5f5f20 	svcvs	0x005f5f20
    5e48:	65736666 	ldrbvs	r6, [r3, #-1638]!	@ 0xfffff99a
    5e4c:	28666f74 	stmdacs	r6!, {r2, r4, r5, r6, r8, r9, sl, fp, sp, lr}^
    5e50:	6d202c73 	stcvs	12, cr2, [r0, #-460]!	@ 0xfffffe34
    5e54:	7d3b2929 			@ <UNDEFINED> instruction: 0x7d3b2929
    5e58:	5f5f0029 	svcpl	0x005f0029
    5e5c:	6c5f6f6e 	mrrcvs	15, 6, r6, pc, cr14	@ <UNPREDICTABLE>
    5e60:	5f6b636f 	svcpl	0x006b636f
    5e64:	6c616e61 	stclvs	14, cr6, [r1], #-388	@ 0xfffffe7c
    5e68:	73697379 	cmnvc	r9, #-469762047	@ 0xe4000001
    5e6c:	6c5f5f20 	mrrcvs	15, 2, r5, pc, cr0	@ <UNPREDICTABLE>
    5e70:	5f6b636f 	svcpl	0x006b636f
    5e74:	6f6e6e61 	svcvs	0x006e6e61
    5e78:	65746174 	ldrbvs	r6, [r4, #-372]!	@ 0xfffffe8c
    5e7c:	5f6f6e28 	svcpl	0x006f6e28
    5e80:	65726874 	ldrbvs	r6, [r2, #-2164]!	@ 0xfffff78c
    5e84:	735f6461 	cmpvc	pc, #1627389952	@ 0x61000000
    5e88:	74656661 	strbtvc	r6, [r5], #-1633	@ 0xfffff99f
    5e8c:	6e615f79 	mcrvs	15, 3, r5, cr1, cr9, {3}
    5e90:	73796c61 	cmnvc	r9, #24832	@ 0x6100
    5e94:	00297369 	eoreq	r7, r9, r9, ror #6
    5e98:	4745425f 	smlsldmi	r4, r5, pc, r2	@ <UNPREDICTABLE>
    5e9c:	535f4e49 	cmppl	pc, #1168	@ 0x490
    5ea0:	435f4454 	cmpmi	pc, #84, 8	@ 0x54000000
    5ea4:	6c610020 	stclvs	0, cr0, [r1], #-128	@ 0xffffff80
    5ea8:	61636f6c 	cmnvs	r3, ip, ror #30
    5eac:	7a697328 	bvc	1a62b54 <vector_table-0x659d4ac>
    5eb0:	5f202965 	svcpl	0x00202965
    5eb4:	6975625f 	ldmdbvs	r5!, {r0, r1, r2, r3, r4, r6, r9, sp, lr}^
    5eb8:	6e69746c 	cdpvs	4, 6, cr7, cr9, cr12, {3}
    5ebc:	6c6c615f 	stfvse	f6, [ip], #-380	@ 0xfffffe84
    5ec0:	2861636f 	stmdacs	r1!, {r0, r1, r2, r3, r5, r6, r8, r9, sp, lr}^
    5ec4:	657a6973 	ldrbvs	r6, [sl, #-2419]!	@ 0xfffff68d
    5ec8:	435f0029 	cmpmi	pc, #41	@ 0x29
    5ecc:	4b434f4c 	blmi	10d9c04 <vector_table-0x6f263fc>
    5ed0:	545f4449 	ldrbpl	r4, [pc], #-1097	@ 5ed8 <vector_table-0x7ffa128>
    5ed4:	6e75205f 	mrcvs	0, 3, r2, cr5, cr15, {2}
    5ed8:	6e676973 			@ <UNDEFINED> instruction: 0x6e676973
    5edc:	6c206465 	cfstrsvs	mvf6, [r0], #-404	@ 0xfffffe6c
    5ee0:	00676e6f 	rsbeq	r6, r7, pc, ror #28
    5ee4:	4545525f 	strbmi	r5, [r5, #-607]	@ 0xfffffda1
    5ee8:	435f544e 	cmpmi	pc, #1308622848	@ 0x4e000000
    5eec:	4b434548 	blmi	10d7414 <vector_table-0x6f28bec>
    5ef0:	284d545f 	stmdacs	sp, {r0, r1, r2, r3, r4, r6, sl, ip, lr}^
    5ef4:	29727470 	ldmdbcs	r2!, {r4, r5, r6, sl, ip, sp, lr}^
    5ef8:	485f0020 	ldmdami	pc, {r5}^	@ <UNPREDICTABLE>
    5efc:	5f455641 	svcpl	0x00455641
    5f00:	54494e49 	strbpl	r4, [r9], #-3657	@ 0xfffff1b7
    5f04:	494e4946 	stmdbmi	lr, {r1, r2, r6, r8, fp, lr}^
    5f08:	5252415f 	subspl	r4, r2, #-1073741801	@ 0xc0000017
    5f0c:	31205941 			@ <UNDEFINED> instruction: 0x31205941
    5f10:	6c5f5f00 	mrrcvs	15, 0, r5, pc, cr0	@ <UNPREDICTABLE>
    5f14:	5f6b636f 	svcpl	0x006b636f
    5f18:	656c6572 	strbvs	r6, [ip, #-1394]!	@ 0xfffffa8e
    5f1c:	5f657361 	svcpl	0x00657361
    5f20:	75636572 	strbvc	r6, [r3, #-1394]!	@ 0xfffffa8e
    5f24:	76697372 			@ <UNDEFINED> instruction: 0x76697372
    5f28:	6f6c2865 	svcvs	0x006c2865
    5f2c:	20296b63 	eorcs	r6, r9, r3, ror #22
    5f30:	6f762828 	svcvs	0x00762828
    5f34:	20296469 	eorcs	r6, r9, r9, ror #8
    5f38:	5f002930 	svcpl	0x00002930
    5f3c:	444e4152 	strbmi	r4, [lr], #-338	@ 0xfffffeae
    5f40:	4d5f3834 	ldclmi	8, cr3, [pc, #-208]	@ 5e78 <vector_table-0x7ffa188>
    5f44:	5f544c55 	svcpl	0x00544c55
    5f48:	30282031 	eorcc	r2, r8, r1, lsr r0
    5f4c:	65656478 	strbvs	r6, [r5, #-1144]!	@ 0xfffffb88
    5f50:	5f002963 	svcpl	0x00002963
    5f54:	444e4152 	strbmi	r4, [lr], #-338	@ 0xfffffeae
    5f58:	535f3834 	cmppl	pc, #52, 16	@ 0x340000
    5f5c:	5f444545 	svcpl	0x00444545
    5f60:	30282030 	eorcc	r2, r8, r0, lsr r0
    5f64:	30333378 	eorscc	r3, r3, r8, ror r3
    5f68:	5f002965 	svcpl	0x00002965
    5f6c:	4e454552 	mcrmi	5, 2, r4, cr5, cr2, {2}
    5f70:	45475f54 	strbmi	r5, [r7, #-3924]	@ 0xfffff0ac
    5f74:	54414454 	strbpl	r4, [r1], #-1108	@ 0xfffffbac
    5f78:	52455f45 	subpl	r5, r5, #276	@ 0x114
    5f7c:	28505f52 	ldmdacs	r0, {r1, r4, r6, r8, r9, sl, fp, ip, lr}^
    5f80:	29727470 	ldmdbcs	r2!, {r4, r5, r6, sl, ip, sp, lr}^
    5f84:	28262820 	stmdacs	r6!, {r5, fp, sp}
    5f88:	72747028 	rsbsvc	r7, r4, #40	@ 0x28
    5f8c:	5f3e2d29 	svcpl	0x003e2d29
    5f90:	2e77656e 	cdpcs	5, 7, cr6, cr7, cr14, {3}
    5f94:	6565725f 	strbvs	r7, [r5, #-607]!	@ 0xfffffda1
    5f98:	5f2e746e 	svcpl	0x002e746e
    5f9c:	64746567 	ldrbtvs	r6, [r4], #-1383	@ 0xfffffa99
    5fa0:	5f657461 	svcpl	0x00657461
    5fa4:	29727265 	ldmdbcs	r2!, {r0, r2, r5, r6, r9, ip, sp, lr}^
    5fa8:	5f5f0029 	svcpl	0x005f0029
    5fac:	676e6f4c 	strbvs	r6, [lr, -ip, asr #30]!
    5fb0:	6e6f6c20 	cdpvs	12, 6, cr6, cr15, cr0, {1}
    5fb4:	5f5f0067 	svcpl	0x005f0067
    5fb8:	746e695f 	strbtvc	r6, [lr], #-2399	@ 0xfffff6a1
    5fbc:	61656c5f 	cmnvs	r5, pc, asr ip
    5fc0:	32337473 	eorscc	r7, r3, #1929379840	@ 0x73000000
    5fc4:	645f745f 	ldrbvs	r7, [pc], #-1119	@ 5fcc <vector_table-0x7ffa034>
    5fc8:	6e696665 	cdpvs	6, 6, cr6, cr9, cr5, {3}
    5fcc:	31206465 			@ <UNDEFINED> instruction: 0x31206465
    5fd0:	54535f00 	ldrbpl	r5, [r3], #-3840	@ 0xfffff100
    5fd4:	42494c44 	submi	r4, r9, #68, 24	@ 0x4400
    5fd8:	205f485f 	subscs	r4, pc, pc, asr r8	@ <UNPREDICTABLE>
    5fdc:	705f5f00 	subsvc	r5, pc, r0, lsl #30
    5fe0:	61767274 	cmnvs	r6, r4, ror r2
    5fe4:	2065756c 	rsbcs	r7, r5, ip, ror #10
    5fe8:	4f4e5f00 	svcmi	0x004e5f00
    5fec:	494c4e49 	stmdbmi	ip, {r0, r3, r6, r9, sl, fp, lr}^
    5ff0:	535f454e 	cmppl	pc, #327155712	@ 0x13800000
    5ff4:	49544154 	ldmdbmi	r4, {r2, r4, r6, r8, lr}^
    5ff8:	4e5f2043 	cdpmi	0, 5, cr2, cr15, cr3, {2}
    5ffc:	4c4e494f 	mcrrmi	9, 4, r4, lr, cr15	@ <UNPREDICTABLE>
    6000:	20454e49 	subcs	r4, r5, r9, asr #28
    6004:	74617473 	strbtvc	r7, [r1], #-1139	@ 0xfffffb8d
    6008:	5f006369 	svcpl	0x00006369
    600c:	4e454552 	mcrmi	5, 2, r4, cr5, cr2, {2}
    6010:	504d5f54 	subpl	r5, sp, r4, asr pc
    6014:	5345525f 	movtpl	r5, #21087	@ 0x525f
    6018:	5f544c55 	svcpl	0x00544c55
    601c:	7470284b 	ldrbtvc	r2, [r0], #-2123	@ 0xfffff7b5
    6020:	28202972 	stmdacs	r0!, {r1, r4, r5, r6, r8, fp, sp}
    6024:	72747028 	rsbsvc	r7, r4, #40	@ 0x28
    6028:	5f3e2d29 	svcpl	0x003e2d29
    602c:	75736572 	ldrbvc	r6, [r3, #-1394]!	@ 0xfffffa8e
    6030:	6b5f746c 	blvs	17e31e8 <vector_table-0x681ce18>
    6034:	5f5f0029 	svcpl	0x005f0029
    6038:	59504f43 	ldmdbpl	r0, {r0, r1, r6, r8, r9, sl, fp, lr}^
    603c:	48474952 	stmdami	r7, {r1, r4, r6, r8, fp, lr}^
    6040:	29732854 	ldmdbcs	r3!, {r2, r4, r6, fp, sp}^
    6044:	72747320 	rsbsvc	r7, r4, #32, 6	@ 0x80000000
    6048:	20746375 	rsbscs	r6, r4, r5, ror r3
    604c:	61685f5f 	cmnvs	r8, pc, asr pc
    6050:	5f006b63 	svcpl	0x00006b63
    6054:	4e454552 	mcrmi	5, 2, r4, cr5, cr2, {2}
    6058:	48435f54 	stmdami	r3, {r2, r4, r6, r8, r9, sl, fp, ip, lr}^
    605c:	5f4b4345 	svcpl	0x004b4345
    6060:	52454d45 	subpl	r4, r5, #4416	@ 0x1140
    6064:	434e4547 	movtmi	r4, #58695	@ 0xe547
    6068:	74702859 	ldrbtvc	r2, [r0], #-2137	@ 0xfffff7a7
    606c:	00202972 	eoreq	r2, r0, r2, ror r9
    6070:	43525f5f 	cmpmi	r2, #380	@ 0x17c
    6074:	28444953 	stmdacs	r4, {r0, r1, r4, r6, r8, fp, lr}^
    6078:	73202973 			@ <UNDEFINED> instruction: 0x73202973
    607c:	63757274 	cmnvs	r5, #116, 4	@ 0x40000007
    6080:	5f5f2074 	svcpl	0x005f2074
    6084:	6b636168 	blvs	18de62c <vector_table-0x67219d4>
    6088:	6c5f5f00 	mrrcvs	15, 0, r5, pc, cr0	@ <UNPREDICTABLE>
    608c:	5f6b636f 	svcpl	0x006b636f
    6090:	736f6c63 	cmnvc	pc, #25344	@ 0x6300
    6094:	65725f65 	ldrbvs	r5, [r2, #-3941]!	@ 0xfffff09b
    6098:	73727563 	cmnvc	r2, #415236096	@ 0x18c00000
    609c:	28657669 	stmdacs	r5!, {r0, r3, r5, r6, r9, sl, ip, sp, lr}^
    60a0:	6b636f6c 	blvs	18e1e58 <vector_table-0x671e1a8>
    60a4:	28282029 	stmdacs	r8!, {r0, r3, r5, sp}
    60a8:	64696f76 	strbtvs	r6, [r9], #-3958	@ 0xfffff08a
    60ac:	29302029 	ldmdbcs	r0!, {r0, r3, r5, sp}
    60b0:	6e697500 	cdpvs	5, 6, cr7, cr9, cr0, {0}
    60b4:	5f363174 	svcpl	0x00363174
    60b8:	796d0074 	stmdbvc	sp!, {r2, r4, r5, r6}^
    60bc:	6d75645f 	cfldrdvs	mvd6, [r5, #-380]!	@ 0xfffffe84
    60c0:	65685f70 	strbvs	r5, [r8, #-3952]!	@ 0xfffff090
    60c4:	5f007061 	svcpl	0x00007061
    60c8:	52575646 	subspl	r5, r7, #73400320	@ 0x4600000
    60cc:	5f455449 	svcpl	0x00455449
    60d0:	535f4e49 	cmppl	pc, #1168	@ 0x490
    60d4:	41455254 	cmpmi	r5, r4, asr r2
    60d8:	204f494d 	subcs	r4, pc, sp, asr #18
    60dc:	525f0031 	subspl	r0, pc, #49	@ 0x31
    60e0:	544e4545 	strbpl	r4, [lr], #-1349	@ 0xfffffabb
    60e4:	494e495f 	stmdbmi	lr, {r0, r1, r2, r3, r4, r6, r8, fp, lr}^
    60e8:	45525f54 	ldrbmi	r5, [r2, #-3924]	@ 0xfffff0ac
    60ec:	56524553 			@ <UNDEFINED> instruction: 0x56524553
    60f0:	365f4445 	ldrbcc	r4, [pc], -r5, asr #8
    60f4:	0020375f 	eoreq	r3, r0, pc, asr r7
    60f8:	4e455f5f 	mcrmi	15, 2, r5, cr5, cr15, {2}
    60fc:	45445f44 	strbmi	r5, [r4, #-3908]	@ 0xfffff0bc
    6100:	20534c43 	subscs	r4, r3, r3, asr #24
    6104:	705f5f00 	subsvc	r5, pc, r0, lsl #30
    6108:	746e6972 	strbtvc	r6, [lr], #-2418	@ 0xfffff68e
    610c:	6b696c66 	blvs	1a612ac <vector_table-0x659ed54>
    6110:	6d662865 	stclvs	8, cr2, [r6, #-404]!	@ 0xfffffe6c
    6114:	67726174 			@ <UNDEFINED> instruction: 0x67726174
    6118:	7269662c 	rsbvc	r6, r9, #44, 12	@ 0x2c00000
    611c:	61767473 	cmnvs	r6, r3, ror r4
    6120:	67726172 			@ <UNDEFINED> instruction: 0x67726172
    6124:	5f5f2029 	svcpl	0x005f2029
    6128:	72747461 	rsbsvc	r7, r4, #1627389952	@ 0x61000000
    612c:	74756269 	ldrbtvc	r6, [r5], #-617	@ 0xfffffd97
    6130:	285f5f65 	ldmdacs	pc, {r0, r2, r5, r6, r8, r9, sl, fp, ip, lr}^	@ <UNPREDICTABLE>
    6134:	665f5f28 	ldrbvs	r5, [pc], -r8, lsr #30
    6138:	616d726f 	cmnvs	sp, pc, ror #4
    613c:	205f5f74 	subscs	r5, pc, r4, ror pc	@ <UNPREDICTABLE>
    6140:	705f5f28 	subsvc	r5, pc, r8, lsr #30
    6144:	746e6972 	strbtvc	r6, [lr], #-2418	@ 0xfffff68e
    6148:	2c5f5f66 	mrrccs	15, 6, r5, pc, cr6	@ <UNPREDICTABLE>
    614c:	746d6620 	strbtvc	r6, [sp], #-1568	@ 0xfffff9e0
    6150:	2c677261 	sfmcs	f7, 2, [r7], #-388	@ 0xfffffe7c
    6154:	72696620 	rsbvc	r6, r9, #32, 12	@ 0x2000000
    6158:	61767473 	cmnvs	r6, r3, ror r4
    615c:	67726172 			@ <UNDEFINED> instruction: 0x67726172
    6160:	00292929 	eoreq	r2, r9, r9, lsr #18
    6164:	69736e75 	ldmdbvs	r3!, {r0, r2, r4, r5, r6, r9, sl, fp, sp, lr}^
    6168:	64656e67 	strbtvs	r6, [r5], #-3687	@ 0xfffff199
    616c:	705f5f00 	subsvc	r5, pc, r0, lsl #30
    6170:	75675f74 	strbvc	r5, [r7, #-3956]!	@ 0xfffff08c
    6174:	65647261 	strbvs	r7, [r4, #-609]!	@ 0xfffffd9f
    6178:	79625f64 	stmdbvc	r2!, {r2, r5, r6, r8, r9, sl, fp, ip, lr}^
    617c:	20297828 	eorcs	r7, r9, r8, lsr #16
    6180:	6f6c5f5f 	svcvs	0x006c5f5f
    6184:	615f6b63 	cmpvs	pc, r3, ror #22
    6188:	746f6e6e 	strbtvc	r6, [pc], #-3694	@ 6190 <vector_table-0x7ff9e70>
    618c:	28657461 	stmdacs	r5!, {r0, r5, r6, sl, ip, sp, lr}^
    6190:	675f7470 			@ <UNDEFINED> instruction: 0x675f7470
    6194:	64726175 	ldrbtvs	r6, [r2], #-373	@ 0xfffffe8b
    6198:	625f6465 	subsvs	r6, pc, #1694498816	@ 0x65000000
    619c:	29782879 	ldmdbcs	r8!, {r0, r3, r4, r5, r6, fp, sp}^
    61a0:	5f5f0029 	svcpl	0x005f0029
    61a4:	72617567 	rsbvc	r7, r1, #432013312	@ 0x19c00000
    61a8:	5f646564 	svcpl	0x00646564
    61ac:	78287962 	stmdavc	r8!, {r1, r5, r6, r8, fp, ip, sp, lr}
    61b0:	5f5f2029 	svcpl	0x005f2029
    61b4:	6b636f6c 	blvs	18e1f6c <vector_table-0x671e094>
    61b8:	6e6e615f 	mcrvs	1, 3, r6, cr14, cr15, {2}
    61bc:	7461746f 	strbtvc	r7, [r1], #-1135	@ 0xfffffb91
    61c0:	75672865 	strbvc	r2, [r7, #-2149]!	@ 0xfffff79b
    61c4:	65647261 	strbvs	r7, [r4, #-609]!	@ 0xfffffd9f
    61c8:	79625f64 	stmdbvc	r2!, {r2, r5, r6, r8, r9, sl, fp, ip, lr}^
    61cc:	29297828 	stmdbcs	r9!, {r3, r5, fp, ip, sp, lr}
    61d0:	735f5f00 	cmpvc	pc, #0, 30
    61d4:	635f6d79 	cmpvs	pc, #7744	@ 0x1e40
    61d8:	61706d6f 	cmnvs	r0, pc, ror #26
    61dc:	79732874 	ldmdbvc	r3!, {r2, r4, r5, r6, fp, sp}^
    61e0:	6d692c6d 	stclvs	12, cr2, [r9, #-436]!	@ 0xfffffe4c
    61e4:	762c6c70 			@ <UNDEFINED> instruction: 0x762c6c70
    61e8:	64697265 	strbtvs	r7, [r9], #-613	@ 0xfffffd9b
    61ec:	5f5f2029 	svcpl	0x005f2029
    61f0:	5f6d7361 	svcpl	0x006d7361
    61f4:	2e22285f 	mcrcs	8, 1, r2, cr2, cr15, {2}
    61f8:	766d7973 			@ <UNDEFINED> instruction: 0x766d7973
    61fc:	22207265 	eorcs	r7, r0, #1342177286	@ 0x50000006
    6200:	6d692320 	stclvs	3, cr2, [r9, #-128]!	@ 0xffffff80
    6204:	22206c70 	eorcs	r6, r0, #112, 24	@ 0x7000
    6208:	2022202c 	eorcs	r2, r2, ip, lsr #32
    620c:	6d797323 	ldclvs	3, cr7, [r9, #-140]!	@ 0xffffff74
    6210:	22402220 	subcs	r2, r0, #32, 4
    6214:	65762320 	ldrbvs	r2, [r6, #-800]!	@ 0xfffffce0
    6218:	29646972 	stmdbcs	r4!, {r1, r4, r5, r6, r8, fp, sp, lr}^
    621c:	435f5f00 	cmpmi	pc, #0, 30
    6220:	55535f43 	ldrbpl	r5, [r3, #-3907]	@ 0xfffff0bd
    6224:	524f5050 	subpl	r5, pc, #80	@ 0x50
    6228:	5f5f5354 	svcpl	0x005f5354
    622c:	4c4e495f 	mcrrmi	9, 5, r4, lr, cr15	@ <UNPREDICTABLE>
    6230:	5f454e49 	svcpl	0x00454e49
    6234:	0031205f 	eorseq	r2, r1, pc, asr r0
    6238:	615f7073 	cmpvs	pc, r3, ror r0	@ <UNPREDICTABLE>
    623c:	00726464 	rsbseq	r6, r2, r4, ror #8
    6240:	43435f5f 	movtmi	r5, #16223	@ 0x3f5f
    6244:	5055535f 	subspl	r5, r5, pc, asr r3
    6248:	54524f50 	ldrbpl	r4, [r2], #-3920	@ 0xfffff0b0
    624c:	59445f53 	stmdbpl	r4, {r0, r1, r4, r6, r8, r9, sl, fp, ip, lr}^
    6250:	494d414e 	stmdbmi	sp, {r1, r2, r3, r6, r8, lr}^
    6254:	52415f43 	subpl	r5, r1, #268	@ 0x10c
    6258:	5f594152 	svcpl	0x00594152
    625c:	54494e49 	strbpl	r4, [r9], #-3657	@ 0xfffff1b7
    6260:	5f003120 	svcpl	0x00003120
    6264:	636f6c5f 	cmnvs	pc, #24320	@ 0x5f00
    6268:	6e615f6b 	cdpvs	15, 6, cr5, cr1, cr11, {3}
    626c:	61746f6e 	cmnvs	r4, lr, ror #30
    6270:	78286574 	stmdavc	r8!, {r2, r4, r5, r6, r8, sl, sp, lr}
    6274:	5f002029 	svcpl	0x00002029
    6278:	4e454552 	mcrmi	5, 2, r4, cr5, cr2, {2}
    627c:	49535f54 	ldmdbmi	r3, {r2, r4, r6, r8, r9, sl, fp, ip, lr}^
    6280:	4c414e47 	mcrrmi	14, 4, r4, r1, cr7
    6284:	4655425f 			@ <UNDEFINED> instruction: 0x4655425f
    6288:	72747028 	rsbsvc	r7, r4, #40	@ 0x28
    628c:	28282029 	stmdacs	r8!, {r0, r3, r5, sp}
    6290:	29727470 	ldmdbcs	r2!, {r4, r5, r6, sl, ip, sp, lr}^
    6294:	6e5f3e2d 	cdpvs	14, 5, cr3, cr15, cr13, {1}
    6298:	5f2e7765 	svcpl	0x002e7765
    629c:	6e656572 	mcrvs	5, 3, r6, cr5, cr2, {3}
    62a0:	735f2e74 	cmpvc	pc, #116, 28	@ 0x740
    62a4:	616e6769 	cmnvs	lr, r9, ror #14
    62a8:	75625f6c 	strbvc	r5, [r2, #-3948]!	@ 0xfffff094
    62ac:	5f002966 	svcpl	0x00002966
    62b0:	52545441 	subspl	r5, r4, #1090519040	@ 0x41000000
    62b4:	54554249 	ldrbpl	r4, [r5], #-585	@ 0xfffffdb7
    62b8:	74612845 	strbtvc	r2, [r1], #-2117	@ 0xfffff7bb
    62bc:	29737274 	ldmdbcs	r3!, {r2, r4, r5, r6, r9, ip, sp, lr}^
    62c0:	615f5f20 	cmpvs	pc, r0, lsr #30
    62c4:	69727474 	ldmdbvs	r2!, {r2, r4, r5, r6, sl, ip, sp, lr}^
    62c8:	65747562 	ldrbvs	r7, [r4, #-1378]!	@ 0xfffffa9e
    62cc:	28205f5f 	stmdacs	r0!, {r0, r1, r2, r3, r4, r6, r8, r9, sl, fp, ip, lr}
    62d0:	72747461 	rsbsvc	r7, r4, #1627389952	@ 0x61000000
    62d4:	5f002973 	svcpl	0x00002973
    62d8:	5454415f 	ldrbpl	r4, [r4], #-351	@ 0xfffffea1
    62dc:	55424952 	strbpl	r4, [r2, #-2386]	@ 0xfffff6ae
    62e0:	495f4554 	ldmdbmi	pc, {r2, r4, r6, r8, sl, lr}^	@ <UNPREDICTABLE>
    62e4:	5255504d 	subspl	r5, r5, #77	@ 0x4d
    62e8:	54505f45 	ldrbpl	r5, [r0], #-3909	@ 0xfffff0bb
    62ec:	205f5f52 	subscs	r5, pc, r2, asr pc	@ <UNPREDICTABLE>
    62f0:	725f5f00 	subsvc	r5, pc, #0, 30
    62f4:	65676e61 	strbvs	r6, [r7, #-3681]!	@ 0xfffff19f
    62f8:	7428666f 	strtvc	r6, [r8], #-1647	@ 0xfffff991
    62fc:	2c657079 	stclcs	0, cr7, [r5], #-484	@ 0xfffffe1c
    6300:	72617473 	rsbvc	r7, r1, #1929379840	@ 0x73000000
    6304:	6e652c74 	mcrvs	12, 3, r2, cr5, cr4, {3}
    6308:	28202964 	stmdacs	r0!, {r2, r5, r6, r8, fp, sp}
    630c:	666f5f5f 	uqsaxvs	r5, pc, pc	@ <UNPREDICTABLE>
    6310:	74657366 	strbtvc	r7, [r5], #-870	@ 0xfffffc9a
    6314:	7428666f 	strtvc	r6, [r8], #-1647	@ 0xfffff991
    6318:	2c657079 	stclcs	0, cr7, [r5], #-484	@ 0xfffffe1c
    631c:	646e6520 	strbtvs	r6, [lr], #-1312	@ 0xfffffae0
    6320:	202d2029 	eorcs	r2, sp, r9, lsr #32
    6324:	666f5f5f 	uqsaxvs	r5, pc, pc	@ <UNPREDICTABLE>
    6328:	74657366 	strbtvc	r7, [r5], #-870	@ 0xfffffc9a
    632c:	7428666f 	strtvc	r6, [r8], #-1647	@ 0xfffff991
    6330:	2c657079 	stclcs	0, cr7, [r5], #-484	@ 0xfffffe1c
    6334:	61747320 	cmnvs	r4, r0, lsr #6
    6338:	29297472 	stmdbcs	r9!, {r1, r4, r5, r6, sl, ip, sp, lr}
    633c:	6c5f5f00 	mrrcvs	15, 0, r5, pc, cr0	@ <UNPREDICTABLE>
    6340:	5f6b636f 	svcpl	0x006b636f
    6344:	74696e69 	strbtvc	r6, [r9], #-3689	@ 0xfffff197
    6348:	636f6c28 	cmnvs	pc, #40, 24	@ 0x2800
    634c:	2820296b 	stmdacs	r0!, {r0, r1, r3, r5, r6, r8, fp, sp}
    6350:	696f7628 	stmdbvs	pc!, {r3, r5, r9, sl, ip, sp, lr}^	@ <UNPREDICTABLE>
    6354:	30202964 	eorcc	r2, r0, r4, ror #18
    6358:	5f5f0029 	svcpl	0x005f0029
    635c:	65766168 	ldrbvs	r6, [r6, #-360]!	@ 0xfffffe98
    6360:	6e6f6c5f 	mcrvs	12, 3, r6, cr15, cr15, {2}
    6364:	20323367 	eorscs	r3, r2, r7, ror #6
    6368:	6c610031 	stclvs	0, cr0, [r1], #-196	@ 0xffffff3c
    636c:	61636f6c 	cmnvs	r3, ip, ror #30
    6370:	554e5f00 	strbpl	r5, [lr, #-3840]	@ 0xfffff100
    6374:	30204c4c 	eorcc	r4, r0, ip, asr #24
    6378:	665f5f00 	ldrbvs	r5, [pc], -r0, lsl #30
    637c:	6178656c 	cmnvs	r8, ip, ror #10
    6380:	5b207272 	blpl	822d50 <vector_table-0x77dd2b0>
    6384:	5f005d30 	svcpl	0x00005d30
    6388:	5359535f 	cmppl	r9, #2080374785	@ 0x7c000001
    638c:	4e4f435f 	mcrmi	3, 2, r4, cr15, cr15, {2}
    6390:	5f474946 	svcpl	0x00474946
    6394:	205f5f48 	subscs	r5, pc, r8, asr #30
    6398:	445f5f00 	ldrbmi	r5, [pc], #-3840	@ 63a0 <vector_table-0x7ff9c60>
    639c:	4c4f5645 	mcrrmi	6, 4, r5, pc, cr5
    63a0:	4c495441 	cfstrdmi	mvd5, [r9], {65}	@ 0x41
    63a4:	79742845 	ldmdbvc	r4!, {r0, r2, r6, fp, sp}^
    63a8:	762c6570 			@ <UNDEFINED> instruction: 0x762c6570
    63ac:	20297261 	eorcs	r7, r9, r1, ror #4
    63b0:	79742828 	ldmdbvc	r4!, {r3, r5, fp, sp}^
    63b4:	28296570 	stmdacs	r9!, {r4, r5, r6, r8, sl, sp, lr}
    63b8:	69755f5f 	ldmdbvs	r5!, {r0, r1, r2, r3, r4, r6, r8, r9, sl, fp, ip, lr}^
    63bc:	7470746e 	ldrbtvc	r7, [r0], #-1134	@ 0xfffffb92
    63c0:	29745f72 	ldmdbcs	r4!, {r1, r4, r5, r6, r8, r9, sl, fp, ip, lr}^
    63c4:	6c6f7628 	stclvs	6, cr7, [pc], #-160	@ 632c <vector_table-0x7ff9cd4>
    63c8:	6c697461 	cfstrdvs	mvd7, [r9], #-388	@ 0xfffffe7c
    63cc:	6f762065 	svcvs	0x00762065
    63d0:	2a206469 	bcs	81f57c <vector_table-0x77e0a84>
    63d4:	61762829 	cmnvs	r6, r9, lsr #16
    63d8:	00292972 	eoreq	r2, r9, r2, ror r9
    63dc:	53535f5f 	cmppl	r3, #380	@ 0x17c
    63e0:	4f465f50 	svcmi	0x00465f50
    63e4:	46495452 			@ <UNDEFINED> instruction: 0x46495452
    63e8:	454c5f59 	strbmi	r5, [ip, #-3929]	@ 0xfffff0a7
    63ec:	204c4556 	subcs	r4, ip, r6, asr r5
    63f0:	5f5f0030 	svcpl	0x005f0030
    63f4:	43554e47 	cmpmi	r5, #1136	@ 0x470
    63f8:	454b494c 	strbmi	r4, [fp, #-2380]	@ 0xfffff6b4
    63fc:	4955425f 	ldmdbmi	r5, {r0, r1, r2, r3, r4, r6, r9, lr}^
    6400:	4e49544c 	cdpmi	4, 4, cr5, cr9, cr12, {2}
    6404:	4454535f 	ldrbmi	r5, [r4], #-863	@ 0xfffffca1
    6408:	20475241 	subcs	r5, r7, r1, asr #4
    640c:	5f5f0031 	svcpl	0x005f0031
    6410:	75736572 	ldrbvc	r6, [r3, #-1394]!	@ 0xfffffa8e
    6414:	755f746c 	ldrbvc	r7, [pc, #-1132]	@ 5fb0 <vector_table-0x7ffa050>
    6418:	635f6573 	cmpvs	pc, #482344960	@ 0x1cc00000
    641c:	6b636568 	blvs	18df9c4 <vector_table-0x672063c>
    6420:	615f5f20 	cmpvs	pc, r0, lsr #30
    6424:	69727474 	ldmdbvs	r2!, {r2, r4, r5, r6, sl, ip, sp, lr}^
    6428:	65747562 	ldrbvs	r7, [r4, #-1378]!	@ 0xfffffa9e
    642c:	28285f5f 	stmdacs	r8!, {r0, r1, r2, r3, r4, r6, r8, r9, sl, fp, ip, lr}
    6430:	61775f5f 	cmnvs	r7, pc, asr pc
    6434:	755f6e72 	ldrbvc	r6, [pc, #-3698]	@ 55ca <vector_table-0x7ffaa36>
    6438:	6573756e 	ldrbvs	r7, [r3, #-1390]!	@ 0xfffffa92
    643c:	65725f64 	ldrbvs	r5, [r2, #-3940]!	@ 0xfffff09c
    6440:	746c7573 	strbtvc	r7, [ip], #-1395	@ 0xfffffa8d
    6444:	29295f5f 	stmdbcs	r9!, {r0, r1, r2, r3, r4, r6, r8, r9, sl, fp, ip, lr}
    6448:	585f5f00 	ldmdapl	pc, {r8, r9, sl, fp, ip, lr}^	@ <UNPREDICTABLE>
    644c:	565f4953 			@ <UNDEFINED> instruction: 0x565f4953
    6450:	42495349 	submi	r5, r9, #603979777	@ 0x24000001
    6454:	3020454c 	eorcc	r4, r0, ip, asr #10
    6458:	45525f00 	ldrbmi	r5, [r2, #-3840]	@ 0xfffff100
    645c:	5f544e45 	svcpl	0x00544e45
    6460:	4e5f5349 	cdpmi	3, 5, cr5, cr15, cr9, {2}
    6464:	284c4c55 	stmdacs	ip, {r0, r2, r4, r6, sl, fp, lr}^
    6468:	7274705f 	rsbsvc	r7, r4, #95	@ 0x5f
    646c:	28282029 	stmdacs	r8!, {r0, r3, r5, sp}
    6470:	7274705f 	rsbsvc	r7, r4, #95	@ 0x5f
    6474:	3d3d2029 	ldccc	0, cr2, [sp, #-164]!	@ 0xffffff5c
    6478:	4c554e20 	mrrcmi	14, 2, r4, r5, cr0
    647c:	5f00294c 	svcpl	0x0000294c
    6480:	4e454552 	mcrmi	5, 2, r4, cr5, cr2, {2}
    6484:	4e495f54 	mcrmi	15, 2, r5, cr9, cr4, {2}
    6488:	525f5449 	subspl	r5, pc, #1224736768	@ 0x49000000
    648c:	52455345 	subpl	r5, r5, #335544321	@ 0x14000001
    6490:	5f444556 	svcpl	0x00444556
    6494:	5f002032 	svcpl	0x00002032
    6498:	554e475f 	strbpl	r4, [lr, #-1887]	@ 0xfffff8a1
    649c:	52505f43 	subspl	r5, r0, #268	@ 0x10c
    64a0:	51455245 	cmppl	r5, r5, asr #4
    64a4:	6d285f5f 	stcvs	15, cr5, [r8, #-380]!	@ 0xfffffe84
    64a8:	696d2c61 	stmdbvs	sp!, {r0, r5, r6, sl, fp, sp}^
    64ac:	5f5f2029 	svcpl	0x005f2029
    64b0:	43554e47 	cmpmi	r5, #1136	@ 0x470
    64b4:	4552505f 	ldrbmi	r5, [r2, #-95]	@ 0xffffffa1
    64b8:	28514552 	ldmdacs	r1, {r1, r4, r6, r8, sl, lr}^
    64bc:	202c616d 	eorcs	r6, ip, sp, ror #2
    64c0:	0029696d 	eoreq	r6, r9, sp, ror #18
    64c4:	74735f5f 	ldrbtvc	r5, [r3], #-3935	@ 0xfffff0a1
    64c8:	676e6f72 			@ <UNDEFINED> instruction: 0x676e6f72
    64cc:	6665725f 			@ <UNDEFINED> instruction: 0x6665725f
    64d0:	6e657265 	cdpvs	2, 6, cr7, cr5, cr5, {3}
    64d4:	73286563 			@ <UNDEFINED> instruction: 0x73286563
    64d8:	612c6d79 			@ <UNDEFINED> instruction: 0x612c6d79
    64dc:	7361696c 	cmnvc	r1, #108, 18	@ 0x1b0000
    64e0:	296d7973 	stmdbcs	sp!, {r0, r1, r4, r5, r6, r8, fp, ip, sp, lr}^
    64e4:	74786520 	ldrbtvc	r6, [r8], #-1312	@ 0xfffffae0
    64e8:	206e7265 	rsbcs	r7, lr, r5, ror #4
    64ec:	79745f5f 	ldmdbvc	r4!, {r0, r1, r2, r3, r4, r6, r8, r9, sl, fp, ip, lr}^
    64f0:	666f6570 			@ <UNDEFINED> instruction: 0x666f6570
    64f4:	79732820 	ldmdbvc	r3!, {r5, fp, sp}^
    64f8:	6120296d 			@ <UNDEFINED> instruction: 0x6120296d
    64fc:	7361696c 	cmnvc	r1, #108, 18	@ 0x1b0000
    6500:	206d7973 	rsbcs	r7, sp, r3, ror r9
    6504:	74615f5f 	strbtvc	r5, [r1], #-3935	@ 0xfffff0a1
    6508:	62697274 	rsbvs	r7, r9, #116, 4	@ 0x40000007
    650c:	5f657475 	svcpl	0x00657475
    6510:	2828205f 	stmdacs	r8!, {r0, r1, r2, r3, r4, r6, sp}
    6514:	6c615f5f 	stclvs	15, cr5, [r1], #-380	@ 0xfffffe84
    6518:	5f736169 	svcpl	0x00736169
    651c:	2328205f 			@ <UNDEFINED> instruction: 0x2328205f
    6520:	296d7973 	stmdbcs	sp!, {r0, r1, r4, r5, r6, r8, fp, ip, sp, lr}^
    6524:	5f002929 	svcpl	0x00002929
    6528:	726e755f 	rsbvc	r7, lr, #398458880	@ 0x17c00000
    652c:	68636165 	stmdavs	r3!, {r0, r2, r5, r6, r8, sp, lr}^
    6530:	656c6261 	strbvs	r6, [ip, #-609]!	@ 0xfffffd9f
    6534:	5f202928 	svcpl	0x00202928
    6538:	6975625f 	ldmdbvs	r5!, {r0, r1, r2, r3, r4, r6, r9, sp, lr}^
    653c:	6e69746c 	cdpvs	4, 6, cr7, cr9, cr12, {3}
    6540:	726e755f 	rsbvc	r7, lr, #398458880	@ 0x17c00000
    6544:	68636165 	stmdavs	r3!, {r0, r2, r5, r6, r8, sp, lr}^
    6548:	656c6261 	strbvs	r6, [ip, #-609]!	@ 0xfffffd9f
    654c:	5f002928 	svcpl	0x00002928
    6550:	434f4c5f 	movtmi	r4, #64607	@ 0xfc5f
    6554:	4e495f4b 	cdpmi	15, 4, cr5, cr9, cr11, {2}
    6558:	525f5449 	subspl	r5, pc, #1224736768	@ 0x49000000
    655c:	52554345 	subspl	r4, r5, #335544321	@ 0x14000001
    6560:	45564953 	ldrbmi	r4, [r6, #-2387]	@ 0xfffff6ad
    6564:	616c6328 	cmnvs	ip, r8, lsr #6
    6568:	6c2c7373 	stcvs	3, cr7, [ip], #-460	@ 0xfffffe34
    656c:	296b636f 	stmdbcs	fp!, {r0, r1, r2, r3, r5, r6, r8, r9, sp, lr}^
    6570:	61747320 	cmnvs	r4, r0, lsr #6
    6574:	20636974 	rsbcs	r6, r3, r4, ror r9
    6578:	20746e69 	rsbscs	r6, r4, r9, ror #28
    657c:	6b636f6c 	blvs	18e2334 <vector_table-0x671dccc>
    6580:	30203d20 	eorcc	r3, r0, r0, lsr #26
    6584:	5f5f003b 	svcpl	0x005f003b
    6588:	43554e47 	cmpmi	r5, #1136	@ 0x470
    658c:	454b494c 	strbmi	r4, [fp, #-2380]	@ 0xfffff6b4
    6590:	4d53415f 	ldfmie	f4, [r3, #-380]	@ 0xfffffe84
    6594:	5f003320 	svcpl	0x00003320
    6598:	45444957 	strbmi	r4, [r4, #-2391]	@ 0xfffff6a9
    659c:	49524f5f 	ldmdbmi	r2, {r0, r1, r2, r3, r4, r6, r8, r9, sl, fp, lr}^
    65a0:	20544e45 	subscs	r4, r4, r5, asr #28
    65a4:	535f0031 	cmppl	pc, #49	@ 0x31
    65a8:	5f5f5359 	svcpl	0x005f5359
    65ac:	45505954 	ldrbmi	r5, [r0, #-2388]	@ 0xfffff6ac
    65b0:	20485f53 	subcs	r5, r8, r3, asr pc
    65b4:	41525f00 	cmpmi	r2, r0, lsl #30
    65b8:	3834444e 	ldmdacc	r4!, {r1, r2, r3, r6, sl, lr}
    65bc:	4c554d5f 	mrrcmi	13, 5, r4, r5, cr15
    65c0:	20305f54 	eorscs	r5, r0, r4, asr pc
    65c4:	65783028 	ldrbvs	r3, [r8, #-40]!	@ 0xffffffd8
    65c8:	29643636 	stmdbcs	r4!, {r1, r2, r4, r5, r9, sl, ip, sp}^
    65cc:	45525f00 	ldrbmi	r5, [r2, #-3840]	@ 0xfffff100
    65d0:	5f544e45 	svcpl	0x00544e45
    65d4:	42545643 	subsmi	r5, r4, #70254592	@ 0x4300000
    65d8:	5f284655 	svcpl	0x00284655
    65dc:	29727470 	ldmdbcs	r2!, {r4, r5, r6, sl, ip, sp, lr}^
    65e0:	5f282820 	svcpl	0x00282820
    65e4:	29727470 	ldmdbcs	r2!, {r4, r5, r6, sl, ip, sp, lr}^
    65e8:	635f3e2d 	cmpvs	pc, #720	@ 0x2d0
    65ec:	75627476 	strbvc	r7, [r2, #-1142]!	@ 0xfffffb8a
    65f0:	5f002966 	svcpl	0x00002966
    65f4:	554e475f 	strbpl	r4, [lr, #-1887]	@ 0xfffff8a1
    65f8:	4b494c43 	blmi	125970c <vector_table-0x6da68f4>
    65fc:	55425f45 	strbpl	r5, [r2, #-3909]	@ 0xfffff0bb
    6600:	49544c49 	ldmdbmi	r4, {r0, r3, r6, sl, fp, lr}^
    6604:	41565f4e 	cmpmi	r6, lr, asr #30
    6608:	53494c41 	movtpl	r4, #40001	@ 0x9c41
    660c:	00312054 	eorseq	r2, r1, r4, asr r0
    6610:	57454e5f 	smlsldpl	r4, r5, pc, lr	@ <UNPREDICTABLE>
    6614:	5f42494c 	svcpl	0x0042494c
    6618:	4f4c4c41 	svcmi	0x004c4c41
    661c:	485f4143 	ldmdami	pc, {r0, r1, r6, r8, lr}^	@ <UNPREDICTABLE>
    6620:	74730020 	ldrbtvc	r0, [r3], #-32	@ 0xffffffe0
    6624:	646f7472 	strbtvs	r7, [pc], #-1138	@ 662c <vector_table-0x7ff99d4>
    6628:	74732066 	ldrbtvc	r2, [r3], #-102	@ 0xffffff9a
    662c:	666f7472 			@ <UNDEFINED> instruction: 0x666f7472
    6630:	6e5f5f00 	cdpvs	15, 5, cr5, cr15, cr0, {0}
    6634:	5f646565 	svcpl	0x00646565
    6638:	61686377 	smcvs	34359	@ 0x8637
    663c:	20745f72 	rsbscs	r5, r4, r2, ror pc
    6640:	45445f00 	strbmi	r5, [r4, #-3840]	@ 0xfffff100
    6644:	4c554146 	ldfmie	f4, [r5], {70}	@ 0x46
    6648:	4f535f54 	svcmi	0x00535f54
    664c:	45435255 	strbmi	r5, [r3, #-597]	@ 0xfffffdab
    6650:	435f5f00 	cmpmi	pc, #0, 30
    6654:	55535f43 	ldrbpl	r5, [r3, #-3907]	@ 0xfffff0bd
    6658:	524f5050 	subpl	r5, pc, #80	@ 0x50
    665c:	575f5354 			@ <UNDEFINED> instruction: 0x575f5354
    6660:	494e5241 	stmdbmi	lr, {r0, r6, r9, ip, lr}^
    6664:	3120474e 			@ <UNDEFINED> instruction: 0x3120474e
    6668:	45525f00 	ldrbmi	r5, [r2, #-3840]	@ 0xfffff100
    666c:	5f544e45 	svcpl	0x00544e45
    6670:	43454843 	movtmi	r4, #22595	@ 0x5843
    6674:	41525f4b 	cmpmi	r2, fp, asr #30
    6678:	3834444e 	ldmdacc	r4!, {r1, r2, r3, r6, sl, lr}
    667c:	72747028 	rsbsvc	r7, r4, #40	@ 0x28
    6680:	5f002029 	svcpl	0x00002029
    6684:	636f6c5f 	cmnvs	pc, #24320	@ 0x5f00
    6688:	65725f6b 	ldrbvs	r5, [r2, #-3947]!	@ 0xfffff095
    668c:	7361656c 	cmnvc	r1, #108, 10	@ 0x1b000000
    6690:	6f6c2865 	svcvs	0x006c2865
    6694:	20296b63 	eorcs	r6, r9, r3, ror #22
    6698:	6f762828 	svcvs	0x00762828
    669c:	20296469 	eorcs	r6, r9, r9, ror #8
    66a0:	5f002930 	svcpl	0x00002930
    66a4:	7365725f 	cmnvc	r5, #-268435451	@ 0xf0000005
    66a8:	63697274 	cmnvs	r9, #116, 4	@ 0x40000007
    66ac:	72615f74 	rsbvc	r5, r1, #116, 30	@ 0x1d0
    66b0:	65722072 	ldrbvs	r2, [r2, #-114]!	@ 0xffffff8e
    66b4:	69727473 	ldmdbvs	r2!, {r0, r1, r4, r5, r6, sl, ip, sp, lr}^
    66b8:	5f007463 	svcpl	0x00007463
    66bc:	5f43435f 	svcpl	0x0043435f
    66c0:	50505553 	subspl	r5, r0, r3, asr r5
    66c4:	5354524f 	cmppl	r4, #-268435452	@ 0xf0000004
    66c8:	5241565f 	subpl	r5, r1, #99614720	@ 0x5f00000
    66cc:	43494441 	movtmi	r4, #37953	@ 0x9441
    66d0:	5858585f 	ldmdapl	r8, {r0, r1, r2, r3, r4, r6, fp, ip, lr}^
    66d4:	5f003120 	svcpl	0x00003120
    66d8:	4e454552 	mcrmi	5, 2, r4, cr5, cr2, {2}
    66dc:	4d545f54 	ldclmi	15, cr5, [r4, #-336]	@ 0xfffffeb0
    66e0:	72747028 	rsbsvc	r7, r4, #40	@ 0x28
    66e4:	26282029 	strtcs	r2, [r8], -r9, lsr #32
    66e8:	72747028 	rsbsvc	r7, r4, #40	@ 0x28
    66ec:	5f3e2d29 	svcpl	0x003e2d29
    66f0:	2e77656e 	cdpcs	5, 7, cr6, cr7, cr14, {3}
    66f4:	6565725f 	strbvs	r7, [r5, #-607]!	@ 0xfffffda1
    66f8:	5f2e746e 	svcpl	0x002e746e
    66fc:	61636f6c 	cmnvs	r3, ip, ror #30
    6700:	6d69746c 	cfstrdvs	mvd7, [r9, #-432]!	@ 0xfffffe50
    6704:	75625f65 	strbvc	r5, [r2, #-3941]!	@ 0xfffff09b
    6708:	5f002966 	svcpl	0x00002966
    670c:	636f6c5f 	cmnvs	pc, #24320	@ 0x5f00
    6710:	63615f6b 	cmnvs	r1, #428	@ 0x1ac
    6714:	72697571 	rsbvc	r7, r9, #473956352	@ 0x1c400000
    6718:	6f6c2865 	svcvs	0x006c2865
    671c:	20296b63 	eorcs	r6, r9, r3, ror #22
    6720:	6f762828 	svcvs	0x00762828
    6724:	20296469 	eorcs	r6, r9, r9, ror #8
    6728:	5f002930 	svcpl	0x00002930
    672c:	4e454552 	mcrmi	5, 2, r4, cr5, cr2, {2}
    6730:	54535f54 	ldrbpl	r5, [r3], #-3924	@ 0xfffff0ac
    6734:	54554f44 	ldrbpl	r4, [r5], #-3908	@ 0xfffff0bc
    6738:	74705f28 	ldrbtvc	r5, [r0], #-3880	@ 0xfffff0d8
    673c:	28202972 	stmdacs	r0!, {r1, r4, r5, r6, r8, fp, sp}
    6740:	74705f28 	ldrbtvc	r5, [r0], #-3880	@ 0xfffff0d8
    6744:	3e2d2972 			@ <UNDEFINED> instruction: 0x3e2d2972
    6748:	6474735f 	ldrbtvs	r7, [r4], #-863	@ 0xfffffca1
    674c:	2974756f 	ldmdbcs	r4!, {r0, r1, r2, r3, r5, r6, r8, sl, ip, sp, lr}^
    6750:	45525f00 	ldrbmi	r5, [r2, #-3840]	@ 0xfffff100
    6754:	5f544e45 	svcpl	0x00544e45
    6758:	43454843 	movtmi	r4, #22595	@ 0x5843
    675c:	45565f4b 	ldrbmi	r5, [r6, #-3915]	@ 0xfffff0b5
    6760:	59464952 	stmdbpl	r6, {r1, r4, r6, r8, fp, lr}^
    6764:	5f003120 	svcpl	0x00003120
    6768:	636f6c5f 	cmnvs	pc, #24320	@ 0x5f00
    676c:	6c62616b 	stfvse	f6, [r2], #-428	@ 0xfffffe54
    6770:	5f5f2065 	svcpl	0x005f2065
    6774:	6b636f6c 	blvs	18e252c <vector_table-0x671dad4>
    6778:	6e6e615f 	mcrvs	1, 3, r6, cr14, cr15, {2}
    677c:	7461746f 	strbtvc	r7, [r1], #-1135	@ 0xfffffb91
    6780:	6f6c2865 	svcvs	0x006c2865
    6784:	62616b63 	rsbvs	r6, r1, #101376	@ 0x18c00
    6788:	0029656c 	eoreq	r6, r9, ip, ror #10
    678c:	534f505f 	movtpl	r5, #61535	@ 0xf05f
    6790:	535f5849 	cmppl	pc, #4784128	@ 0x490000
    6794:	4352554f 	cmpmi	r2, #331350016	@ 0x13c00000
    6798:	00312045 	eorseq	r2, r1, r5, asr #32
    679c:	656e5f5f 	strbvs	r5, [lr, #-3935]!	@ 0xfffff0a1
    67a0:	775f6465 	ldrbvc	r6, [pc, -r5, ror #8]
    67a4:	5f746e69 	svcpl	0x00746e69
    67a8:	5f002074 	svcpl	0x00002074
    67ac:	6e6f6c5f 	mcrvs	12, 3, r6, cr15, cr15, {2}
    67b0:	6f645f67 	svcvs	0x00645f67
    67b4:	656c6275 	strbvs	r6, [ip, #-629]!	@ 0xfffffd8b
    67b8:	6c20745f 	cfstrsvs	mvf7, [r0], #-380	@ 0xfffffe84
    67bc:	20676e6f 	rsbcs	r6, r7, pc, ror #28
    67c0:	62756f64 	rsbsvs	r6, r5, #100, 30	@ 0x190
    67c4:	5f00656c 	svcpl	0x0000656c
    67c8:	4e454552 	mcrmi	5, 2, r4, cr5, cr2, {2}
    67cc:	43575f54 	cmpmi	r7, #84, 30	@ 0x150
    67d0:	4d4f5452 	cfstrdmi	mvd5, [pc, #-328]	@ 6690 <vector_table-0x7ff9970>
    67d4:	54535f42 	ldrbpl	r5, [r3], #-3906	@ 0xfffff0be
    67d8:	28455441 	stmdacs	r5, {r0, r6, sl, ip, lr}^
    67dc:	29727470 	ldmdbcs	r2!, {r4, r5, r6, sl, ip, sp, lr}^
    67e0:	70282820 	eorvc	r2, r8, r0, lsr #16
    67e4:	2d297274 	sfmcs	f7, 4, [r9, #-464]!	@ 0xfffffe30
    67e8:	656e5f3e 	strbvs	r5, [lr, #-3902]!	@ 0xfffff0c2
    67ec:	725f2e77 	subsvc	r2, pc, #1904	@ 0x770
    67f0:	746e6565 	strbtvc	r6, [lr], #-1381	@ 0xfffffa9b
    67f4:	63775f2e 	cmnvs	r7, #46, 30	@ 0xb8
    67f8:	6d6f7472 	cfstrdvs	mvd7, [pc, #-456]!	@ 6638 <vector_table-0x7ff99c8>
    67fc:	74735f62 	ldrbtvc	r5, [r3], #-3938	@ 0xfffff09e
    6800:	29657461 	stmdbcs	r5!, {r0, r5, r6, sl, ip, sp, lr}^
    6804:	665f5f00 	ldrbvs	r5, [pc], -r0, lsl #30
    6808:	616d726f 	cmnvs	sp, pc, ror #4
    680c:	72615f74 	rsbvc	r5, r1, #116, 30	@ 0x1d0
    6810:	6d662867 	stclvs	8, cr2, [r6, #-412]!	@ 0xfffffe64
    6814:	67726174 			@ <UNDEFINED> instruction: 0x67726174
    6818:	5f5f2029 	svcpl	0x005f2029
    681c:	72747461 	rsbsvc	r7, r4, #1627389952	@ 0x61000000
    6820:	74756269 	ldrbtvc	r6, [r5], #-617	@ 0xfffffd97
    6824:	285f5f65 	ldmdacs	pc, {r0, r2, r5, r6, r8, r9, sl, fp, ip, lr}^	@ <UNPREDICTABLE>
    6828:	665f5f28 	ldrbvs	r5, [pc], -r8, lsr #30
    682c:	616d726f 	cmnvs	sp, pc, ror #4
    6830:	72615f74 	rsbvc	r5, r1, #116, 30	@ 0x1d0
    6834:	205f5f67 	subscs	r5, pc, r7, ror #30
    6838:	746d6628 	strbtvc	r6, [sp], #-1576	@ 0xfffff9d8
    683c:	29677261 	stmdbcs	r7!, {r0, r5, r6, r9, ip, sp, lr}^
    6840:	5f002929 	svcpl	0x00002929
    6844:	6d6f635f 	stclvs	3, cr6, [pc, #-380]!	@ 66d0 <vector_table-0x7ff9930>
    6848:	656c6970 	strbvs	r6, [ip, #-2416]!	@ 0xfffff690
    684c:	656d5f72 	strbvs	r5, [sp, #-3954]!	@ 0xfffff08e
    6850:	7261626d 	rsbvc	r6, r1, #-805306362	@ 0xd0000006
    6854:	5f202928 	svcpl	0x00202928
    6858:	6d73615f 	ldfvse	f6, [r3, #-380]!	@ 0xfffffe84
    685c:	765f5f20 	ldrbvc	r5, [pc], -r0, lsr #30
    6860:	74616c6f 	strbtvc	r6, [r1], #-3183	@ 0xfffff391
    6864:	28656c69 	stmdacs	r5!, {r0, r3, r5, r6, sl, fp, sp, lr}^
    6868:	20222022 	eorcs	r2, r2, r2, lsr #32
    686c:	203a203a 	eorscs	r2, sl, sl, lsr r0
    6870:	6d22203a 	stcvs	0, cr2, [r2, #-232]!	@ 0xffffff18
    6874:	726f6d65 	rsbvc	r6, pc, #6464	@ 0x1940
    6878:	00292279 	eoreq	r2, r9, r9, ror r2
    687c:	61645f5f 	cmnvs	r4, pc, asr pc
    6880:	79746174 	ldmdbvc	r4!, {r2, r4, r5, r6, r8, sp, lr}^
    6884:	745f6570 	ldrbvc	r6, [pc], #-1392	@ 688c <vector_table-0x7ff9774>
    6888:	5f657079 	svcpl	0x00657079
    688c:	28676174 	stmdacs	r7!, {r2, r4, r5, r6, r8, sp, lr}^
    6890:	646e696b 	strbtvs	r6, [lr], #-2411	@ 0xfffff695
    6894:	7079742c 	rsbsvc	r7, r9, ip, lsr #8
    6898:	00202965 	eoreq	r2, r0, r5, ror #18
    689c:	6f6c5f5f 	svcvs	0x006c5f5f
    68a0:	745f6b63 	ldrbvc	r6, [pc], #-2915	@ 68a8 <vector_table-0x7ff9758>
    68a4:	615f7972 	cmpvs	pc, r2, ror r9	@ <UNPREDICTABLE>
    68a8:	69757163 	ldmdbvs	r5!, {r0, r1, r5, r6, r8, ip, sp, lr}^
    68ac:	725f6572 	subsvc	r6, pc, #478150656	@ 0x1c800000
    68b0:	72756365 	rsbsvc	r6, r5, #-1811939327	@ 0x94000001
    68b4:	65766973 	ldrbvs	r6, [r6, #-2419]!	@ 0xfffff68d
    68b8:	636f6c28 	cmnvs	pc, #40, 24	@ 0x2800
    68bc:	2820296b 	stmdacs	r0!, {r0, r1, r3, r5, r6, r8, fp, sp}
    68c0:	696f7628 	stmdbvs	pc!, {r3, r5, r9, sl, ip, sp, lr}^	@ <UNPREDICTABLE>
    68c4:	30202964 	eorcc	r2, r0, r4, ror #18
    68c8:	5f5f0029 	svcpl	0x005f0029
    68cc:	616c6f76 	smcvs	50934	@ 0xc6f6
    68d0:	656c6974 	strbvs	r6, [ip, #-2420]!	@ 0xfffff68c
    68d4:	6c6f7620 	stclvs	6, cr7, [pc], #-128	@ 685c <vector_table-0x7ff97a4>
    68d8:	6c697461 	cfstrdvs	mvd7, [r9], #-388	@ 0xfffffe7c
    68dc:	535f0065 	cmppl	pc, #101	@ 0x65
    68e0:	435f5359 	cmpmi	pc, #1677721601	@ 0x64000001
    68e4:	53464544 	movtpl	r4, #25924	@ 0x6544
    68e8:	205f485f 	subscs	r4, pc, pc, asr r8	@ <UNPREDICTABLE>
    68ec:	6e5f5f00 	cdpvs	15, 5, cr5, cr15, cr0, {0}
    68f0:	756e6e6f 	strbvc	r6, [lr, #-3695]!	@ 0xfffff191
    68f4:	78286c6c 	stmdavc	r8!, {r2, r3, r5, r6, sl, fp, sp, lr}
    68f8:	5f5f2029 	svcpl	0x005f2029
    68fc:	72747461 	rsbsvc	r7, r4, #1627389952	@ 0x61000000
    6900:	74756269 	ldrbtvc	r6, [r5], #-617	@ 0xfffffd97
    6904:	285f5f65 	ldmdacs	pc, {r0, r2, r5, r6, r8, r9, sl, fp, ip, lr}^	@ <UNPREDICTABLE>
    6908:	6e5f5f28 	cdpvs	15, 5, cr5, cr15, cr8, {1}
    690c:	756e6e6f 	strbvc	r6, [lr, #-3695]!	@ 0xfffff191
    6910:	5f5f6c6c 	svcpl	0x005f6c6c
    6914:	29297820 	stmdbcs	r9!, {r5, fp, ip, sp, lr}
    6918:	41525f00 	cmpmi	r2, r0, lsl #30
    691c:	3834444e 	ldmdacc	r4!, {r1, r2, r3, r6, sl, lr}
    6920:	4444415f 	strbmi	r4, [r4], #-351	@ 0xfffffea1
    6924:	78302820 	ldmdavc	r0!, {r5, fp, sp}
    6928:	62303030 	eorsvs	r3, r0, #48	@ 0x30
    692c:	58450029 	stmdapl	r5, {r0, r3, r5}^
    6930:	465f5449 	ldrbmi	r5, [pc], -r9, asr #8
    6934:	554c4941 	strbpl	r4, [ip, #-2369]	@ 0xfffff6bf
    6938:	31204552 			@ <UNDEFINED> instruction: 0x31204552
    693c:	735f5f00 	cmpvc	pc, #0, 30
    6940:	74667274 	strbtvc	r7, [r6], #-628	@ 0xfffffd8c
    6944:	6c656d69 	stclvs	13, cr6, [r5], #-420	@ 0xfffffe5c
    6948:	28656b69 	stmdacs	r5!, {r0, r3, r5, r6, r8, r9, fp, sp, lr}^
    694c:	61746d66 	cmnvs	r4, r6, ror #26
    6950:	662c6772 			@ <UNDEFINED> instruction: 0x662c6772
    6954:	74737269 	ldrbtvc	r7, [r3], #-617	@ 0xfffffd97
    6958:	61726176 	cmnvs	r2, r6, ror r1
    695c:	20296772 	eorcs	r6, r9, r2, ror r7
    6960:	74615f5f 	strbtvc	r5, [r1], #-3935	@ 0xfffff0a1
    6964:	62697274 	rsbvs	r7, r9, #116, 4	@ 0x40000007
    6968:	5f657475 	svcpl	0x00657475
    696c:	5f28285f 	svcpl	0x0028285f
    6970:	726f665f 	rsbvc	r6, pc, #99614720	@ 0x5f00000
    6974:	5f74616d 	svcpl	0x0074616d
    6978:	5f28205f 	svcpl	0x0028205f
    697c:	7274735f 	rsbsvc	r7, r4, #2080374785	@ 0x7c000001
    6980:	6d697466 	cfstrdvs	mvd7, [r9, #-408]!	@ 0xfffffe68
    6984:	2c5f5f65 	mrrccs	15, 6, r5, pc, cr5	@ <UNPREDICTABLE>
    6988:	746d6620 	strbtvc	r6, [sp], #-1568	@ 0xfffff9e0
    698c:	2c677261 	sfmcs	f7, 2, [r7], #-388	@ 0xfffffe7c
    6990:	72696620 	rsbvc	r6, r9, #32, 12	@ 0x2000000
    6994:	61767473 	cmnvs	r6, r3, ror r4
    6998:	67726172 			@ <UNDEFINED> instruction: 0x67726172
    699c:	00292929 	eoreq	r2, r9, r9, lsr #18
    69a0:	4554415f 	ldrbmi	r4, [r4, #-351]	@ 0xfffffea1
    69a4:	5f544958 	svcpl	0x00544958
    69a8:	54494e49 	strbpl	r4, [r9], #-3657	@ 0xfffff1b7
    69ac:	4e5f7b20 	vnmlsmi.f64	d23, d15, d16
    69b0:	2c4c4c55 	mcrrcs	12, 5, r4, ip, cr5
    69b4:	202c3020 	eorcs	r3, ip, r0, lsr #32
    69b8:	554e5f7b 	strbpl	r5, [lr, #-3963]	@ 0xfffff085
    69bc:	2c7d4c4c 	ldclcs	12, cr4, [sp], #-304	@ 0xfffffed0
    69c0:	5f7b7b20 	svcpl	0x007b7b20
    69c4:	4c4c554e 	cfstr64mi	mvdx5, [ip], {78}	@ 0x4e
    69c8:	7b202c7d 	blvc	811bc4 <vector_table-0x77ee43c>
    69cc:	4c554e5f 	mrrcmi	14, 5, r4, r5, cr15
    69d0:	202c7d4c 	eorcs	r7, ip, ip, asr #26
    69d4:	30202c30 	eorcc	r2, r0, r0, lsr ip
    69d8:	5f007d7d 	svcpl	0x00007d7d
    69dc:	5145445f 	cmppl	r5, pc, asr r4
    69e0:	494c4155 	stmdbmi	ip, {r0, r2, r4, r6, r8, lr}^
    69e4:	74285946 	strtvc	r5, [r8], #-2374	@ 0xfffff6ba
    69e8:	2c657079 	stclcs	0, cr7, [r5], #-484	@ 0xfffffe1c
    69ec:	29726176 	ldmdbcs	r2!, {r1, r2, r4, r5, r6, r8, sp, lr}^
    69f0:	74282820 	strtvc	r2, [r8], #-2080	@ 0xfffff7e0
    69f4:	29657079 	stmdbcs	r5!, {r0, r3, r4, r5, r6, ip, sp, lr}^
    69f8:	755f5f28 	ldrbvc	r5, [pc, #-3880]	@ 5ad8 <vector_table-0x7ffa528>
    69fc:	70746e69 	rsbsvc	r6, r4, r9, ror #28
    6a00:	745f7274 	ldrbvc	r7, [pc], #-628	@ 6a08 <vector_table-0x7ff95f8>
    6a04:	6f632829 	svcvs	0x00632829
    6a08:	2074736e 	rsbscs	r7, r4, lr, ror #6
    6a0c:	616c6f76 	smcvs	50934	@ 0xc6f6
    6a10:	656c6974 	strbvs	r6, [ip, #-2420]!	@ 0xfffff68c
    6a14:	696f7620 	stmdbvs	pc!, {r5, r9, sl, ip, sp, lr}^	@ <UNPREDICTABLE>
    6a18:	292a2064 	stmdbcs	sl!, {r2, r5, r6, sp}
    6a1c:	72617628 	rsbvc	r7, r1, #40, 12	@ 0x2800000
    6a20:	6d002929 	vstrvs.16	s4, [r0, #-82]	@ 0xffffffae	@ <UNPREDICTABLE>
    6a24:	67616e61 	strbvs	r6, [r1, -r1, ror #28]!
    6a28:	5f006465 	svcpl	0x00006465
    6a2c:	6361705f 	cmnvs	r1, #95	@ 0x5f
    6a30:	2064656b 	rsbcs	r6, r4, fp, ror #10
    6a34:	74615f5f 	strbtvc	r5, [r1], #-3935	@ 0xfffff0a1
    6a38:	62697274 	rsbvs	r7, r9, #116, 4	@ 0x40000007
    6a3c:	5f657475 	svcpl	0x00657475
    6a40:	5f28285f 	svcpl	0x0028285f
    6a44:	6361705f 	cmnvs	r1, #95	@ 0x5f
    6a48:	5f64656b 	svcpl	0x0064656b
    6a4c:	0029295f 	eoreq	r2, r9, pc, asr r9
    6a50:	4e41575f 	mcrmi	7, 2, r5, cr1, cr15, {2}
    6a54:	4f495f54 	svcmi	0x00495f54
    6a58:	4e4f4c5f 	mcrmi	12, 2, r4, cr15, cr15, {2}
    6a5c:	4f4c5f47 	svcmi	0x004c5f47
    6a60:	3120474e 			@ <UNDEFINED> instruction: 0x3120474e
    6a64:	615f5f00 	cmpvs	pc, r0, lsl #30
    6a68:	72657373 	rsbvc	r7, r5, #-872415231	@ 0xcc000001
    6a6c:	735f7374 	cmpvc	pc, #116, 6	@ 0xd0000001
    6a70:	65726168 	ldrbvs	r6, [r2, #-360]!	@ 0xfffffe98
    6a74:	2e2e2864 	cdpcs	8, 2, cr2, cr14, cr4, {3}
    6a78:	5f20292e 	svcpl	0x0020292e
    6a7c:	636f6c5f 	cmnvs	pc, #24320	@ 0x5f00
    6a80:	6e615f6b 	cdpvs	15, 6, cr5, cr1, cr11, {3}
    6a84:	61746f6e 	cmnvs	r4, lr, ror #30
    6a88:	61286574 			@ <UNDEFINED> instruction: 0x61286574
    6a8c:	72657373 	rsbvc	r7, r5, #-872415231	@ 0xcc000001
    6a90:	68735f74 	ldmdavs	r3!, {r2, r4, r5, r6, r8, r9, sl, fp, ip, lr}^
    6a94:	64657261 	strbtvs	r7, [r5], #-609	@ 0xfffffd9f
    6a98:	636f6c5f 	cmnvs	pc, #24320	@ 0x5f00
    6a9c:	5f5f286b 	svcpl	0x005f286b
    6aa0:	415f4156 	cmpmi	pc, r6, asr r1	@ <UNPREDICTABLE>
    6aa4:	5f534752 	svcpl	0x00534752
    6aa8:	0029295f 	eoreq	r2, r9, pc, asr r9
    6aac:	59535f5f 	ldmdbpl	r3, {r0, r1, r2, r3, r4, r6, r8, r9, sl, fp, ip, lr}^
    6ab0:	4f4c5f53 	svcmi	0x004c5f53
    6ab4:	485f4b43 	ldmdami	pc, {r0, r1, r6, r8, r9, fp, lr}^	@ <UNPREDICTABLE>
    6ab8:	00205f5f 	eoreq	r5, r0, pc, asr pc
    6abc:	4545525f 	strbmi	r5, [r5, #-607]	@ 0xfffffda1
    6ac0:	415f544e 	cmpmi	pc, lr, asr #8
    6ac4:	49544353 	ldmdbmi	r4, {r0, r1, r4, r6, r8, r9, lr}^
    6ac8:	535f454d 	cmppl	pc, #322961408	@ 0x13400000
    6acc:	20455a49 	subcs	r5, r5, r9, asr #20
    6ad0:	5f003632 	svcpl	0x00003632
    6ad4:	4c42444c 	cfstrdmi	mvd4, [r2], {76}	@ 0x4c
    6ad8:	5f51455f 	svcpl	0x0051455f
    6adc:	204c4244 	subcs	r4, ip, r4, asr #4
    6ae0:	505f0031 	subspl	r0, pc, r1, lsr r0	@ <UNPREDICTABLE>
    6ae4:	5849534f 	stmdapl	r9, {r0, r1, r2, r3, r6, r8, r9, ip, lr}^
    6ae8:	535f435f 	cmppl	pc, #2080374785	@ 0x7c000001
    6aec:	4352554f 	cmpmi	r2, #331350016	@ 0x13c00000
    6af0:	5f5f0045 	svcpl	0x005f0045
    6af4:	61736f6e 	cmnvs	r3, lr, ror #30
    6af8:	6974696e 	ldmdbvs	r4!, {r1, r2, r3, r5, r6, r8, fp, sp, lr}^
    6afc:	6874657a 	ldmdavs	r4!, {r1, r3, r4, r5, r6, r8, sl, sp, lr}^
    6b00:	64616572 	strbtvs	r6, [r1], #-1394	@ 0xfffffa8e
    6b04:	65640020 	strbvs	r0, [r4, #-32]!	@ 0xffffffe0
    6b08:	6f727473 	svcvs	0x00727473
    6b0c:	75645f79 	strbvc	r5, [r4, #-3961]!	@ 0xfffff087
    6b10:	6400626d 	strvs	r6, [r0], #-621	@ 0xfffffd93
    6b14:	5f706d75 	svcpl	0x00706d75
    6b18:	70616568 	rsbvc	r6, r1, r8, ror #10
    6b1c:	5f796d2f 	svcpl	0x00796d2f
    6b20:	70616568 	rsbvc	r6, r1, r8, ror #10
    6b24:	6500632e 	strvs	r6, [r0, #-814]	@ 0xfffffcd2
    6b28:	7972746e 	ldmdbvc	r2!, {r1, r2, r3, r5, r6, sl, ip, sp, lr}^
	...

Disassembly of section .comment:

00000000 <.comment>:
   0:	3a434347 	bcc	10d0d24 <vector_table-0x6f2f2dc>
   4:	35312820 	ldrcc	r2, [r1, #-2080]!	@ 0xfffff7e0
   8:	2e33313a 	mrccs	1, 1, r3, cr3, cr10, {1}
   c:	65722e32 	ldrbvs	r2, [r2, #-3634]!	@ 0xfffff1ce
  10:	322d316c 	eorcc	r3, sp, #108, 2
  14:	33312029 	teqcc	r1, #41	@ 0x29
  18:	312e322e 			@ <UNDEFINED> instruction: 0x312e322e
  1c:	32303220 	eorscc	r3, r0, #32, 4
  20:	30303133 	eorscc	r3, r0, r3, lsr r1
  24:	Address 0x24 is out of bounds.


Disassembly of section .ARM.attributes:

00000000 <.ARM.attributes>:
   0:	00002c41 	andeq	r2, r0, r1, asr #24
   4:	61656100 	cmnvs	r5, r0, lsl #2
   8:	01006962 	tsteq	r0, r2, ror #18
   c:	00000022 	andeq	r0, r0, r2, lsr #32
  10:	4d2d3705 	stcmi	7, cr3, [sp, #-20]!	@ 0xffffffec
  14:	070a0600 	streq	r0, [sl, -r0, lsl #12]
  18:	1202094d 	andne	r0, r2, #1261568	@ 0x134000
  1c:	15011404 	strne	r1, [r1, #-1028]	@ 0xfffffbfc
  20:	18031701 	stmdane	r3, {r0, r8, r9, sl, ip}
  24:	1a011901 	bne	46430 <vector_table-0x7fb9bd0>
  28:	22061e01 	andcs	r1, r6, #1, 28
  2c:	Address 0x2c is out of bounds.


Disassembly of section .debug_frame:

00000000 <.debug_frame>:
   0:	0000000c 	andeq	r0, r0, ip
   4:	ffffffff 			@ <UNDEFINED> instruction: 0xffffffff
   8:	7c020001 	stcvc	0, cr0, [r2], {1}
   c:	000d0c0e 	andeq	r0, sp, lr, lsl #24
  10:	00000024 	andeq	r0, r0, r4, lsr #32
  14:	00000000 	andeq	r0, r0, r0
  18:	08000040 	stmdaeq	r0, {r6}
  1c:	00000016 	andeq	r0, r0, r6, lsl r0
  20:	87040e41 	strhi	r0, [r4, -r1, asr #28]
  24:	180e4101 	stmdane	lr, {r0, r8, lr}
  28:	45070d41 	strmi	r0, [r7, #-3393]	@ 0xfffff2bf
  2c:	0d41040e 	cfstrdeq	mvd0, [r1, #-56]	@ 0xffffffc8
  30:	0ec7410d 	poleqs	f4, f7, #5.0
  34:	00000000 	andeq	r0, r0, r0
  38:	00000028 	andeq	r0, r0, r8, lsr #32
  3c:	00000000 	andeq	r0, r0, r0
  40:	08000056 	stmdaeq	r0, {r1, r2, r4, r6}
  44:	0000002c 	andeq	r0, r0, ip, lsr #32
  48:	84200e42 	strthi	r0, [r0], #-3650	@ 0xfffff1be
  4c:	86078508 	strhi	r8, [r7], -r8, lsl #10
  50:	88058706 	stmdahi	r5, {r1, r2, r8, r9, sl, pc}
  54:	8a038904 	bhi	e246c <vector_table-0x7f1db94>
  58:	41018b02 	tstmi	r1, r2, lsl #22
  5c:	0d41300e 	stcleq	0, cr3, [r1, #-56]	@ 0xffffffc8
  60:	00000007 	andeq	r0, r0, r7
  64:	00000028 	andeq	r0, r0, r8, lsr #32
  68:	00000000 	andeq	r0, r0, r0
  6c:	08000082 	stmdaeq	r0, {r1, r7}
  70:	0000002c 	andeq	r0, r0, ip, lsr #32
  74:	84200e42 	strthi	r0, [r0], #-3650	@ 0xfffff1be
  78:	86078508 	strhi	r8, [r7], -r8, lsl #10
  7c:	88058706 	stmdahi	r5, {r1, r2, r8, r9, sl, pc}
  80:	8a038904 	bhi	e2498 <vector_table-0x7f1db68>
  84:	41018b02 	tstmi	r1, r2, lsl #22
  88:	0d41300e 	stcleq	0, cr3, [r1, #-56]	@ 0xffffffc8
  8c:	00000007 	andeq	r0, r0, r7
  90:	00000028 	andeq	r0, r0, r8, lsr #32
  94:	00000000 	andeq	r0, r0, r0
  98:	080000ae 	stmdaeq	r0, {r1, r2, r3, r5, r7}
  9c:	00000030 	andeq	r0, r0, r0, lsr r0
  a0:	84200e42 	strthi	r0, [r0], #-3650	@ 0xfffff1be
  a4:	86078508 	strhi	r8, [r7], -r8, lsl #10
  a8:	88058706 	stmdahi	r5, {r1, r2, r8, r9, sl, pc}
  ac:	8a038904 	bhi	e24c4 <vector_table-0x7f1db3c>
  b0:	41018b02 	tstmi	r1, r2, lsl #22
  b4:	0d41300e 	stcleq	0, cr3, [r1, #-56]	@ 0xffffffc8
  b8:	00000007 	andeq	r0, r0, r7
  bc:	00000018 	andeq	r0, r0, r8, lsl r0
  c0:	00000000 	andeq	r0, r0, r0
  c4:	080000de 	stmdaeq	r0, {r1, r2, r3, r4, r6, r7}
  c8:	0000004e 	andeq	r0, r0, lr, asr #32
  cc:	87080e41 	strhi	r0, [r8, -r1, asr #28]
  d0:	41018e02 	tstmi	r1, r2, lsl #28
  d4:	0000070d 	andeq	r0, r0, sp, lsl #14
  d8:	00000018 	andeq	r0, r0, r8, lsl r0
  dc:	00000000 	andeq	r0, r0, r0
  e0:	0800012c 	stmdaeq	r0, {r2, r3, r5, r8}
  e4:	00000024 	andeq	r0, r0, r4, lsr #32
  e8:	87080e41 	strhi	r0, [r8, -r1, asr #28]
  ec:	41018e02 	tstmi	r1, r2, lsl #28
  f0:	0000070d 	andeq	r0, r0, sp, lsl #14
  f4:	0000000c 	andeq	r0, r0, ip
  f8:	ffffffff 			@ <UNDEFINED> instruction: 0xffffffff
  fc:	7c020001 	stcvc	0, cr0, [r2], {1}
 100:	000d0c0e 	andeq	r0, sp, lr, lsl #24
 104:	00000020 	andeq	r0, r0, r0, lsr #32
 108:	000000f4 	strdeq	r0, [r0], -r4
 10c:	08000150 	stmdaeq	r0, {r4, r6, r8}
 110:	00000074 	andeq	r0, r0, r4, ror r0
 114:	87080e41 	strhi	r0, [r8, -r1, asr #28]
 118:	41018e02 	tstmi	r1, r2, lsl #28
 11c:	0d41100e 	stcleq	0, cr1, [r1, #-56]	@ 0xffffffc8
 120:	080e6907 	stmdaeq	lr, {r0, r1, r2, r8, fp, sp, lr}
 124:	000d0d41 	andeq	r0, sp, r1, asr #26
 128:	00000014 	andeq	r0, r0, r4, lsl r0
 12c:	000000f4 	strdeq	r0, [r0], -r4
 130:	080001c4 	stmdaeq	r0, {r2, r6, r7, r8}
 134:	00000006 	andeq	r0, r0, r6
 138:	87040e41 	strhi	r0, [r4, -r1, asr #28]
 13c:	070d4101 	streq	r4, [sp, -r1, lsl #2]
 140:	00000018 	andeq	r0, r0, r8, lsl r0
 144:	000000f4 	strdeq	r0, [r0], -r4
 148:	080001ca 	stmdaeq	r0, {r1, r3, r6, r7, r8}
 14c:	0000000c 	andeq	r0, r0, ip
 150:	87080e41 	strhi	r0, [r8, -r1, asr #28]
 154:	41018e02 	tstmi	r1, r2, lsl #28
 158:	0000070d 	andeq	r0, r0, sp, lsl #14
 15c:	00000024 	andeq	r0, r0, r4, lsr #32
 160:	000000f4 	strdeq	r0, [r0], -r4
 164:	080001d6 	stmdaeq	r0, {r1, r2, r4, r6, r7, r8}
 168:	00000032 	andeq	r0, r0, r2, lsr r0
 16c:	87040e41 	strhi	r0, [r4, -r1, asr #28]
 170:	100e4101 	andne	r4, lr, r1, lsl #2
 174:	50070d41 	andpl	r0, r7, r1, asr #26
 178:	0d41040e 	cfstrdeq	mvd0, [r1, #-56]	@ 0xffffffc8
 17c:	0ec7410d 	poleqs	f4, f7, #5.0
 180:	00000000 	andeq	r0, r0, r0
 184:	0000001c 	andeq	r0, r0, ip, lsl r0
 188:	000000f4 	strdeq	r0, [r0], -r4
 18c:	08000208 	stmdaeq	r0, {r3, r9}
 190:	00000018 	andeq	r0, r0, r8, lsl r0
 194:	87040e41 	strhi	r0, [r4, -r1, asr #28]
 198:	070d4101 	streq	r4, [sp, -r1, lsl #2]
 19c:	410d0d46 	tstmi	sp, r6, asr #26
 1a0:	00000ec7 	andeq	r0, r0, r7, asr #29
 1a4:	0000000c 	andeq	r0, r0, ip
 1a8:	000000f4 	strdeq	r0, [r0], -r4
 1ac:	08000220 	stmdaeq	r0, {r5, r9}
 1b0:	00000034 	andeq	r0, r0, r4, lsr r0
 1b4:	0000000c 	andeq	r0, r0, ip
 1b8:	000000f4 	strdeq	r0, [r0], -r4
 1bc:	08000254 	stmdaeq	r0, {r2, r4, r6, r9}
 1c0:	00000014 	andeq	r0, r0, r4, lsl r0
 1c4:	0000000c 	andeq	r0, r0, ip
 1c8:	ffffffff 			@ <UNDEFINED> instruction: 0xffffffff
 1cc:	7c020001 	stcvc	0, cr0, [r2], {1}
 1d0:	000d0c0e 	andeq	r0, sp, lr, lsl #24
 1d4:	00000014 	andeq	r0, r0, r4, lsl r0
 1d8:	000001c4 	andeq	r0, r0, r4, asr #3
 1dc:	0800026c 	stmdaeq	r0, {r2, r3, r5, r6, r9}
 1e0:	00000008 	andeq	r0, r0, r8
 1e4:	87040e41 	strhi	r0, [r4, -r1, asr #28]
 1e8:	070d4101 	streq	r4, [sp, -r1, lsl #2]
 1ec:	00000020 	andeq	r0, r0, r0, lsr #32
 1f0:	000001c4 	andeq	r0, r0, r4, asr #3
 1f4:	08000274 	stmdaeq	r0, {r2, r4, r5, r6, r9}
 1f8:	000001ec 	andeq	r0, r0, ip, ror #3
 1fc:	87080e41 	strhi	r0, [r8, -r1, asr #28]
 200:	41018e02 	tstmi	r1, r2, lsl #28
 204:	0d41280e 	stcleq	8, cr2, [r1, #-56]	@ 0xffffffc8
 208:	0ee50207 	cdpeq	2, 14, cr0, cr5, cr7, {0}
 20c:	0d0d4108 	stfeqs	f4, [sp, #-32]	@ 0xffffffe0
 210:	0000001c 	andeq	r0, r0, ip, lsl r0
 214:	000001c4 	andeq	r0, r0, r4, asr #3
 218:	08000460 	stmdaeq	r0, {r5, r6, sl}
 21c:	0000001c 	andeq	r0, r0, ip, lsl r0
 220:	87040e41 	strhi	r0, [r4, -r1, asr #28]
 224:	070d4101 	streq	r4, [sp, -r1, lsl #2]
 228:	410d0d46 	tstmi	sp, r6, asr #26
 22c:	00000ec7 	andeq	r0, r0, r7, asr #29
 230:	00000018 	andeq	r0, r0, r8, lsl r0
 234:	000001c4 	andeq	r0, r0, r4, asr #3
 238:	0800047c 	stmdaeq	r0, {r2, r3, r4, r5, r6, sl}
 23c:	00000030 	andeq	r0, r0, r0, lsr r0
 240:	87080e41 	strhi	r0, [r8, -r1, asr #28]
 244:	41018e02 	tstmi	r1, r2, lsl #28
 248:	0000070d 	andeq	r0, r0, sp, lsl #14
 24c:	0000000c 	andeq	r0, r0, ip
 250:	ffffffff 			@ <UNDEFINED> instruction: 0xffffffff
 254:	7c020001 	stcvc	0, cr0, [r2], {1}
 258:	000d0c0e 	andeq	r0, sp, lr, lsl #24
 25c:	00000024 	andeq	r0, r0, r4, lsr #32
 260:	0000024c 	andeq	r0, r0, ip, asr #4
 264:	080004ac 	stmdaeq	r0, {r2, r3, r5, r7, sl}
 268:	0000002a 	andeq	r0, r0, sl, lsr #32
 26c:	87040e41 	strhi	r0, [r4, -r1, asr #28]
 270:	100e4101 	andne	r4, lr, r1, lsl #2
 274:	4f070d41 	svcmi	0x00070d41
 278:	0d41040e 	cfstrdeq	mvd0, [r1, #-56]	@ 0xffffffc8
 27c:	0ec7410d 	poleqs	f4, f7, #5.0
 280:	00000000 	andeq	r0, r0, r0
 284:	00000024 	andeq	r0, r0, r4, lsr #32
 288:	0000024c 	andeq	r0, r0, ip, asr #4
 28c:	080004d6 	stmdaeq	r0, {r1, r2, r4, r6, r7, sl}
 290:	00000060 	andeq	r0, r0, r0, rrx
 294:	87040e41 	strhi	r0, [r4, -r1, asr #28]
 298:	180e4101 	stmdane	lr, {r0, r8, lr}
 29c:	6a070d41 	bvs	1c37a8 <vector_table-0x7e3c858>
 2a0:	0d41040e 	cfstrdeq	mvd0, [r1, #-56]	@ 0xffffffc8
 2a4:	0ec7410d 	poleqs	f4, f7, #5.0
 2a8:	00000000 	andeq	r0, r0, r0
